key,aspect,question,verdict
harness/apply.py::__init__::72,apply-gate,asp__gate_decisions_recorded,0.31
harness/apply.py::__init__::72,apply-gate,asp__apply_fail_closed,0.5
harness/apply.py::_enforce_roots::112,apply-gate,asp__gate_decisions_recorded,0.34
harness/apply.py::_enforce_roots::112,apply-gate,asp__apply_fail_closed,0.85
harness/apply.py::_gated_runner::374,apply-gate,asp__gate_decisions_recorded,0.13
harness/apply.py::_gated_runner::374,apply-gate,asp__apply_fail_closed,0.53
harness/apply.py::_prepare::194,apply-gate,asp__gate_decisions_recorded,0.3
harness/apply.py::_prepare::194,apply-gate,asp__apply_fail_closed,0.87
harness/apply.py::_route_pool::158,apply-gate,asp__gate_decisions_recorded,0.14
harness/apply.py::_route_pool::158,apply-gate,asp__apply_fail_closed,0.67
harness/apply.py::_step_primary_for_trust::129,apply-gate,asp__gate_decisions_recorded,0.86
harness/apply.py::_step_primary_for_trust::129,apply-gate,asp__apply_fail_closed,0.51
harness/apply.py::apply_batch::398,apply-gate,asp__gate_decisions_recorded,0.22
harness/apply.py::apply_batch::398,apply-gate,asp__apply_fail_closed,0.4
harness/apply.py::apply_edit::175,apply-gate,asp__gate_decisions_recorded,0.24
harness/apply.py::apply_edit::175,apply-gate,asp__apply_fail_closed,0.57
harness/apply_gate.py::__init__::137,apply-gate,asp__gate_decisions_recorded,0.1
harness/apply_gate.py::__init__::137,apply-gate,asp__apply_fail_closed,0.39
harness/apply_gate.py::apply_candidate::193,apply-gate,asp__gate_decisions_recorded,0.78
harness/apply_gate.py::apply_candidate::193,apply-gate,asp__apply_fail_closed,0.84
harness/apply_gate.py::authorize_proposed_diff::22,apply-gate,asp__gate_decisions_recorded,0.37
harness/apply_gate.py::authorize_proposed_diff::22,apply-gate,asp__apply_fail_closed,0.9
harness/apply_gate.py::finish_escalation::307,apply-gate,asp__gate_decisions_recorded,0.52
harness/apply_gate.py::finish_escalation::307,apply-gate,asp__apply_fail_closed,0.42
harness/apply_gate.py::preview::218,apply-gate,asp__gate_decisions_recorded,0.24
harness/apply_gate.py::preview::218,apply-gate,asp__apply_fail_closed,0.77
harness/apply_gate.py::run_gate::187,apply-gate,asp__gate_decisions_recorded,0.11
harness/apply_gate.py::run_gate::187,apply-gate,asp__apply_fail_closed,0.55
harness/apply_gate.py::runner::148,apply-gate,asp__gate_decisions_recorded,0.14
harness/apply_gate.py::runner::148,apply-gate,asp__apply_fail_closed,0.56
harness/apply_gate.py::terminal_failure::341,apply-gate,asp__gate_decisions_recorded,0.95
harness/apply_gate.py::terminal_failure::341,apply-gate,asp__apply_fail_closed,0.86
harness/apply_gate.py::write_and_verify::235,apply-gate,asp__gate_decisions_recorded,0.76
harness/apply_gate.py::write_and_verify::235,apply-gate,asp__apply_fail_closed,0.6
harness/apply_gate.py::write_candidate::152,apply-gate,asp__gate_decisions_recorded,0.21
harness/apply_gate.py::write_candidate::152,apply-gate,asp__apply_fail_closed,0.71
harness/apply_policy.py::_apply_edit::88,apply-gate,asp__gate_decisions_recorded,0.46
harness/apply_policy.py::_apply_edit::88,apply-gate,asp__apply_fail_closed,0.79
harness/apply_policy.py::_attach_envelopes::41,apply-gate,asp__gate_decisions_recorded,0.17
harness/apply_policy.py::_attach_envelopes::41,apply-gate,asp__apply_fail_closed,0.29
harness/apply_policy.py::_attempt_round::305,apply-gate,asp__gate_decisions_recorded,0.27
harness/apply_policy.py::_attempt_round::305,apply-gate,asp__apply_fail_closed,0.72
harness/apply_policy.py::_candidate_models::286,apply-gate,asp__gate_decisions_recorded,0.14
harness/apply_policy.py::_candidate_models::286,apply-gate,asp__apply_fail_closed,0.4
harness/apply_policy.py::_capability_deferral::488,apply-gate,asp__gate_decisions_recorded,0.92
harness/apply_policy.py::_capability_deferral::488,apply-gate,asp__apply_fail_closed,0.88
harness/apply_policy.py::_escalate::539,apply-gate,asp__gate_decisions_recorded,0.35
harness/apply_policy.py::_escalate::539,apply-gate,asp__apply_fail_closed,0.56
harness/apply_policy.py::_initial_consent::177,apply-gate,asp__gate_decisions_recorded,0.37
harness/apply_policy.py::_initial_consent::177,apply-gate,asp__apply_fail_closed,0.85
harness/apply_policy.py::_merge_or_extract::523,apply-gate,asp__gate_decisions_recorded,0.86
harness/apply_policy.py::_merge_or_extract::523,apply-gate,asp__apply_fail_closed,0.91
harness/apply_policy.py::_note_model_health::275,apply-gate,asp__gate_decisions_recorded,0.18
harness/apply_policy.py::_note_model_health::275,apply-gate,asp__apply_fail_closed,0.31
harness/apply_policy.py::_readiness_deferral::470,apply-gate,asp__gate_decisions_recorded,0.96
harness/apply_policy.py::_readiness_deferral::470,apply-gate,asp__apply_fail_closed,0.24
harness/apply_policy.py::_record_billable::54,apply-gate,asp__gate_decisions_recorded,0.55
harness/apply_policy.py::_record_billable::54,apply-gate,asp__apply_fail_closed,0.66
harness/apply_policy.py::_renew_consent::197,apply-gate,asp__gate_decisions_recorded,0.91
harness/apply_policy.py::_renew_consent::197,apply-gate,asp__apply_fail_closed,0.72
harness/apply_policy.py::_round_context::238,apply-gate,asp__gate_decisions_recorded,0.9
harness/apply_policy.py::_round_context::238,apply-gate,asp__apply_fail_closed,0.51
harness/apply_policy.py::base_prompt_fn::593,apply-gate,asp__gate_decisions_recorded,0.16
harness/apply_policy.py::base_prompt_fn::593,apply-gate,asp__apply_fail_closed,0.56
harness/apply_policy.py::finish_fn::607,apply-gate,asp__gate_decisions_recorded,0.35
harness/apply_policy.py::finish_fn::607,apply-gate,asp__apply_fail_closed,0.65
harness/batch.py::_worker::93,apply-gate,asp__gate_decisions_recorded,0.11
harness/batch.py::_worker::93,apply-gate,asp__apply_fail_closed,0.41
harness/batch.py::run_batch::49,apply-gate,asp__gate_decisions_recorded,0.2
harness/batch.py::run_batch::49,apply-gate,asp__apply_fail_closed,0.42
harness/bench.py::__init__::102,apply-gate,asp__gate_decisions_recorded,0.39
harness/bench.py::__init__::102,apply-gate,asp__apply_fail_closed,0.84
harness/bench.py::_cwd_runner::155,apply-gate,asp__gate_decisions_recorded,0.08
harness/bench.py::_cwd_runner::155,apply-gate,asp__apply_fail_closed,0.48
harness/bench.py::_load_json_file::36,apply-gate,asp__gate_decisions_recorded,0.08
harness/bench.py::_load_json_file::36,apply-gate,asp__apply_fail_closed,0.8
harness/bench.py::load_manifest::47,apply-gate,asp__gate_decisions_recorded,0.08
harness/bench.py::load_manifest::47,apply-gate,asp__apply_fail_closed,0.52
harness/bench.py::restore::123,apply-gate,asp__gate_decisions_recorded,0.26
harness/bench.py::restore::123,apply-gate,asp__apply_fail_closed,0.61
harness/bench.py::run_bench::162,apply-gate,asp__gate_decisions_recorded,0.23
harness/bench.py::run_bench::162,apply-gate,asp__apply_fail_closed,0.46
harness/bench.py::runner::157,apply-gate,asp__gate_decisions_recorded,0.08
harness/bench.py::runner::157,apply-gate,asp__apply_fail_closed,0.52
harness/bench.py::summarize::220,apply-gate,asp__gate_decisions_recorded,0.07
harness/bench.py::summarize::220,apply-gate,asp__apply_fail_closed,0.42
harness/benchmark_ingest.py::_normalize_benchmark::74,apply-gate,asp__gate_decisions_recorded,0.07
harness/benchmark_ingest.py::_normalize_benchmark::74,apply-gate,asp__apply_fail_closed,0.23
harness/benchmark_ingest.py::benchmarks_by_model::95,apply-gate,asp__gate_decisions_recorded,0.07
harness/benchmark_ingest.py::benchmarks_by_model::95,apply-gate,asp__apply_fail_closed,0.38
harness/benchmark_ingest.py::fetch_benchmarks::30,apply-gate,asp__gate_decisions_recorded,0.16
harness/benchmark_ingest.py::fetch_benchmarks::30,apply-gate,asp__apply_fail_closed,0.83
driver_core/cli.py::_grant_for::83,cli-contracts,asp__cli_args_validated,0.52
driver_core/cli.py::_grant_for::83,cli-contracts,asp__cli_output_stable,0.46
driver_core/cli.py::_print::38,cli-contracts,asp__cli_args_validated,0.12
driver_core/cli.py::_print::38,cli-contracts,asp__cli_output_stable,0.45
driver_core/cli.py::build_parser::193,cli-contracts,asp__cli_args_validated,0.23
driver_core/cli.py::build_parser::193,cli-contracts,asp__cli_output_stable,0.6
driver_core/cli.py::cmd_health::44,cli-contracts,asp__cli_args_validated,0.16
driver_core/cli.py::cmd_health::44,cli-contracts,asp__cli_output_stable,0.33
driver_core/cli.py::cmd_schema::71,cli-contracts,asp__cli_args_validated,0.13
driver_core/cli.py::cmd_schema::71,cli-contracts,asp__cli_output_stable,0.33
driver_core/cli.py::cmd_serve::162,cli-contracts,asp__cli_args_validated,0.11
driver_core/cli.py::cmd_serve::162,cli-contracts,asp__cli_output_stable,0.47
driver_core/cli.py::cmd_step::112,cli-contracts,asp__cli_args_validated,0.14
driver_core/cli.py::cmd_step::112,cli-contracts,asp__cli_output_stable,0.56
driver_core/cli.py::cmd_verify::148,cli-contracts,asp__cli_args_validated,0.15
driver_core/cli.py::cmd_verify::148,cli-contracts,asp__cli_output_stable,0.39
driver_core/cli.py::cmd_vocabulary::61,cli-contracts,asp__cli_args_validated,0.12
driver_core/cli.py::cmd_vocabulary::61,cli-contracts,asp__cli_output_stable,0.3
driver_core/cli.py::main::245,cli-contracts,asp__cli_args_validated,0.25
driver_core/cli.py::main::245,cli-contracts,asp__cli_output_stable,0.83
harness/cli.py::_batch_options::399,cli-contracts,asp__cli_args_validated,0.12
harness/cli.py::_batch_options::399,cli-contracts,asp__cli_output_stable,0.55
harness/cli.py::_capabilities_payload::998,cli-contracts,asp__cli_args_validated,0.12
harness/cli.py::_capabilities_payload::998,cli-contracts,asp__cli_output_stable,0.33
harness/cli.py::_cmd_apply::419,cli-contracts,asp__cli_args_validated,0.22
harness/cli.py::_cmd_apply::419,cli-contracts,asp__cli_output_stable,0.5
harness/cli.py::_cmd_bench::707,cli-contracts,asp__cli_args_validated,0.11
harness/cli.py::_cmd_bench::707,cli-contracts,asp__cli_output_stable,0.5
harness/cli.py::_cmd_brief::342,cli-contracts,asp__cli_args_validated,0.15
harness/cli.py::_cmd_brief::342,cli-contracts,asp__cli_output_stable,0.32
harness/cli.py::_cmd_capabilities::971,cli-contracts,asp__cli_args_validated,0.16
harness/cli.py::_cmd_capabilities::971,cli-contracts,asp__cli_output_stable,0.41
harness/cli.py::_cmd_continue::445,cli-contracts,asp__cli_args_validated,0.22
harness/cli.py::_cmd_continue::445,cli-contracts,asp__cli_output_stable,0.4
harness/cli.py::_cmd_cost::775,cli-contracts,asp__cli_args_validated,0.12
harness/cli.py::_cmd_cost::775,cli-contracts,asp__cli_output_stable,0.32
harness/cli.py::_cmd_defer::470,cli-contracts,asp__cli_args_validated,0.13
harness/cli.py::_cmd_defer::470,cli-contracts,asp__cli_output_stable,0.5
harness/cli.py::_cmd_dogfood::227,cli-contracts,asp__cli_args_validated,0.32
harness/cli.py::_cmd_dogfood::227,cli-contracts,asp__cli_output_stable,0.55
harness/cli.py::_cmd_economics::932,cli-contracts,asp__cli_args_validated,0.27
harness/cli.py::_cmd_economics::932,cli-contracts,asp__cli_output_stable,0.48
harness/cli.py::_cmd_gates::1252,cli-contracts,asp__cli_args_validated,0.17
harness/cli.py::_cmd_gates::1252,cli-contracts,asp__cli_output_stable,0.55
harness/cli.py::_cmd_issue_sort::478,cli-contracts,asp__cli_args_validated,0.18
harness/cli.py::_cmd_issue_sort::478,cli-contracts,asp__cli_output_stable,0.32
harness/cli.py::_cmd_jev_freeze::1452,cli-contracts,asp__cli_args_validated,0.11
harness/cli.py::_cmd_jev_freeze::1452,cli-contracts,asp__cli_output_stable,0.49
harness/cli.py::_cmd_jev_phase::1349,cli-contracts,asp__cli_args_validated,0.21
harness/cli.py::_cmd_jev_phase::1349,cli-contracts,asp__cli_output_stable,0.55
harness/cli.py::_cmd_jev_vision_assessment::1410,cli-contracts,asp__cli_args_validated,0.3
harness/cli.py::_cmd_jev_vision_assessment::1410,cli-contracts,asp__cli_output_stable,0.56
harness/cli.py::_cmd_ledger::677,cli-contracts,asp__cli_args_validated,0.27
harness/cli.py::_cmd_ledger::677,cli-contracts,asp__cli_output_stable,0.65
harness/cli.py::_cmd_lint_claims::378,cli-contracts,asp__cli_args_validated,0.14
harness/cli.py::_cmd_lint_claims::378,cli-contracts,asp__cli_output_stable,0.41
harness/cli.py::_cmd_log_judgment::508,cli-contracts,asp__cli_args_validated,0.19
harness/cli.py::_cmd_log_judgment::508,cli-contracts,asp__cli_output_stable,0.69
harness/cli.py::_cmd_mission::833,cli-contracts,asp__cli_args_validated,0.08
harness/cli.py::_cmd_mission::833,cli-contracts,asp__cli_output_stable,0.34
harness/cli.py::_cmd_models::729,cli-contracts,asp__cli_args_validated,0.26
harness/cli.py::_cmd_models::729,cli-contracts,asp__cli_output_stable,0.38
harness/cli.py::_cmd_offer::458,cli-contracts,asp__cli_args_validated,0.12
harness/cli.py::_cmd_offer::458,cli-contracts,asp__cli_output_stable,0.31
harness/cli.py::_cmd_plan::1067,cli-contracts,asp__cli_args_validated,0.11
harness/cli.py::_cmd_plan::1067,cli-contracts,asp__cli_output_stable,0.43
harness/cli.py::_cmd_rankings::917,cli-contracts,asp__cli_args_validated,0.2
harness/cli.py::_cmd_rankings::917,cli-contracts,asp__cli_output_stable,0.35
harness/cli.py::_cmd_repo_summary::617,cli-contracts,asp__cli_args_validated,0.18
harness/cli.py::_cmd_repo_summary::617,cli-contracts,asp__cli_output_stable,0.58
harness/cli.py::_cmd_route::544,cli-contracts,asp__cli_args_validated,0.23
harness/cli.py::_cmd_route::544,cli-contracts,asp__cli_output_stable,0.59
harness/cli.py::_cmd_site_export::656,cli-contracts,asp__cli_args_validated,0.19
harness/cli.py::_cmd_site_export::656,cli-contracts,asp__cli_output_stable,0.49
harness/cli.py::_cmd_spend::760,cli-contracts,asp__cli_args_validated,0.15
harness/cli.py::_cmd_spend::760,cli-contracts,asp__cli_output_stable,0.31
harness/cli.py::_cmd_trust::908,cli-contracts,asp__cli_args_validated,0.18
harness/cli.py::_cmd_trust::908,cli-contracts,asp__cli_output_stable,0.41
harness/cli.py::_cmd_verify::173,cli-contracts,asp__cli_args_validated,0.43
harness/cli.py::_cmd_verify::173,cli-contracts,asp__cli_output_stable,0.66
harness/cli.py::_flushes_fallbacks::1518,cli-contracts,asp__cli_args_validated,0.13
harness/cli.py::_flushes_fallbacks::1518,cli-contracts,asp__cli_output_stable,0.36
harness/cli.py::_p::742,cli-contracts,asp__cli_args_validated,0.18
harness/cli.py::_p::742,cli-contracts,asp__cli_output_stable,0.78
harness/cli.py::_plan_compose::1009,cli-contracts,asp__cli_args_validated,0.11
harness/cli.py::_plan_compose::1009,cli-contracts,asp__cli_output_stable,0.34
harness/cli.py::_print_jev_phase_result::1317,cli-contracts,asp__cli_args_validated,0.12
harness/cli.py::_print_jev_phase_result::1317,cli-contracts,asp__cli_output_stable,0.45
harness/cli.py::_read_json::134,cli-contracts,asp__cli_args_validated,0.15
harness/cli.py::_read_json::134,cli-contracts,asp__cli_output_stable,0.8
harness/cli.py::_read_text::125,cli-contracts,asp__cli_args_validated,0.11
harness/cli.py::_read_text::125,cli-contracts,asp__cli_output_stable,0.45
harness/cli.py::_repo_summary_policy_factory::580,cli-contracts,asp__cli_args_validated,0.22
harness/cli.py::_repo_summary_policy_factory::580,cli-contracts,asp__cli_output_stable,0.62
harness/cli.py::_resolve_hourglass::1060,cli-contracts,asp__cli_args_validated,0.15
harness/cli.py::_resolve_hourglass::1060,cli-contracts,asp__cli_output_stable,0.48
harness/cli.py::_run_claims_verify::147,cli-contracts,asp__cli_args_validated,0.1
harness/cli.py::_run_claims_verify::147,cli-contracts,asp__cli_output_stable,0.38
harness/cli.py::_run_meta::167,cli-contracts,asp__cli_args_validated,0.11
harness/cli.py::_run_meta::167,cli-contracts,asp__cli_output_stable,0.45
harness/cli.py::_run_mission_driver::809,cli-contracts,asp__cli_args_validated,0.12
harness/cli.py::_run_mission_driver::809,cli-contracts,asp__cli_output_stable,0.52
harness/cli.py::_split_opt_list::120,cli-contracts,asp__cli_args_validated,0.15
harness/cli.py::_split_opt_list::120,cli-contracts,asp__cli_output_stable,0.79
harness/cli.py::_write_jev_phase_out::1307,cli-contracts,asp__cli_args_validated,0.12
harness/cli.py::_write_jev_phase_out::1307,cli-contracts,asp__cli_output_stable,0.44
harness/cli.py::main::1530,cli-contracts,asp__cli_args_validated,0.19
harness/cli.py::main::1530,cli-contracts,asp__cli_output_stable,0.49
harness/cli.py::make_policy::593,cli-contracts,asp__cli_args_validated,0.12
harness/cli.py::make_policy::593,cli-contracts,asp__cli_output_stable,0.45
harness/cli.py::on_phase::293,cli-contracts,asp__cli_args_validated,0.1
harness/cli.py::on_phase::293,cli-contracts,asp__cli_output_stable,0.43
harness/cli.py::on_stage_done::1157,cli-contracts,asp__cli_args_validated,0.14
harness/cli.py::on_stage_done::1157,cli-contracts,asp__cli_output_stable,0.55
harness/cli.py::wrapper::1521,cli-contracts,asp__cli_args_validated,0.11
harness/cli.py::wrapper::1521,cli-contracts,asp__cli_output_stable,0.27
harness/cli_parser.py::_add_engine_flags::11,cli-contracts,asp__cli_args_validated,0.14
harness/cli_parser.py::_add_engine_flags::11,cli-contracts,asp__cli_output_stable,0.69
harness/cli_parser.py::_add_output_flags::61,cli-contracts,asp__cli_args_validated,0.13
harness/cli_parser.py::_add_output_flags::61,cli-contracts,asp__cli_output_stable,0.54
harness/cli_parser.py::build_parser::76,cli-contracts,asp__cli_args_validated,0.24
harness/cli_parser.py::build_parser::76,cli-contracts,asp__cli_output_stable,0.54
harness/cli_report.py::_emit::20,cli-contracts,asp__cli_args_validated,0.14
harness/cli_report.py::_emit::20,cli-contracts,asp__cli_output_stable,0.6
harness/cli_report.py::_emit_by_status::42,cli-contracts,asp__cli_args_validated,0.13
harness/cli_report.py::_emit_by_status::42,cli-contracts,asp__cli_output_stable,0.54
harness/cli_report.py::_print_capabilities_table::60,cli-contracts,asp__cli_args_validated,0.15
harness/cli_report.py::_print_capabilities_table::60,cli-contracts,asp__cli_output_stable,0.42
harness/cli_report.py::_print_cost_table::84,cli-contracts,asp__cli_args_validated,0.11
harness/cli_report.py::_print_cost_table::84,cli-contracts,asp__cli_output_stable,0.6
driver_core/policy.py::__bool__::136,consent,asp__consent_probed,0.42
driver_core/policy.py::__bool__::136,consent,asp__consent_fail_closed,0.78
driver_core/policy.py::__init__::123,consent,asp__consent_probed,0.1
driver_core/policy.py::__init__::123,consent,asp__consent_fail_closed,0.31
driver_core/policy.py::__repr__::139,consent,asp__consent_probed,0.17
driver_core/policy.py::__repr__::139,consent,asp__consent_fail_closed,0.47
driver_core/policy.py::check_agreement::40,consent,asp__consent_probed,0.77
driver_core/policy.py::check_agreement::40,consent,asp__consent_fail_closed,0.78
driver_core/policy.py::check_decision::78,consent,asp__consent_probed,0.22
driver_core/policy.py::check_decision::78,consent,asp__consent_fail_closed,0.42
driver_core/policy.py::passed::129,consent,asp__consent_probed,0.2
driver_core/policy.py::passed::129,consent,asp__consent_fail_closed,0.61
driver_core/policy.py::require_agreement::143,consent,asp__consent_probed,0.71
driver_core/policy.py::require_agreement::143,consent,asp__consent_fail_closed,0.95
driver_core/policy.py::require_decision::150,consent,asp__consent_probed,0.6
driver_core/policy.py::require_decision::150,consent,asp__consent_fail_closed,0.93
driver_core/policy.py::to_dict::132,consent,asp__consent_probed,0.08
driver_core/policy.py::to_dict::132,consent,asp__consent_fail_closed,0.35
harness/consent.py::_take::221,consent,asp__consent_probed,0.54
harness/consent.py::_take::221,consent,asp__consent_fail_closed,0.55
harness/consent.py::check_consent_staleness::50,consent,asp__consent_probed,0.68
harness/consent.py::check_consent_staleness::50,consent,asp__consent_fail_closed,0.45
harness/consent.py::consent_preview::128,consent,asp__consent_probed,0.45
harness/consent.py::consent_preview::128,consent,asp__consent_fail_closed,0.25
harness/consent.py::consent_renew::395,consent,asp__consent_probed,0.94
harness/consent.py::consent_renew::395,consent,asp__consent_fail_closed,0.75
harness/consent.py::probe_consent::153,consent,asp__consent_probed,0.92
harness/consent.py::probe_consent::153,consent,asp__consent_fail_closed,0.88
driver_core/states.py::resolve_wire_target::127,dag-workflow,asp__dag_validated,0.14
harness/dag.py::__post_init__::83,dag-workflow,asp__dag_validated,0.49
harness/dag.py::_parse_json_object::213,dag-workflow,asp__dag_validated,0.19
harness/dag.py::_waist_window_request::241,dag-workflow,asp__dag_validated,0.2
harness/dag.py::build_decomposition_prompt::209,dag-workflow,asp__dag_validated,0.16
harness/dag.py::build_waist_prompt::237,dag-workflow,asp__dag_validated,0.18
harness/dag.py::decompose_via_llm::225,dag-workflow,asp__dag_validated,0.19
harness/dag.py::from_dict::178,dag-workflow,asp__dag_validated,0.09
harness/dag.py::from_dict::43,dag-workflow,asp__dag_validated,0.05
harness/dag.py::from_json::196,dag-workflow,asp__dag_validated,0.2
harness/dag.py::heuristic_decompose_goal::221,dag-workflow,asp__dag_validated,0.17
harness/dag.py::node_apply_kwargs::233,dag-workflow,asp__dag_validated,0.18
harness/dag.py::parse_decomposition_response::217,dag-workflow,asp__dag_validated,0.17
harness/dag.py::parse_waist_verdict::245,dag-workflow,asp__dag_validated,0.17
harness/dag.py::plan_task::229,dag-workflow,asp__dag_validated,0.24
harness/dag.py::ready_nodes::163,dag-workflow,asp__dag_validated,0.15
harness/dag.py::to_dict::172,dag-workflow,asp__dag_validated,0.23
harness/dag.py::to_dict::31,dag-workflow,asp__dag_validated,0.13
harness/dag.py::to_json::192,dag-workflow,asp__dag_validated,0.14
harness/dag.py::topological_batches::124,dag-workflow,asp__dag_validated,0.21
harness/dag.py::topological_order::156,dag-workflow,asp__dag_validated,0.23
harness/dag.py::validate::86,dag-workflow,asp__dag_validated,0.91
driver_core/actions.py::__init__::194,driver-orchestration,asp__lifecycle_complete,0.04
driver_core/actions.py::__init__::194,driver-orchestration,asp__cancellation_propagates,0.12
driver_core/actions.py::__init__::50,driver-orchestration,asp__lifecycle_complete,0.04
driver_core/actions.py::__init__::50,driver-orchestration,asp__cancellation_propagates,0.15
driver_core/actions.py::__len__::241,driver-orchestration,asp__lifecycle_complete,0.06
driver_core/actions.py::__len__::241,driver-orchestration,asp__cancellation_propagates,0.19
driver_core/actions.py::__repr__::126,driver-orchestration,asp__lifecycle_complete,0.07
driver_core/actions.py::__repr__::126,driver-orchestration,asp__cancellation_propagates,0.24
driver_core/actions.py::__repr__::244,driver-orchestration,asp__lifecycle_complete,0.06
driver_core/actions.py::__repr__::244,driver-orchestration,asp__cancellation_propagates,0.23
driver_core/actions.py::_declare::130,driver-orchestration,asp__lifecycle_complete,0.08
driver_core/actions.py::_declare::130,driver-orchestration,asp__cancellation_propagates,0.22
driver_core/actions.py::actions::223,driver-orchestration,asp__lifecycle_complete,0.07
driver_core/actions.py::actions::223,driver-orchestration,asp__cancellation_propagates,0.25
driver_core/actions.py::check_batch::253,driver-orchestration,asp__lifecycle_complete,0.06
driver_core/actions.py::check_batch::253,driver-orchestration,asp__cancellation_propagates,0.15
driver_core/actions.py::check_params::93,driver-orchestration,asp__cancellation_propagates,0.15
driver_core/actions.py::check_params::93,driver-orchestration,asp__lifecycle_complete,0.06
driver_core/actions.py::identity::238,driver-orchestration,asp__lifecycle_complete,0.05
driver_core/actions.py::identity::238,driver-orchestration,asp__cancellation_propagates,0.2
driver_core/actions.py::names::220,driver-orchestration,asp__lifecycle_complete,0.06
driver_core/actions.py::names::220,driver-orchestration,asp__cancellation_propagates,0.22
driver_core/actions.py::of_class::227,driver-orchestration,asp__lifecycle_complete,0.07
driver_core/actions.py::of_class::227,driver-orchestration,asp__cancellation_propagates,0.17
driver_core/actions.py::requires_consent::84,driver-orchestration,asp__lifecycle_complete,0.09
driver_core/actions.py::requires_consent::84,driver-orchestration,asp__cancellation_propagates,0.23
driver_core/actions.py::requires_human_confirmation::89,driver-orchestration,asp__lifecycle_complete,0.12
driver_core/actions.py::requires_human_confirmation::89,driver-orchestration,asp__cancellation_propagates,0.24
driver_core/actions.py::resolve::205,driver-orchestration,asp__lifecycle_complete,0.07
driver_core/actions.py::resolve::205,driver-orchestration,asp__cancellation_propagates,0.16
driver_core/actions.py::severity::80,driver-orchestration,asp__lifecycle_complete,0.11
driver_core/actions.py::severity::80,driver-orchestration,asp__cancellation_propagates,0.23
driver_core/actions.py::to_dict::115,driver-orchestration,asp__lifecycle_complete,0.06
driver_core/actions.py::to_dict::115,driver-orchestration,asp__cancellation_propagates,0.2
driver_core/actions.py::to_dict::231,driver-orchestration,asp__lifecycle_complete,0.07
driver_core/actions.py::to_dict::231,driver-orchestration,asp__cancellation_propagates,0.22
driver_core/chain.py::select_capture::65,driver-orchestration,asp__lifecycle_complete,0.11
driver_core/chain.py::select_capture::65,driver-orchestration,asp__cancellation_propagates,0.19
driver_core/consensus.py::__init__::118,driver-orchestration,asp__lifecycle_complete,0.06
driver_core/consensus.py::__init__::118,driver-orchestration,asp__cancellation_propagates,0.16
driver_core/consensus.py::__init__::174,driver-orchestration,asp__lifecycle_complete,0.08
driver_core/consensus.py::__init__::174,driver-orchestration,asp__cancellation_propagates,0.15
driver_core/consensus.py::__init__::64,driver-orchestration,asp__lifecycle_complete,0.14
driver_core/consensus.py::__init__::64,driver-orchestration,asp__cancellation_propagates,0.12
driver_core/consensus.py::__repr__::108,driver-orchestration,asp__lifecycle_complete,0.07
driver_core/consensus.py::__repr__::108,driver-orchestration,asp__cancellation_propagates,0.28
driver_core/consensus.py::__repr__::157,driver-orchestration,asp__lifecycle_complete,0.07
driver_core/consensus.py::__repr__::157,driver-orchestration,asp__cancellation_propagates,0.29
driver_core/consensus.py::__repr__::253,driver-orchestration,asp__lifecycle_complete,0.1
driver_core/consensus.py::__repr__::253,driver-orchestration,asp__cancellation_propagates,0.25
driver_core/consensus.py::agreed_fields::193,driver-orchestration,asp__lifecycle_complete,0.08
driver_core/consensus.py::agreed_fields::193,driver-orchestration,asp__cancellation_propagates,0.21
driver_core/consensus.py::contested_fields::197,driver-orchestration,asp__lifecycle_complete,0.08
driver_core/consensus.py::contested_fields::197,driver-orchestration,asp__cancellation_propagates,0.25
driver_core/consensus.py::error::99,driver-orchestration,asp__lifecycle_complete,0.15
driver_core/consensus.py::error::99,driver-orchestration,asp__cancellation_propagates,0.21
driver_core/consensus.py::is_usable::201,driver-orchestration,asp__lifecycle_complete,0.14
driver_core/consensus.py::is_usable::201,driver-orchestration,asp__cancellation_propagates,0.19
driver_core/consensus.py::malformed::104,driver-orchestration,asp__lifecycle_complete,0.1
driver_core/consensus.py::malformed::104,driver-orchestration,asp__cancellation_propagates,0.19
driver_core/consensus.py::ok::94,driver-orchestration,asp__lifecycle_complete,0.11
driver_core/consensus.py::ok::94,driver-orchestration,asp__cancellation_propagates,0.21
driver_core/consensus.py::ratio::129,driver-orchestration,asp__lifecycle_complete,0.09
driver_core/consensus.py::ratio::129,driver-orchestration,asp__cancellation_propagates,0.2
driver_core/consensus.py::receipt::234,driver-orchestration,asp__lifecycle_complete,0.16
driver_core/consensus.py::receipt::234,driver-orchestration,asp__cancellation_propagates,0.2
driver_core/consensus.py::tally::258,driver-orchestration,asp__lifecycle_complete,0.12
driver_core/consensus.py::tally::258,driver-orchestration,asp__cancellation_propagates,0.16
driver_core/consensus.py::to_dict::134,driver-orchestration,asp__lifecycle_complete,0.08
driver_core/consensus.py::to_dict::134,driver-orchestration,asp__cancellation_propagates,0.21
driver_core/consensus.py::to_dict::205,driver-orchestration,asp__lifecycle_complete,0.13
driver_core/consensus.py::to_dict::205,driver-orchestration,asp__cancellation_propagates,0.17
driver_core/consensus.py::to_dict::84,driver-orchestration,asp__lifecycle_complete,0.15
driver_core/consensus.py::to_dict::84,driver-orchestration,asp__cancellation_propagates,0.22
driver_core/driver.py::__init__::123,driver-orchestration,asp__lifecycle_complete,0.08
driver_core/driver.py::__init__::123,driver-orchestration,asp__cancellation_propagates,0.2
driver_core/driver.py::__init__::75,driver-orchestration,asp__lifecycle_complete,0.2
driver_core/driver.py::__init__::75,driver-orchestration,asp__cancellation_propagates,0.19
driver_core/driver.py::__repr__::110,driver-orchestration,asp__lifecycle_complete,0.14
driver_core/driver.py::__repr__::110,driver-orchestration,asp__cancellation_propagates,0.25
driver_core/driver.py::_capture::309,driver-orchestration,asp__lifecycle_complete,0.09
driver_core/driver.py::_capture::309,driver-orchestration,asp__cancellation_propagates,0.31
driver_core/driver.py::_capture_needs::330,driver-orchestration,asp__lifecycle_complete,0.1
driver_core/driver.py::_capture_needs::330,driver-orchestration,asp__cancellation_propagates,0.19
driver_core/driver.py::_params_for::364,driver-orchestration,asp__lifecycle_complete,0.08
driver_core/driver.py::_params_for::364,driver-orchestration,asp__cancellation_propagates,0.14
driver_core/driver.py::_pool_for::318,driver-orchestration,asp__lifecycle_complete,0.07
driver_core/driver.py::_pool_for::318,driver-orchestration,asp__cancellation_propagates,0.16
driver_core/driver.py::_stop::357,driver-orchestration,asp__lifecycle_complete,0.23
driver_core/driver.py::_stop::357,driver-orchestration,asp__cancellation_propagates,0.21
driver_core/driver.py::driver_from_settings::388,driver-orchestration,asp__lifecycle_complete,0.07
driver_core/driver.py::driver_from_settings::388,driver-orchestration,asp__cancellation_propagates,0.2
driver_core/driver.py::register_executor::184,driver-orchestration,asp__lifecycle_complete,0.07
driver_core/driver.py::register_executor::184,driver-orchestration,asp__cancellation_propagates,0.23
driver_core/driver.py::screen::298,driver-orchestration,asp__lifecycle_complete,0.09
driver_core/driver.py::screen::298,driver-orchestration,asp__cancellation_propagates,0.23
driver_core/driver.py::step::191,driver-orchestration,asp__lifecycle_complete,0.18
driver_core/driver.py::step::191,driver-orchestration,asp__cancellation_propagates,0.17
driver_core/driver.py::to_dict::93,driver-orchestration,asp__lifecycle_complete,0.28
driver_core/driver.py::to_dict::93,driver-orchestration,asp__cancellation_propagates,0.27
driver_core/executor.py::__init__::137,driver-orchestration,asp__lifecycle_complete,0.06
driver_core/executor.py::__init__::137,driver-orchestration,asp__cancellation_propagates,0.17
driver_core/executor.py::__init__::199,driver-orchestration,asp__lifecycle_complete,0.07
driver_core/executor.py::__init__::199,driver-orchestration,asp__cancellation_propagates,0.18
driver_core/executor.py::__init__::77,driver-orchestration,asp__lifecycle_complete,0.06
driver_core/executor.py::__init__::77,driver-orchestration,asp__cancellation_propagates,0.16
driver_core/executor.py::__repr__::100,driver-orchestration,asp__lifecycle_complete,0.1
driver_core/executor.py::__repr__::100,driver-orchestration,asp__cancellation_propagates,0.25
driver_core/executor.py::__repr__::183,driver-orchestration,asp__lifecycle_complete,0.07
driver_core/executor.py::__repr__::183,driver-orchestration,asp__cancellation_propagates,0.26
driver_core/executor.py::_invoke::290,driver-orchestration,asp__lifecycle_complete,0.08
driver_core/executor.py::_invoke::290,driver-orchestration,asp__cancellation_propagates,0.2
driver_core/executor.py::check_consent::228,driver-orchestration,asp__lifecycle_complete,0.06
driver_core/executor.py::check_consent::228,driver-orchestration,asp__cancellation_propagates,0.13
driver_core/executor.py::covers::145,driver-orchestration,asp__lifecycle_complete,0.08
driver_core/executor.py::covers::145,driver-orchestration,asp__cancellation_propagates,0.14
driver_core/executor.py::execute::248,driver-orchestration,asp__lifecycle_complete,0.12
driver_core/executor.py::execute::248,driver-orchestration,asp__cancellation_propagates,0.16
driver_core/executor.py::normalise_params::51,driver-orchestration,asp__lifecycle_complete,0.08
driver_core/executor.py::normalise_params::51,driver-orchestration,asp__cancellation_propagates,0.18
driver_core/executor.py::resolve::210,driver-orchestration,asp__lifecycle_complete,0.05
driver_core/executor.py::resolve::210,driver-orchestration,asp__cancellation_propagates,0.15
driver_core/executor.py::spend::163,driver-orchestration,asp__lifecycle_complete,0.16
driver_core/executor.py::spend::163,driver-orchestration,asp__cancellation_propagates,0.18
driver_core/executor.py::spent::175,driver-orchestration,asp__lifecycle_complete,0.13
driver_core/executor.py::spent::175,driver-orchestration,asp__cancellation_propagates,0.23
driver_core/executor.py::to_dict::179,driver-orchestration,asp__lifecycle_complete,0.06
driver_core/executor.py::to_dict::179,driver-orchestration,asp__cancellation_propagates,0.22
driver_core/executor.py::to_dict::88,driver-orchestration,asp__lifecycle_complete,0.16
driver_core/executor.py::to_dict::88,driver-orchestration,asp__cancellation_propagates,0.22
driver_core/executor_registry.py::__contains__::192,driver-orchestration,asp__lifecycle_complete,0.05
driver_core/executor_registry.py::__contains__::192,driver-orchestration,asp__cancellation_propagates,0.19
driver_core/executor_registry.py::__init__::172,driver-orchestration,asp__lifecycle_complete,0.05
driver_core/executor_registry.py::__init__::172,driver-orchestration,asp__cancellation_propagates,0.13
driver_core/executor_registry.py::__len__::195,driver-orchestration,asp__lifecycle_complete,0.05
driver_core/executor_registry.py::__len__::195,driver-orchestration,asp__cancellation_propagates,0.19
driver_core/executor_registry.py::_click::56,driver-orchestration,asp__lifecycle_complete,0.09
driver_core/executor_registry.py::_click::56,driver-orchestration,asp__cancellation_propagates,0.26
driver_core/executor_registry.py::_delete_file::106,driver-orchestration,asp__lifecycle_complete,0.09
driver_core/executor_registry.py::_delete_file::106,driver-orchestration,asp__cancellation_propagates,0.21
driver_core/executor_registry.py::_focus::71,driver-orchestration,asp__lifecycle_complete,0.08
driver_core/executor_registry.py::_focus::71,driver-orchestration,asp__cancellation_propagates,0.27
driver_core/executor_registry.py::_noop::202,driver-orchestration,asp__lifecycle_complete,0.11
driver_core/executor_registry.py::_noop::202,driver-orchestration,asp__cancellation_propagates,0.19
driver_core/executor_registry.py::_observe::223,driver-orchestration,asp__lifecycle_complete,0.07
driver_core/executor_registry.py::_observe::223,driver-orchestration,asp__cancellation_propagates,0.18
driver_core/executor_registry.py::_press_key::66,driver-orchestration,asp__lifecycle_complete,0.09
driver_core/executor_registry.py::_press_key::66,driver-orchestration,asp__cancellation_propagates,0.26
driver_core/executor_registry.py::_read_value::212,driver-orchestration,asp__lifecycle_complete,0.07
driver_core/executor_registry.py::_read_value::212,driver-orchestration,asp__cancellation_propagates,0.18
driver_core/executor_registry.py::_refused::37,driver-orchestration,asp__lifecycle_complete,0.17
driver_core/executor_registry.py::_refused::37,driver-orchestration,asp__cancellation_propagates,0.27
driver_core/executor_registry.py::_scroll::76,driver-orchestration,asp__lifecycle_complete,0.08
driver_core/executor_registry.py::_scroll::76,driver-orchestration,asp__cancellation_propagates,0.28
driver_core/executor_registry.py::_sent::48,driver-orchestration,asp__lifecycle_complete,0.12
driver_core/executor_registry.py::_sent::48,driver-orchestration,asp__cancellation_propagates,0.21
driver_core/executor_registry.py::_state::239,driver-orchestration,asp__lifecycle_complete,0.07
driver_core/executor_registry.py::_state::239,driver-orchestration,asp__cancellation_propagates,0.21
driver_core/executor_registry.py::_submit_irreversible::81,driver-orchestration,asp__lifecycle_complete,0.08
driver_core/executor_registry.py::_submit_irreversible::81,driver-orchestration,asp__cancellation_propagates,0.18
driver_core/executor_registry.py::_type_text::61,driver-orchestration,asp__lifecycle_complete,0.09
driver_core/executor_registry.py::_type_text::61,driver-orchestration,asp__cancellation_propagates,0.31
driver_core/executor_registry.py::_write_file::93,driver-orchestration,asp__lifecycle_complete,0.13
driver_core/executor_registry.py::_write_file::93,driver-orchestration,asp__cancellation_propagates,0.28
driver_core/executor_registry.py::build_driver_registry::250,driver-orchestration,asp__lifecycle_complete,0.09
driver_core/executor_registry.py::build_driver_registry::250,driver-orchestration,asp__cancellation_propagates,0.18
driver_core/executor_registry.py::build_read_only_registry::232,driver-orchestration,asp__lifecycle_complete,0.08
driver_core/executor_registry.py::build_read_only_registry::232,driver-orchestration,asp__cancellation_propagates,0.18
driver_core/executor_registry.py::clone::198,driver-orchestration,asp__lifecycle_complete,0.08
driver_core/executor_registry.py::clone::198,driver-orchestration,asp__cancellation_propagates,0.26
driver_core/executor_registry.py::executability::137,driver-orchestration,asp__lifecycle_complete,0.05
driver_core/executor_registry.py::executability::137,driver-orchestration,asp__cancellation_propagates,0.17
driver_core/executor_registry.py::get::185,driver-orchestration,asp__lifecycle_complete,0.06
driver_core/executor_registry.py::get::185,driver-orchestration,asp__cancellation_propagates,0.17
driver_core/executor_registry.py::names::189,driver-orchestration,asp__lifecycle_complete,0.06
driver_core/executor_registry.py::names::189,driver-orchestration,asp__cancellation_propagates,0.2
driver_core/executor_registry.py::register::177,driver-orchestration,asp__lifecycle_complete,0.04
driver_core/executor_registry.py::register::177,driver-orchestration,asp__cancellation_propagates,0.13
harness/continuation.py::_canonical_digest::50,driver-orchestration,asp__lifecycle_complete,0.06
harness/continuation.py::_canonical_digest::50,driver-orchestration,asp__cancellation_propagates,0.18
harness/continuation.py::_gate_map::155,driver-orchestration,asp__lifecycle_complete,0.05
harness/continuation.py::_gate_map::155,driver-orchestration,asp__cancellation_propagates,0.18
harness/continuation.py::_json_safe::29,driver-orchestration,asp__lifecycle_complete,0.05
harness/continuation.py::_json_safe::29,driver-orchestration,asp__cancellation_propagates,0.14
harness/continuation.py::_node_ids::57,driver-orchestration,asp__lifecycle_complete,0.05
harness/continuation.py::_node_ids::57,driver-orchestration,asp__cancellation_propagates,0.17
harness/continuation.py::_validate_pins::137,driver-orchestration,asp__lifecycle_complete,0.04
harness/continuation.py::_validate_pins::137,driver-orchestration,asp__cancellation_propagates,0.16
harness/continuation.py::bound_gate::309,driver-orchestration,asp__lifecycle_complete,0.08
harness/continuation.py::bound_gate::309,driver-orchestration,asp__cancellation_propagates,0.15
harness/continuation.py::build_work_package_handoff::68,driver-orchestration,asp__lifecycle_complete,0.11
harness/continuation.py::build_work_package_handoff::68,driver-orchestration,asp__cancellation_propagates,0.13
harness/continuation.py::gate_id::232,driver-orchestration,asp__lifecycle_complete,0.06
harness/continuation.py::gate_id::232,driver-orchestration,asp__cancellation_propagates,0.17
harness/continuation.py::normalize_continuation::237,driver-orchestration,asp__lifecycle_complete,0.07
harness/continuation.py::normalize_continuation::237,driver-orchestration,asp__cancellation_propagates,0.18
harness/continuation.py::validate_continuation::248,driver-orchestration,asp__lifecycle_complete,0.09
harness/continuation.py::validate_continuation::248,driver-orchestration,asp__cancellation_propagates,0.15
harness/continuation.py::validate_work_package_handoff::167,driver-orchestration,asp__lifecycle_complete,0.07
harness/continuation.py::validate_work_package_handoff::167,driver-orchestration,asp__cancellation_propagates,0.12
harness/convergence.py::_bill_event::435,driver-orchestration,asp__lifecycle_complete,0.1
harness/convergence.py::_bill_event::435,driver-orchestration,asp__cancellation_propagates,0.15
harness/convergence.py::_parse_consensus::29,driver-orchestration,asp__lifecycle_complete,0.09
harness/convergence.py::_parse_consensus::29,driver-orchestration,asp__cancellation_propagates,0.13
harness/convergence.py::_polarity_note::260,driver-orchestration,asp__lifecycle_complete,0.09
harness/convergence.py::_polarity_note::260,driver-orchestration,asp__cancellation_propagates,0.19
harness/convergence.py::_trim_votes_to_window::281,driver-orchestration,asp__lifecycle_complete,0.09
harness/convergence.py::_trim_votes_to_window::281,driver-orchestration,asp__cancellation_propagates,0.12
harness/convergence.py::extract_claim_verdicts::98,driver-orchestration,asp__lifecycle_complete,0.08
harness/convergence.py::extract_claim_verdicts::98,driver-orchestration,asp__cancellation_propagates,0.14
harness/convergence.py::run_convergence_specialist::331,driver-orchestration,asp__lifecycle_complete,0.18
harness/convergence.py::run_convergence_specialist::331,driver-orchestration,asp__cancellation_propagates,0.24
harness/convergence.py::tally_convergence::114,driver-orchestration,asp__lifecycle_complete,0.06
harness/convergence.py::tally_convergence::114,driver-orchestration,asp__cancellation_propagates,0.11
harness/executor.py::__init__::120,driver-orchestration,asp__lifecycle_complete,0.06
harness/executor.py::__init__::120,driver-orchestration,asp__cancellation_propagates,0.2
harness/executor.py::__init__::414,driver-orchestration,asp__lifecycle_complete,0.13
harness/executor.py::__init__::414,driver-orchestration,asp__cancellation_propagates,0.22
harness/executor.py::__init__::71,driver-orchestration,asp__lifecycle_complete,0.06
harness/executor.py::__init__::71,driver-orchestration,asp__cancellation_propagates,0.17
harness/executor.py::_apply_edit::504,driver-orchestration,asp__lifecycle_complete,0.11
harness/executor.py::_apply_edit::504,driver-orchestration,asp__cancellation_propagates,0.24
harness/executor.py::_canonical::75,driver-orchestration,asp__lifecycle_complete,0.05
harness/executor.py::_canonical::75,driver-orchestration,asp__cancellation_propagates,0.13
harness/executor.py::_run_file_with_lock::177,driver-orchestration,asp__lifecycle_complete,0.1
harness/executor.py::_run_file_with_lock::177,driver-orchestration,asp__cancellation_propagates,0.26
harness/executor.py::_run_node_reserved::343,driver-orchestration,asp__lifecycle_complete,0.13
harness/executor.py::_run_node_reserved::343,driver-orchestration,asp__cancellation_propagates,0.23
harness/executor.py::_run_node_with_locks::335,driver-orchestration,asp__lifecycle_complete,0.1
harness/executor.py::_run_node_with_locks::335,driver-orchestration,asp__cancellation_propagates,0.3
harness/executor.py::_settle_isolated::374,driver-orchestration,asp__lifecycle_complete,0.14
harness/executor.py::_settle_isolated::374,driver-orchestration,asp__cancellation_propagates,0.18
harness/executor.py::acquire::88,driver-orchestration,asp__lifecycle_complete,0.09
harness/executor.py::acquire::88,driver-orchestration,asp__cancellation_propagates,0.26
harness/executor.py::acquire_all::97,driver-orchestration,asp__lifecycle_complete,0.09
harness/executor.py::acquire_all::97,driver-orchestration,asp__cancellation_propagates,0.28
harness/executor.py::execute::544,driver-orchestration,asp__lifecycle_complete,0.2
harness/executor.py::execute::544,driver-orchestration,asp__cancellation_propagates,0.25
harness/executor.py::execute_dag::186,driver-orchestration,asp__lifecycle_complete,0.15
harness/executor.py::execute_dag::186,driver-orchestration,asp__cancellation_propagates,0.18
harness/executor.py::execute_files::126,driver-orchestration,asp__lifecycle_complete,0.11
harness/executor.py::execute_files::126,driver-orchestration,asp__cancellation_propagates,0.3
harness/executor.py::get_global_file_locks::113,driver-orchestration,asp__lifecycle_complete,0.09
harness/executor.py::get_global_file_locks::113,driver-orchestration,asp__cancellation_propagates,0.23
harness/executor.py::get_lock::78,driver-orchestration,asp__lifecycle_complete,0.08
harness/executor.py::get_lock::78,driver-orchestration,asp__cancellation_propagates,0.15
harness/executor.py::partition_by_target_overlap::33,driver-orchestration,asp__lifecycle_complete,0.05
harness/executor.py::partition_by_target_overlap::33,driver-orchestration,asp__cancellation_propagates,0.14
harness/executor.py::resolve_final_gate::476,driver-orchestration,asp__lifecycle_complete,0.09
harness/executor.py::resolve_final_gate::476,driver-orchestration,asp__cancellation_propagates,0.17
harness/executor.py::route_kwargs::500,driver-orchestration,asp__lifecycle_complete,0.07
harness/executor.py::route_kwargs::500,driver-orchestration,asp__cancellation_propagates,0.2
harness/executor.py::run_node::518,driver-orchestration,asp__lifecycle_complete,0.2
harness/executor.py::run_node::518,driver-orchestration,asp__cancellation_propagates,0.2
harness/executor.py::summarize::570,driver-orchestration,asp__lifecycle_complete,0.15
harness/executor.py::summarize::570,driver-orchestration,asp__cancellation_propagates,0.17
harness/executor.py::task_runner::540,driver-orchestration,asp__lifecycle_complete,0.26
harness/executor.py::task_runner::540,driver-orchestration,asp__cancellation_propagates,0.28
harness/gate_runner.py::_protect_windows_paths::48,driver-orchestration,asp__lifecycle_complete,0.07
harness/gate_runner.py::_protect_windows_paths::48,driver-orchestration,asp__cancellation_propagates,0.16
harness/gate_runner.py::_restore_paths::61,driver-orchestration,asp__lifecycle_complete,0.07
harness/gate_runner.py::_restore_paths::61,driver-orchestration,asp__cancellation_propagates,0.16
harness/gate_runner.py::argv::161,driver-orchestration,asp__lifecycle_complete,0.07
harness/gate_runner.py::argv::161,driver-orchestration,asp__cancellation_propagates,0.17
harness/gate_runner.py::command::167,driver-orchestration,asp__lifecycle_complete,0.04
harness/gate_runner.py::command::167,driver-orchestration,asp__cancellation_propagates,0.14
harness/gate_runner.py::describe_command::100,driver-orchestration,asp__lifecycle_complete,0.05
harness/gate_runner.py::describe_command::100,driver-orchestration,asp__cancellation_propagates,0.15
harness/gate_runner.py::gate::202,driver-orchestration,asp__lifecycle_complete,0.06
harness/gate_runner.py::gate::202,driver-orchestration,asp__cancellation_propagates,0.16
harness/gate_runner.py::gate_argv::211,driver-orchestration,asp__lifecycle_complete,0.06
harness/gate_runner.py::gate_argv::211,driver-orchestration,asp__cancellation_propagates,0.24
harness/gate_runner.py::gate_command::216,driver-orchestration,asp__lifecycle_complete,0.08
harness/gate_runner.py::gate_command::216,driver-orchestration,asp__cancellation_propagates,0.28
harness/gate_runner.py::gate_help::221,driver-orchestration,asp__lifecycle_complete,0.06
harness/gate_runner.py::gate_help::221,driver-orchestration,asp__cancellation_propagates,0.15
harness/gate_runner.py::put::65,driver-orchestration,asp__lifecycle_complete,0.07
harness/gate_runner.py::put::65,driver-orchestration,asp__cancellation_propagates,0.16
harness/gate_runner.py::run_gate::111,driver-orchestration,asp__lifecycle_complete,0.41
harness/gate_runner.py::run_gate::111,driver-orchestration,asp__cancellation_propagates,0.27
harness/gate_runner.py::split_command::74,driver-orchestration,asp__lifecycle_complete,0.06
harness/gate_runner.py::split_command::74,driver-orchestration,asp__cancellation_propagates,0.12
harness/gate_runner.py::take::52,driver-orchestration,asp__lifecycle_complete,0.07
harness/gate_runner.py::take::52,driver-orchestration,asp__cancellation_propagates,0.18
harness/gate_runner.py::validate_gate::127,driver-orchestration,asp__lifecycle_complete,0.06
harness/gate_runner.py::validate_gate::127,driver-orchestration,asp__cancellation_propagates,0.13
harness/mission_driver.py::_budget_view::176,driver-orchestration,asp__lifecycle_complete,0.06
harness/mission_driver.py::_budget_view::176,driver-orchestration,asp__cancellation_propagates,0.16
harness/mission_driver.py::_now_iso::53,driver-orchestration,asp__lifecycle_complete,0.09
harness/mission_driver.py::_now_iso::53,driver-orchestration,asp__cancellation_propagates,0.23
harness/mission_driver.py::_persist::258,driver-orchestration,asp__lifecycle_complete,0.18
harness/mission_driver.py::_persist::258,driver-orchestration,asp__cancellation_propagates,0.17
harness/mission_driver.py::_require_callable::57,driver-orchestration,asp__lifecycle_complete,0.07
harness/mission_driver.py::_require_callable::57,driver-orchestration,asp__cancellation_propagates,0.22
harness/mission_driver.py::_run_mission::198,driver-orchestration,asp__lifecycle_complete,0.37
harness/mission_driver.py::_run_mission::198,driver-orchestration,asp__cancellation_propagates,0.19
harness/mission_driver.py::_terminal::277,driver-orchestration,asp__lifecycle_complete,0.22
harness/mission_driver.py::_terminal::277,driver-orchestration,asp__cancellation_propagates,0.2
harness/mission_driver.py::artifact_names::63,driver-orchestration,asp__lifecycle_complete,0.05
harness/mission_driver.py::artifact_names::63,driver-orchestration,asp__cancellation_propagates,0.18
harness/mission_driver.py::findings_md::111,driver-orchestration,asp__lifecycle_complete,0.19
harness/mission_driver.py::findings_md::111,driver-orchestration,asp__cancellation_propagates,0.17
harness/mission_driver.py::normalize_attempt::71,driver-orchestration,asp__lifecycle_complete,0.11
harness/mission_driver.py::normalize_attempt::71,driver-orchestration,asp__cancellation_propagates,0.12
harness/mission_driver.py::pack_probe_attempt::474,driver-orchestration,asp__lifecycle_complete,0.08
harness/mission_driver.py::pack_probe_attempt::474,driver-orchestration,asp__cancellation_propagates,0.14
harness/mission_driver.py::run_mission::190,driver-orchestration,asp__lifecycle_complete,0.14
harness/mission_driver.py::run_mission::190,driver-orchestration,asp__cancellation_propagates,0.28
driver_core/jev_client.py::__init__::289,jev-policy,asp__jev_fail_closed,0.17
driver_core/jev_client.py::__init__::289,jev-policy,asp__authz_boundary,0.55
driver_core/jev_client.py::__init__::289,jev-policy,asp__jev_recorded,0.09
driver_core/jev_client.py::__init__::64,jev-policy,asp__jev_fail_closed,0.38
driver_core/jev_client.py::__init__::64,jev-policy,asp__authz_boundary,0.56
driver_core/jev_client.py::__init__::64,jev-policy,asp__jev_recorded,0.63
driver_core/jev_client.py::__repr__::148,jev-policy,asp__jev_fail_closed,0.28
driver_core/jev_client.py::__repr__::148,jev-policy,asp__authz_boundary,0.79
driver_core/jev_client.py::__repr__::148,jev-policy,asp__jev_recorded,0.13
driver_core/jev_client.py::_record::386,jev-policy,asp__jev_fail_closed,0.17
driver_core/jev_client.py::_record::386,jev-policy,asp__authz_boundary,0.52
driver_core/jev_client.py::_record::386,jev-policy,asp__jev_recorded,0.3
driver_core/jev_client.py::audit_fields::128,jev-policy,asp__jev_fail_closed,0.36
driver_core/jev_client.py::audit_fields::128,jev-policy,asp__authz_boundary,0.74
driver_core/jev_client.py::audit_fields::128,jev-policy,asp__jev_recorded,0.86
driver_core/jev_client.py::build_questions::153,jev-policy,asp__jev_fail_closed,0.28
driver_core/jev_client.py::build_questions::153,jev-policy,asp__authz_boundary,0.62
driver_core/jev_client.py::build_questions::153,jev-policy,asp__jev_recorded,0.11
driver_core/jev_client.py::decide::310,jev-policy,asp__jev_fail_closed,0.43
driver_core/jev_client.py::decide::310,jev-policy,asp__authz_boundary,0.55
driver_core/jev_client.py::decide::310,jev-policy,asp__jev_recorded,0.71
driver_core/jev_client.py::estimate_tokens::297,jev-policy,asp__jev_fail_closed,0.33
driver_core/jev_client.py::estimate_tokens::297,jev-policy,asp__authz_boundary,0.79
driver_core/jev_client.py::estimate_tokens::297,jev-policy,asp__jev_recorded,0.09
driver_core/jev_client.py::guard_true::106,jev-policy,asp__jev_fail_closed,0.49
driver_core/jev_client.py::guard_true::106,jev-policy,asp__authz_boundary,0.61
driver_core/jev_client.py::guard_true::106,jev-policy,asp__jev_recorded,0.12
driver_core/jev_client.py::missing_guards::89,jev-policy,asp__jev_fail_closed,0.58
driver_core/jev_client.py::missing_guards::89,jev-policy,asp__authz_boundary,0.68
driver_core/jev_client.py::missing_guards::89,jev-policy,asp__jev_recorded,0.15
driver_core/jev_client.py::to_dict::110,jev-policy,asp__jev_fail_closed,0.3
driver_core/jev_client.py::to_dict::110,jev-policy,asp__authz_boundary,0.54
driver_core/jev_client.py::to_dict::110,jev-policy,asp__jev_recorded,0.79
driver_core/jev_client.py::usable::94,jev-policy,asp__jev_fail_closed,0.93
driver_core/jev_client.py::usable::94,jev-policy,asp__authz_boundary,0.74
driver_core/jev_client.py::usable::94,jev-policy,asp__jev_recorded,0.3
driver_core/jev_client.py::validate_answers::189,jev-policy,asp__jev_fail_closed,0.6
driver_core/jev_client.py::validate_answers::189,jev-policy,asp__authz_boundary,0.47
driver_core/jev_client.py::validate_answers::189,jev-policy,asp__jev_recorded,0.34
harness/jev.py::__init__::296,jev-policy,asp__jev_fail_closed,0.22
harness/jev.py::__init__::296,jev-policy,asp__authz_boundary,0.69
harness/jev.py::__init__::296,jev-policy,asp__jev_recorded,0.06
harness/jev.py::__init__::309,jev-policy,asp__jev_fail_closed,0.16
harness/jev.py::__init__::309,jev-policy,asp__authz_boundary,0.68
harness/jev.py::__init__::309,jev-policy,asp__jev_recorded,0.07
harness/jev.py::__init__::447,jev-policy,asp__jev_fail_closed,0.33
harness/jev.py::__init__::447,jev-policy,asp__authz_boundary,0.62
harness/jev.py::__init__::447,jev-policy,asp__jev_recorded,0.08
harness/jev.py::__init__::551,jev-policy,asp__jev_recorded,0.27
harness/jev.py::__init__::551,jev-policy,asp__jev_fail_closed,0.32
harness/jev.py::__init__::551,jev-policy,asp__authz_boundary,0.52
harness/jev.py::__len__::374,jev-policy,asp__authz_boundary,0.66
harness/jev.py::__len__::374,jev-policy,asp__jev_recorded,0.15
harness/jev.py::__len__::374,jev-policy,asp__jev_fail_closed,0.18
harness/jev.py::_bounded_usage::407,jev-policy,asp__jev_fail_closed,0.37
harness/jev.py::_bounded_usage::407,jev-policy,asp__authz_boundary,0.53
harness/jev.py::_bounded_usage::407,jev-policy,asp__jev_recorded,0.11
harness/jev.py::_cache_hit::594,jev-policy,asp__jev_fail_closed,0.29
harness/jev.py::_cache_hit::594,jev-policy,asp__authz_boundary,0.57
harness/jev.py::_cache_hit::594,jev-policy,asp__jev_recorded,0.25
harness/jev.py::_cache_key::588,jev-policy,asp__jev_fail_closed,0.22
harness/jev.py::_cache_key::588,jev-policy,asp__authz_boundary,0.54
harness/jev.py::_cache_key::588,jev-policy,asp__jev_recorded,0.16
harness/jev.py::_diff_state::1063,jev-policy,asp__jev_fail_closed,0.39
harness/jev.py::_diff_state::1063,jev-policy,asp__authz_boundary,0.61
harness/jev.py::_diff_state::1063,jev-policy,asp__jev_recorded,0.06
harness/jev.py::_digest::260,jev-policy,asp__jev_fail_closed,0.13
harness/jev.py::_digest::260,jev-policy,asp__authz_boundary,0.61
harness/jev.py::_digest::260,jev-policy,asp__jev_recorded,0.12
harness/jev.py::_estimate_tokens::579,jev-policy,asp__jev_fail_closed,0.2
harness/jev.py::_estimate_tokens::579,jev-policy,asp__authz_boundary,0.77
harness/jev.py::_estimate_tokens::579,jev-policy,asp__jev_recorded,0.12
harness/jev.py::_evaluate_once::768,jev-policy,asp__jev_fail_closed,0.86
harness/jev.py::_evaluate_once::768,jev-policy,asp__authz_boundary,0.83
harness/jev.py::_evaluate_once::768,jev-policy,asp__jev_recorded,0.23
harness/jev.py::_failure::896,jev-policy,asp__jev_fail_closed,0.51
harness/jev.py::_failure::896,jev-policy,asp__authz_boundary,0.54
harness/jev.py::_failure::896,jev-policy,asp__jev_recorded,0.17
harness/jev.py::_identity::242,jev-policy,asp__jev_fail_closed,0.14
harness/jev.py::_identity::242,jev-policy,asp__authz_boundary,0.68
harness/jev.py::_identity::242,jev-policy,asp__jev_recorded,0.07
harness/jev.py::_local_structural_eval::955,jev-policy,asp__jev_fail_closed,0.63
harness/jev.py::_local_structural_eval::955,jev-policy,asp__authz_boundary,0.53
harness/jev.py::_local_structural_eval::955,jev-policy,asp__jev_recorded,0.36
harness/jev.py::_looks_like_diff::1028,jev-policy,asp__jev_fail_closed,0.61
harness/jev.py::_looks_like_diff::1028,jev-policy,asp__authz_boundary,0.64
harness/jev.py::_looks_like_diff::1028,jev-policy,asp__jev_recorded,0.13
harness/jev.py::_noul::92,jev-policy,asp__jev_fail_closed,0.22
harness/jev.py::_noul::92,jev-policy,asp__authz_boundary,0.5
harness/jev.py::_noul::92,jev-policy,asp__jev_recorded,0.06
harness/jev.py::_number::167,jev-policy,asp__jev_fail_closed,0.68
harness/jev.py::_number::167,jev-policy,asp__authz_boundary,0.58
harness/jev.py::_number::167,jev-policy,asp__jev_recorded,0.08
harness/jev.py::_observed_usage::879,jev-policy,asp__jev_fail_closed,0.41
harness/jev.py::_observed_usage::879,jev-policy,asp__authz_boundary,0.63
harness/jev.py::_observed_usage::879,jev-policy,asp__jev_recorded,0.09
harness/jev.py::_parse_answer::185,jev-policy,asp__jev_fail_closed,0.51
harness/jev.py::_parse_answer::185,jev-policy,asp__authz_boundary,0.6
harness/jev.py::_parse_answer::185,jev-policy,asp__jev_recorded,0.17
harness/jev.py::_parse_jev_response::914,jev-policy,asp__jev_fail_closed,0.89
harness/jev.py::_parse_jev_response::914,jev-policy,asp__authz_boundary,0.58
harness/jev.py::_parse_jev_response::914,jev-policy,asp__jev_recorded,0.81
harness/jev.py::_path_matches::1052,jev-policy,asp__jev_fail_closed,0.5
harness/jev.py::_path_matches::1052,jev-policy,asp__authz_boundary,0.4
harness/jev.py::_path_matches::1052,jev-policy,asp__jev_recorded,0.09
harness/jev.py::_probabilities::176,jev-policy,asp__jev_fail_closed,0.68
harness/jev.py::_probabilities::176,jev-policy,asp__authz_boundary,0.59
harness/jev.py::_probabilities::176,jev-policy,asp__jev_recorded,0.08
harness/jev.py::_strict_digest::280,jev-policy,asp__jev_fail_closed,0.65
harness/jev.py::_strict_digest::280,jev-policy,asp__authz_boundary,0.67
harness/jev.py::_strict_digest::280,jev-policy,asp__jev_recorded,0.13
harness/jev.py::_usage_cap::401,jev-policy,asp__jev_fail_closed,0.3
harness/jev.py::_usage_cap::401,jev-policy,asp__authz_boundary,0.57
harness/jev.py::_usage_cap::401,jev-policy,asp__jev_recorded,0.2
harness/jev.py::_valid_hunks::1032,jev-policy,asp__jev_fail_closed,0.82
harness/jev.py::_valid_hunks::1032,jev-policy,asp__authz_boundary,0.56
harness/jev.py::_valid_hunks::1032,jev-policy,asp__jev_recorded,0.09
harness/jev.py::_validate_questions::145,jev-policy,asp__jev_fail_closed,0.68
harness/jev.py::_validate_questions::145,jev-policy,asp__authz_boundary,0.54
harness/jev.py::_validate_questions::145,jev-policy,asp__jev_recorded,0.07
harness/jev.py::acquire::456,jev-policy,asp__jev_fail_closed,0.55
harness/jev.py::acquire::456,jev-policy,asp__authz_boundary,0.48
harness/jev.py::acquire::456,jev-policy,asp__jev_recorded,0.05
harness/jev.py::begin::337,jev-policy,asp__jev_fail_closed,0.22
harness/jev.py::begin::337,jev-policy,asp__authz_boundary,0.47
harness/jev.py::begin::337,jev-policy,asp__jev_recorded,0.07
harness/jev.py::check_diff_mechanics::985,jev-policy,asp__jev_fail_closed,0.39
harness/jev.py::check_diff_mechanics::985,jev-policy,asp__authz_boundary,0.48
harness/jev.py::check_diff_mechanics::985,jev-policy,asp__jev_recorded,0.12
harness/jev.py::clear::369,jev-policy,asp__jev_fail_closed,0.19
harness/jev.py::clear::369,jev-policy,asp__authz_boundary,0.46
harness/jev.py::clear::369,jev-policy,asp__jev_recorded,0.13
harness/jev.py::diff_question_pack::97,jev-policy,asp__jev_fail_closed,0.32
harness/jev.py::diff_question_pack::97,jev-policy,asp__authz_boundary,0.64
harness/jev.py::diff_question_pack::97,jev-policy,asp__jev_recorded,0.08
harness/jev.py::evaluate::605,jev-policy,asp__jev_fail_closed,0.57
harness/jev.py::evaluate::605,jev-policy,asp__authz_boundary,0.46
harness/jev.py::evaluate::605,jev-policy,asp__jev_recorded,0.16
harness/jev.py::evaluate_once::743,jev-policy,asp__jev_fail_closed,0.36
harness/jev.py::evaluate_once::743,jev-policy,asp__authz_boundary,0.39
harness/jev.py::evaluate_once::743,jev-policy,asp__jev_recorded,0.09
harness/jev.py::evaluate_plan_requirements::1005,jev-policy,asp__jev_fail_closed,0.14
harness/jev.py::evaluate_plan_requirements::1005,jev-policy,asp__authz_boundary,0.51
harness/jev.py::evaluate_plan_requirements::1005,jev-policy,asp__jev_recorded,0.81
harness/jev.py::finish::351,jev-policy,asp__jev_fail_closed,0.2
harness/jev.py::finish::351,jev-policy,asp__authz_boundary,0.41
harness/jev.py::finish::351,jev-policy,asp__jev_recorded,0.09
harness/jev.py::get::320,jev-policy,asp__jev_fail_closed,0.45
harness/jev.py::get::320,jev-policy,asp__authz_boundary,0.49
harness/jev.py::get::320,jev-policy,asp__jev_recorded,0.14
harness/jev.py::is_passing::86,jev-policy,asp__jev_fail_closed,0.65
harness/jev.py::is_passing::86,jev-policy,asp__authz_boundary,0.48
harness/jev.py::is_passing::86,jev-policy,asp__jev_recorded,0.34
harness/jev.py::jev_cost::29,jev-policy,asp__jev_fail_closed,0.14
harness/jev.py::jev_cost::29,jev-policy,asp__authz_boundary,0.69
harness/jev.py::jev_cost::29,jev-policy,asp__jev_recorded,0.07
harness/jev.py::jev_credit_status::36,jev-policy,asp__jev_fail_closed,0.15
harness/jev.py::jev_credit_status::36,jev-policy,asp__authz_boundary,0.57
harness/jev.py::jev_credit_status::36,jev-policy,asp__jev_recorded,0.04
harness/jev.py::local::614,jev-policy,asp__jev_fail_closed,0.36
harness/jev.py::local::614,jev-policy,asp__authz_boundary,0.39
harness/jev.py::local::614,jev-policy,asp__jev_recorded,0.15
harness/jev.py::plan_question_pack::130,jev-policy,asp__jev_fail_closed,0.32
harness/jev.py::plan_question_pack::130,jev-policy,asp__authz_boundary,0.67
harness/jev.py::plan_question_pack::130,jev-policy,asp__jev_recorded,0.1
harness/jev.py::put::359,jev-policy,asp__jev_fail_closed,0.11
harness/jev.py::put::359,jev-policy,asp__authz_boundary,0.37
harness/jev.py::put::359,jev-policy,asp__jev_recorded,0.05
harness/jev.py::record::480,jev-policy,asp__jev_fail_closed,0.36
harness/jev.py::record::480,jev-policy,asp__authz_boundary,0.47
harness/jev.py::record::480,jev-policy,asp__jev_recorded,0.06
harness/jev.py::shared_breakers::522,jev-policy,asp__jev_fail_closed,0.27
harness/jev.py::shared_breakers::522,jev-policy,asp__authz_boundary,0.52
harness/jev.py::shared_breakers::522,jev-policy,asp__jev_recorded,0.07
harness/jev.py::snapshot::513,jev-policy,asp__jev_fail_closed,0.21
harness/jev.py::snapshot::513,jev-policy,asp__authz_boundary,0.27
harness/jev.py::snapshot::513,jev-policy,asp__jev_recorded,0.15
harness/jev.py::triage_question_pack::111,jev-policy,asp__jev_fail_closed,0.32
harness/jev.py::triage_question_pack::111,jev-policy,asp__authz_boundary,0.69
harness/jev.py::triage_question_pack::111,jev-policy,asp__jev_recorded,0.1
harness/jev.py::verify_diff_mechanics::995,jev-policy,asp__jev_fail_closed,0.66
harness/jev.py::verify_diff_mechanics::995,jev-policy,asp__authz_boundary,0.48
harness/jev.py::verify_diff_mechanics::995,jev-policy,asp__jev_recorded,0.15
harness/jev.py::would_allow::502,jev-policy,asp__jev_fail_closed,0.11
harness/jev.py::would_allow::502,jev-policy,asp__authz_boundary,0.48
harness/jev.py::would_allow::502,jev-policy,asp__jev_recorded,0.08
harness/jev_calibration.py::_distribution::49,jev-policy,asp__jev_fail_closed,0.12
harness/jev_calibration.py::_distribution::49,jev-policy,asp__authz_boundary,0.77
harness/jev_calibration.py::_distribution::49,jev-policy,asp__jev_recorded,0.06
harness/jev_calibration.py::_percentile::34,jev-policy,asp__jev_fail_closed,0.18
harness/jev_calibration.py::_percentile::34,jev-policy,asp__authz_boundary,0.76
harness/jev_calibration.py::_percentile::34,jev-policy,asp__jev_recorded,0.17
harness/jev_calibration.py::_validate_record::62,jev-policy,asp__jev_fail_closed,0.55
harness/jev_calibration.py::_validate_record::62,jev-policy,asp__authz_boundary,0.52
harness/jev_calibration.py::_validate_record::62,jev-policy,asp__jev_recorded,0.1
harness/jev_calibration.py::analyze_judgments::90,jev-policy,asp__jev_fail_closed,0.83
harness/jev_calibration.py::analyze_judgments::90,jev-policy,asp__authz_boundary,0.68
harness/jev_calibration.py::analyze_judgments::90,jev-policy,asp__jev_recorded,0.23
harness/jev_calibration.py::format_report::189,jev-policy,asp__jev_fail_closed,0.26
harness/jev_calibration.py::format_report::189,jev-policy,asp__authz_boundary,0.59
harness/jev_calibration.py::format_report::189,jev-policy,asp__jev_recorded,0.14
harness/jev_calibration.py::recommend_threshold::145,jev-policy,asp__jev_fail_closed,0.95
harness/jev_calibration.py::recommend_threshold::145,jev-policy,asp__authz_boundary,0.9
harness/jev_calibration.py::recommend_threshold::145,jev-policy,asp__jev_recorded,0.31
harness/jev_completion.py::_canonical_json::658,jev-policy,asp__jev_fail_closed,0.21
harness/jev_completion.py::_canonical_json::658,jev-policy,asp__authz_boundary,0.67
harness/jev_completion.py::_canonical_json::658,jev-policy,asp__jev_recorded,0.14
harness/jev_completion.py::_coerce_pack::1232,jev-policy,asp__jev_fail_closed,0.3
harness/jev_completion.py::_coerce_pack::1232,jev-policy,asp__authz_boundary,0.55
harness/jev_completion.py::_coerce_pack::1232,jev-policy,asp__jev_recorded,0.15
harness/jev_completion.py::_git_bytes::695,jev-policy,asp__jev_fail_closed,0.79
harness/jev_completion.py::_git_bytes::695,jev-policy,asp__authz_boundary,0.5
harness/jev_completion.py::_git_bytes::695,jev-policy,asp__jev_recorded,0.1
harness/jev_completion.py::_hard_gates::1195,jev-policy,asp__jev_fail_closed,0.65
harness/jev_completion.py::_hard_gates::1195,jev-policy,asp__authz_boundary,0.44
harness/jev_completion.py::_hard_gates::1195,jev-policy,asp__jev_recorded,0.08
harness/jev_completion.py::_mechanical_score::1214,jev-policy,asp__jev_fail_closed,0.4
harness/jev_completion.py::_mechanical_score::1214,jev-policy,asp__authz_boundary,0.53
harness/jev_completion.py::_mechanical_score::1214,jev-policy,asp__jev_recorded,0.09
harness/jev_completion.py::_norm_phase::916,jev-policy,asp__jev_fail_closed,0.34
harness/jev_completion.py::_norm_phase::916,jev-policy,asp__authz_boundary,0.53
harness/jev_completion.py::_norm_phase::916,jev-policy,asp__jev_recorded,0.14
harness/jev_completion.py::_read_bounded::683,jev-policy,asp__jev_fail_closed,0.77
harness/jev_completion.py::_read_bounded::683,jev-policy,asp__authz_boundary,0.37
harness/jev_completion.py::_read_bounded::683,jev-policy,asp__jev_recorded,0.14
harness/jev_completion.py::_resolve_completion_pack::1218,jev-policy,asp__jev_fail_closed,0.41
harness/jev_completion.py::_resolve_completion_pack::1218,jev-policy,asp__authz_boundary,0.52
harness/jev_completion.py::_resolve_completion_pack::1218,jev-policy,asp__jev_recorded,0.08
harness/jev_completion.py::_row_id_cell::929,jev-policy,asp__jev_fail_closed,0.31
harness/jev_completion.py::_row_id_cell::929,jev-policy,asp__authz_boundary,0.64
harness/jev_completion.py::_row_id_cell::929,jev-policy,asp__jev_recorded,0.12
harness/jev_completion.py::_safe_repo_file::667,jev-policy,asp__jev_fail_closed,0.84
harness/jev_completion.py::_safe_repo_file::667,jev-policy,asp__authz_boundary,0.68
harness/jev_completion.py::_safe_repo_file::667,jev-policy,asp__jev_recorded,0.12
harness/jev_completion.py::_sha256::663,jev-policy,asp__jev_fail_closed,0.17
harness/jev_completion.py::_sha256::663,jev-policy,asp__authz_boundary,0.71
harness/jev_completion.py::_sha256::663,jev-policy,asp__jev_recorded,0.08
harness/jev_completion.py::_status_row_for::947,jev-policy,asp__jev_fail_closed,0.83
harness/jev_completion.py::_status_row_for::947,jev-policy,asp__authz_boundary,0.48
harness/jev_completion.py::_status_row_for::947,jev-policy,asp__jev_recorded,0.11
harness/jev_completion.py::_valid_oc_handoff_receipt::706,jev-policy,asp__jev_fail_closed,0.9
harness/jev_completion.py::_valid_oc_handoff_receipt::706,jev-policy,asp__authz_boundary,0.7
harness/jev_completion.py::_valid_oc_handoff_receipt::706,jev-policy,asp__jev_recorded,0.13
harness/jev_completion.py::add_improvement::1348,jev-policy,asp__jev_fail_closed,0.21
harness/jev_completion.py::add_improvement::1348,jev-policy,asp__authz_boundary,0.26
harness/jev_completion.py::add_improvement::1348,jev-policy,asp__jev_recorded,0.13
harness/jev_completion.py::collect_phase_evidence::1061,jev-policy,asp__jev_fail_closed,0.77
harness/jev_completion.py::collect_phase_evidence::1061,jev-policy,asp__authz_boundary,0.5
harness/jev_completion.py::collect_phase_evidence::1061,jev-policy,asp__jev_recorded,0.05
harness/jev_completion.py::dogfood_phase::1477,jev-policy,asp__jev_fail_closed,0.49
harness/jev_completion.py::dogfood_phase::1477,jev-policy,asp__authz_boundary,0.54
harness/jev_completion.py::dogfood_phase::1477,jev-policy,asp__jev_recorded,0.23
harness/jev_completion.py::live_index::1271,jev-policy,asp__jev_fail_closed,0.56
harness/jev_completion.py::live_index::1271,jev-policy,asp__authz_boundary,0.54
harness/jev_completion.py::live_index::1271,jev-policy,asp__jev_recorded,0.17
harness/jev_completion.py::live_valid::1276,jev-policy,asp__jev_fail_closed,0.81
harness/jev_completion.py::live_valid::1276,jev-policy,asp__authz_boundary,0.49
harness/jev_completion.py::live_valid::1276,jev-policy,asp__jev_recorded,0.22
harness/jev_completion.py::load_evidence_file::1466,jev-policy,asp__jev_fail_closed,0.68
harness/jev_completion.py::load_evidence_file::1466,jev-policy,asp__authz_boundary,0.32
harness/jev_completion.py::load_evidence_file::1466,jev-policy,asp__jev_recorded,0.1
harness/jev_completion.py::rank::1004,jev-policy,asp__jev_fail_closed,0.45
harness/jev_completion.py::rank::1004,jev-policy,asp__authz_boundary,0.51
harness/jev_completion.py::rank::1004,jev-policy,asp__jev_recorded,0.1
harness/jev_completion.py::score_all_phases::1501,jev-policy,asp__jev_fail_closed,0.66
harness/jev_completion.py::score_all_phases::1501,jev-policy,asp__authz_boundary,0.5
harness/jev_completion.py::score_all_phases::1501,jev-policy,asp__jev_recorded,0.15
harness/jev_completion.py::score_phase_completion::1240,jev-policy,asp__jev_fail_closed,0.67
harness/jev_completion.py::score_phase_completion::1240,jev-policy,asp__authz_boundary,0.81
harness/jev_completion.py::score_phase_completion::1240,jev-policy,asp__jev_recorded,0.21
harness/jev_completion.py::verify_signature::863,jev-policy,asp__jev_fail_closed,0.63
harness/jev_completion.py::verify_signature::863,jev-policy,asp__authz_boundary,0.58
harness/jev_completion.py::verify_signature::863,jev-policy,asp__jev_recorded,0.08
harness/jev_packs.py::_choice_probabilities::2228,jev-policy,asp__jev_fail_closed,0.94
harness/jev_packs.py::_choice_probabilities::2228,jev-policy,asp__authz_boundary,0.71
harness/jev_packs.py::_choice_probabilities::2228,jev-policy,asp__jev_recorded,0.15
harness/jev_packs.py::_decision_disposition::2262,jev-policy,asp__jev_fail_closed,0.65
harness/jev_packs.py::_decision_disposition::2262,jev-policy,asp__authz_boundary,0.78
harness/jev_packs.py::_decision_disposition::2262,jev-policy,asp__jev_recorded,0.32
harness/jev_packs.py::_decision_lead::2253,jev-policy,asp__jev_fail_closed,0.27
harness/jev_packs.py::_decision_lead::2253,jev-policy,asp__authz_boundary,0.57
harness/jev_packs.py::_decision_lead::2253,jev-policy,asp__jev_recorded,0.16
harness/jev_packs.py::_decision_noul::2217,jev-policy,asp__jev_fail_closed,0.83
harness/jev_packs.py::_decision_noul::2217,jev-policy,asp__authz_boundary,0.56
harness/jev_packs.py::_decision_noul::2217,jev-policy,asp__jev_recorded,0.1
harness/jev_packs.py::_noul::509,jev-policy,asp__jev_fail_closed,0.26
harness/jev_packs.py::_noul::509,jev-policy,asp__authz_boundary,0.57
harness/jev_packs.py::_noul::509,jev-policy,asp__jev_recorded,0.07
harness/jev_packs.py::answer_question_pack::606,jev-policy,asp__jev_fail_closed,0.38
harness/jev_packs.py::answer_question_pack::606,jev-policy,asp__authz_boundary,0.93
harness/jev_packs.py::answer_question_pack::606,jev-policy,asp__jev_recorded,0.08
harness/jev_packs.py::audit_dimensions_question_pack::2032,jev-policy,asp__jev_fail_closed,0.25
harness/jev_packs.py::audit_dimensions_question_pack::2032,jev-policy,asp__authz_boundary,0.56
harness/jev_packs.py::audit_dimensions_question_pack::2032,jev-policy,asp__jev_recorded,0.11
harness/jev_packs.py::axis_dogfood::1949,jev-policy,asp__jev_fail_closed,0.5
harness/jev_packs.py::axis_dogfood::1949,jev-policy,asp__authz_boundary,0.46
harness/jev_packs.py::axis_dogfood::1949,jev-policy,asp__jev_recorded,0.09
harness/jev_packs.py::axis_gate_tests::1922,jev-policy,asp__jev_fail_closed,0.48
harness/jev_packs.py::axis_gate_tests::1922,jev-policy,asp__authz_boundary,0.4
harness/jev_packs.py::axis_gate_tests::1922,jev-policy,asp__jev_recorded,0.08
harness/jev_packs.py::axis_merge_evidence::1915,jev-policy,asp__jev_fail_closed,0.65
harness/jev_packs.py::axis_merge_evidence::1915,jev-policy,asp__authz_boundary,0.37
harness/jev_packs.py::axis_merge_evidence::1915,jev-policy,asp__jev_recorded,0.08
harness/jev_packs.py::axis_residual_scope::1944,jev-policy,asp__jev_fail_closed,0.56
harness/jev_packs.py::axis_residual_scope::1944,jev-policy,asp__authz_boundary,0.46
harness/jev_packs.py::axis_residual_scope::1944,jev-policy,asp__jev_recorded,0.1
harness/jev_packs.py::axis_status_honesty::1937,jev-policy,asp__jev_fail_closed,0.44
harness/jev_packs.py::axis_status_honesty::1937,jev-policy,asp__authz_boundary,0.51
harness/jev_packs.py::axis_status_honesty::1937,jev-policy,asp__jev_recorded,0.08
harness/jev_packs.py::axis_verification::1927,jev-policy,asp__jev_fail_closed,0.47
harness/jev_packs.py::axis_verification::1927,jev-policy,asp__authz_boundary,0.39
harness/jev_packs.py::axis_verification::1927,jev-policy,asp__jev_recorded,0.07
harness/jev_packs.py::build_context_pack::1026,jev-policy,asp__jev_fail_closed,0.15
harness/jev_packs.py::build_context_pack::1026,jev-policy,asp__authz_boundary,0.45
harness/jev_packs.py::build_context_pack::1026,jev-policy,asp__jev_recorded,0.05
harness/jev_packs.py::build_vision_assessment_state::386,jev-policy,asp__jev_fail_closed,0.76
harness/jev_packs.py::build_vision_assessment_state::386,jev-policy,asp__authz_boundary,0.6
harness/jev_packs.py::build_vision_assessment_state::386,jev-policy,asp__jev_recorded,0.06
harness/jev_packs.py::claim_support_question_pack::575,jev-policy,asp__jev_fail_closed,0.27
harness/jev_packs.py::claim_support_question_pack::575,jev-policy,asp__authz_boundary,0.55
harness/jev_packs.py::claim_support_question_pack::575,jev-policy,asp__jev_recorded,0.12
harness/jev_packs.py::claims_from_payload::1106,jev-policy,asp__jev_fail_closed,0.36
harness/jev_packs.py::claims_from_payload::1106,jev-policy,asp__authz_boundary,0.6
harness/jev_packs.py::claims_from_payload::1106,jev-policy,asp__jev_recorded,0.1
harness/jev_packs.py::clamp::1908,jev-policy,asp__jev_fail_closed,0.21
harness/jev_packs.py::clamp::1908,jev-policy,asp__authz_boundary,0.52
harness/jev_packs.py::clamp::1908,jev-policy,asp__jev_recorded,0.15
harness/jev_packs.py::completion_bar_question_pack::1842,jev-policy,asp__jev_fail_closed,0.31
harness/jev_packs.py::completion_bar_question_pack::1842,jev-policy,asp__authz_boundary,0.73
harness/jev_packs.py::completion_bar_question_pack::1842,jev-policy,asp__jev_recorded,0.11
harness/jev_packs.py::completion_question_pack::586,jev-policy,asp__jev_fail_closed,0.63
harness/jev_packs.py::completion_question_pack::586,jev-policy,asp__authz_boundary,0.75
harness/jev_packs.py::completion_question_pack::586,jev-policy,asp__jev_recorded,0.09
harness/jev_packs.py::compose_decision_verdict::2291,jev-policy,asp__jev_fail_closed,0.82
harness/jev_packs.py::compose_decision_verdict::2291,jev-policy,asp__authz_boundary,0.76
harness/jev_packs.py::compose_decision_verdict::2291,jev-policy,asp__jev_recorded,0.75
harness/jev_packs.py::decision_calibration_report::2622,jev-policy,asp__jev_fail_closed,0.64
harness/jev_packs.py::decision_calibration_report::2622,jev-policy,asp__authz_boundary,0.68
harness/jev_packs.py::decision_calibration_report::2622,jev-policy,asp__jev_recorded,0.11
harness/jev_packs.py::decision_question_pack::2177,jev-policy,asp__jev_fail_closed,0.51
harness/jev_packs.py::decision_question_pack::2177,jev-policy,asp__authz_boundary,0.81
harness/jev_packs.py::decision_question_pack::2177,jev-policy,asp__jev_recorded,0.07
harness/jev_packs.py::declared_restart_targets::785,jev-policy,asp__jev_fail_closed,0.31
harness/jev_packs.py::declared_restart_targets::785,jev-policy,asp__authz_boundary,0.61
harness/jev_packs.py::declared_restart_targets::785,jev-policy,asp__jev_recorded,0.1
harness/jev_packs.py::file_relevance_question_pack::564,jev-policy,asp__jev_fail_closed,0.32
harness/jev_packs.py::file_relevance_question_pack::564,jev-policy,asp__authz_boundary,0.57
harness/jev_packs.py::file_relevance_question_pack::564,jev-policy,asp__jev_recorded,0.12
harness/jev_packs.py::heuristic_audit_dimensions::2046,jev-policy,asp__jev_fail_closed,0.41
harness/jev_packs.py::heuristic_audit_dimensions::2046,jev-policy,asp__authz_boundary,0.6
harness/jev_packs.py::heuristic_audit_dimensions::2046,jev-policy,asp__jev_recorded,0.05
harness/jev_packs.py::heuristic_completion_sentiment::1894,jev-policy,asp__jev_fail_closed,0.6
harness/jev_packs.py::heuristic_completion_sentiment::1894,jev-policy,asp__authz_boundary,0.67
harness/jev_packs.py::heuristic_completion_sentiment::1894,jev-policy,asp__jev_recorded,0.08
harness/jev_packs.py::heuristic_file_relevance::992,jev-policy,asp__jev_fail_closed,0.22
harness/jev_packs.py::heuristic_file_relevance::992,jev-policy,asp__authz_boundary,0.53
harness/jev_packs.py::heuristic_file_relevance::992,jev-policy,asp__jev_recorded,0.07
harness/jev_packs.py::heuristic_repo_axes::1547,jev-policy,asp__jev_fail_closed,0.66
harness/jev_packs.py::heuristic_repo_axes::1547,jev-policy,asp__authz_boundary,0.67
harness/jev_packs.py::heuristic_repo_axes::1547,jev-policy,asp__jev_recorded,0.08
harness/jev_packs.py::heuristic_requires_iteration::987,jev-policy,asp__jev_fail_closed,0.36
harness/jev_packs.py::heuristic_requires_iteration::987,jev-policy,asp__authz_boundary,0.63
harness/jev_packs.py::heuristic_requires_iteration::987,jev-policy,asp__jev_recorded,0.16
harness/jev_packs.py::heuristic_route::977,jev-policy,asp__jev_fail_closed,0.21
harness/jev_packs.py::heuristic_route::977,jev-policy,asp__authz_boundary,0.44
harness/jev_packs.py::heuristic_route::977,jev-policy,asp__jev_recorded,0.08
harness/jev_packs.py::hourglass_stage_question_pack::770,jev-policy,asp__jev_fail_closed,0.7
harness/jev_packs.py::hourglass_stage_question_pack::770,jev-policy,asp__authz_boundary,0.68
harness/jev_packs.py::hourglass_stage_question_pack::770,jev-policy,asp__jev_recorded,0.09
harness/jev_packs.py::hul_scope_question_pack::1276,jev-policy,asp__jev_fail_closed,0.37
harness/jev_packs.py::hul_scope_question_pack::1276,jev-policy,asp__authz_boundary,0.88
harness/jev_packs.py::hul_scope_question_pack::1276,jev-policy,asp__jev_recorded,0.11
harness/jev_packs.py::issue_sort_question_pack::1199,jev-policy,asp__jev_fail_closed,0.29
harness/jev_packs.py::issue_sort_question_pack::1199,jev-policy,asp__authz_boundary,0.64
harness/jev_packs.py::issue_sort_question_pack::1199,jev-policy,asp__jev_recorded,0.11
harness/jev_packs.py::load_completion_pack::1821,jev-policy,asp__jev_fail_closed,0.72
harness/jev_packs.py::load_completion_pack::1821,jev-policy,asp__authz_boundary,0.35
harness/jev_packs.py::load_completion_pack::1821,jev-policy,asp__jev_recorded,0.1
harness/jev_packs.py::log_factor_question_pack::1377,jev-policy,asp__jev_fail_closed,0.23
harness/jev_packs.py::log_factor_question_pack::1377,jev-policy,asp__authz_boundary,0.68
harness/jev_packs.py::log_factor_question_pack::1377,jev-policy,asp__jev_recorded,0.07
harness/jev_packs.py::match_completion_keywords::1871,jev-policy,asp__jev_fail_closed,0.74
harness/jev_packs.py::match_completion_keywords::1871,jev-policy,asp__authz_boundary,0.69
harness/jev_packs.py::match_completion_keywords::1871,jev-policy,asp__jev_recorded,0.08
harness/jev_packs.py::match_keywords::1218,jev-policy,asp__jev_fail_closed,0.57
harness/jev_packs.py::match_keywords::1218,jev-policy,asp__authz_boundary,0.59
harness/jev_packs.py::match_keywords::1218,jev-policy,asp__jev_recorded,0.07
harness/jev_packs.py::missing_named_artifacts::1101,jev-policy,asp__jev_fail_closed,0.53
harness/jev_packs.py::missing_named_artifacts::1101,jev-policy,asp__authz_boundary,0.63
harness/jev_packs.py::missing_named_artifacts::1101,jev-policy,asp__jev_recorded,0.1
harness/jev_packs.py::named_artifact_status::1064,jev-policy,asp__jev_fail_closed,0.23
harness/jev_packs.py::named_artifact_status::1064,jev-policy,asp__authz_boundary,0.52
harness/jev_packs.py::named_artifact_status::1064,jev-policy,asp__jev_recorded,0.06
harness/jev_packs.py::normalize_complexity_class::1330,jev-policy,asp__jev_fail_closed,0.83
harness/jev_packs.py::normalize_complexity_class::1330,jev-policy,asp__authz_boundary,0.78
harness/jev_packs.py::normalize_complexity_class::1330,jev-policy,asp__jev_recorded,0.15
harness/jev_packs.py::normalize_restart_target::887,jev-policy,asp__jev_fail_closed,0.87
harness/jev_packs.py::normalize_restart_target::887,jev-policy,asp__authz_boundary,0.75
harness/jev_packs.py::normalize_restart_target::887,jev-policy,asp__jev_recorded,0.12
harness/jev_packs.py::normalize_route::962,jev-policy,asp__jev_fail_closed,0.81
harness/jev_packs.py::normalize_route::962,jev-policy,asp__authz_boundary,0.69
harness/jev_packs.py::normalize_route::962,jev-policy,asp__jev_recorded,0.15
harness/jev_packs.py::phase_status_claims_complete::1679,jev-policy,asp__jev_fail_closed,0.75
harness/jev_packs.py::phase_status_claims_complete::1679,jev-policy,asp__authz_boundary,0.28
harness/jev_packs.py::phase_status_claims_complete::1679,jev-policy,asp__jev_recorded,0.12
harness/jev_packs.py::phase_status_has_blocker::1609,jev-policy,asp__jev_fail_closed,0.5
harness/jev_packs.py::phase_status_has_blocker::1609,jev-policy,asp__authz_boundary,0.65
harness/jev_packs.py::phase_status_has_blocker::1609,jev-policy,asp__jev_recorded,0.18
harness/jev_packs.py::phase_status_has_language::1633,jev-policy,asp__jev_fail_closed,0.69
harness/jev_packs.py::phase_status_has_language::1633,jev-policy,asp__authz_boundary,0.72
harness/jev_packs.py::phase_status_has_language::1633,jev-policy,asp__jev_recorded,0.17
harness/jev_packs.py::phase_status_has_residual::1619,jev-policy,asp__jev_fail_closed,0.33
harness/jev_packs.py::phase_status_has_residual::1619,jev-policy,asp__authz_boundary,0.66
harness/jev_packs.py::phase_status_has_residual::1619,jev-policy,asp__jev_recorded,0.19
harness/jev_packs.py::phase_status_has_verdict::1626,jev-policy,asp__jev_fail_closed,0.75
harness/jev_packs.py::phase_status_has_verdict::1626,jev-policy,asp__authz_boundary,0.7
harness/jev_packs.py::phase_status_has_verdict::1626,jev-policy,asp__jev_recorded,0.17
harness/jev_packs.py::phase_status_mentions_merge::1657,jev-policy,asp__jev_fail_closed,0.7
harness/jev_packs.py::phase_status_mentions_merge::1657,jev-policy,asp__authz_boundary,0.67
harness/jev_packs.py::phase_status_mentions_merge::1657,jev-policy,asp__jev_recorded,0.19
harness/jev_packs.py::phase_status_mentions_pr::1686,jev-policy,asp__jev_fail_closed,0.74
harness/jev_packs.py::phase_status_mentions_pr::1686,jev-policy,asp__authz_boundary,0.58
harness/jev_packs.py::phase_status_mentions_pr::1686,jev-policy,asp__jev_recorded,0.15
harness/jev_packs.py::phase_status_names_core_verdict::1667,jev-policy,asp__jev_fail_closed,0.77
harness/jev_packs.py::phase_status_names_core_verdict::1667,jev-policy,asp__authz_boundary,0.59
harness/jev_packs.py::phase_status_names_core_verdict::1667,jev-policy,asp__jev_recorded,0.15
harness/jev_packs.py::phase_status_says_pr_open::1641,jev-policy,asp__jev_fail_closed,0.63
harness/jev_packs.py::phase_status_says_pr_open::1641,jev-policy,asp__authz_boundary,0.65
harness/jev_packs.py::phase_status_says_pr_open::1641,jev-policy,asp__jev_recorded,0.17
harness/jev_packs.py::provision_selection_question_pack::2680,jev-policy,asp__jev_fail_closed,0.82
harness/jev_packs.py::provision_selection_question_pack::2680,jev-policy,asp__authz_boundary,0.69
harness/jev_packs.py::provision_selection_question_pack::2680,jev-policy,asp__jev_recorded,0.08
harness/jev_packs.py::provision_verification_question_pack::2717,jev-policy,asp__jev_fail_closed,0.77
harness/jev_packs.py::provision_verification_question_pack::2717,jev-policy,asp__authz_boundary,0.9
harness/jev_packs.py::provision_verification_question_pack::2717,jev-policy,asp__jev_recorded,0.12
harness/jev_packs.py::read_repo_source::390,jev-policy,asp__jev_fail_closed,0.77
harness/jev_packs.py::read_repo_source::390,jev-policy,asp__authz_boundary,0.65
harness/jev_packs.py::read_repo_source::390,jev-policy,asp__jev_recorded,0.12
harness/jev_packs.py::repo_summary_question_pack::1517,jev-policy,asp__jev_fail_closed,0.22
harness/jev_packs.py::repo_summary_question_pack::1517,jev-policy,asp__authz_boundary,0.64
harness/jev_packs.py::repo_summary_question_pack::1517,jev-policy,asp__jev_recorded,0.07
harness/jev_packs.py::route_question_pack::543,jev-policy,asp__jev_fail_closed,0.37
harness/jev_packs.py::route_question_pack::543,jev-policy,asp__authz_boundary,0.73
harness/jev_packs.py::route_question_pack::543,jev-policy,asp__jev_recorded,0.11
harness/jev_packs.py::route_tier_hint::972,jev-policy,asp__jev_fail_closed,0.52
harness/jev_packs.py::route_tier_hint::972,jev-policy,asp__authz_boundary,0.68
harness/jev_packs.py::route_tier_hint::972,jev-policy,asp__jev_recorded,0.1
harness/jev_packs.py::sanitize_vision_source::435,jev-policy,asp__jev_fail_closed,0.18
harness/jev_packs.py::sanitize_vision_source::435,jev-policy,asp__authz_boundary,0.58
harness/jev_packs.py::sanitize_vision_source::435,jev-policy,asp__jev_recorded,0.14
harness/jev_packs.py::sanitize_vision_state::442,jev-policy,asp__jev_fail_closed,0.26
harness/jev_packs.py::sanitize_vision_state::442,jev-policy,asp__authz_boundary,0.59
harness/jev_packs.py::sanitize_vision_state::442,jev-policy,asp__jev_recorded,0.2
harness/jev_packs.py::scope_in_scope_holds::1320,jev-policy,asp__jev_fail_closed,0.85
harness/jev_packs.py::scope_in_scope_holds::1320,jev-policy,asp__authz_boundary,0.67
harness/jev_packs.py::scope_in_scope_holds::1320,jev-policy,asp__jev_recorded,0.14
harness/jev_packs.py::sort_notes_into_buckets::1243,jev-policy,asp__jev_fail_closed,0.19
harness/jev_packs.py::sort_notes_into_buckets::1243,jev-policy,asp__authz_boundary,0.61
harness/jev_packs.py::sort_notes_into_buckets::1243,jev-policy,asp__jev_recorded,0.16
harness/jev_packs.py::stage_judgment_requirement::833,jev-policy,asp__jev_fail_closed,0.46
harness/jev_packs.py::stage_judgment_requirement::833,jev-policy,asp__authz_boundary,0.68
harness/jev_packs.py::stage_judgment_requirement::833,jev-policy,asp__jev_recorded,0.07
harness/jev_packs.py::to_dict::85,jev-policy,asp__jev_fail_closed,0.27
harness/jev_packs.py::to_dict::85,jev-policy,asp__authz_boundary,0.42
harness/jev_packs.py::to_dict::85,jev-policy,asp__jev_recorded,0.32
harness/jev_packs.py::validate_audit_pack::2020,jev-policy,asp__jev_fail_closed,0.54
harness/jev_packs.py::validate_audit_pack::2020,jev-policy,asp__authz_boundary,0.48
harness/jev_packs.py::validate_audit_pack::2020,jev-policy,asp__jev_recorded,0.12
harness/jev_packs.py::validate_candidates::1007,jev-policy,asp__jev_fail_closed,0.28
harness/jev_packs.py::validate_candidates::1007,jev-policy,asp__authz_boundary,0.54
harness/jev_packs.py::validate_candidates::1007,jev-policy,asp__jev_recorded,0.11
harness/jev_packs.py::validate_completion_pack::1697,jev-policy,asp__jev_fail_closed,0.67
harness/jev_packs.py::validate_completion_pack::1697,jev-policy,asp__authz_boundary,0.59
harness/jev_packs.py::validate_completion_pack::1697,jev-policy,asp__jev_recorded,0.07
harness/jev_packs.py::validate_log_pack::1345,jev-policy,asp__jev_fail_closed,0.68
harness/jev_packs.py::validate_log_pack::1345,jev-policy,asp__authz_boundary,0.61
harness/jev_packs.py::validate_log_pack::1345,jev-policy,asp__jev_recorded,0.08
harness/jev_packs.py::validate_operator_pack::1137,jev-policy,asp__jev_fail_closed,0.64
harness/jev_packs.py::validate_operator_pack::1137,jev-policy,asp__authz_boundary,0.55
harness/jev_packs.py::validate_operator_pack::1137,jev-policy,asp__jev_recorded,0.06
harness/jev_packs.py::validate_repo_summary_pack::1410,jev-policy,asp__jev_fail_closed,0.69
harness/jev_packs.py::validate_repo_summary_pack::1410,jev-policy,asp__authz_boundary,0.62
harness/jev_packs.py::validate_repo_summary_pack::1410,jev-policy,asp__jev_recorded,0.08
harness/jev_packs.py::validate_restart_request::899,jev-policy,asp__jev_fail_closed,0.68
harness/jev_packs.py::validate_restart_request::899,jev-policy,asp__authz_boundary,0.77
harness/jev_packs.py::validate_restart_request::899,jev-policy,asp__jev_recorded,0.06
harness/jev_packs.py::validate_vision_assessment_answers::335,jev-policy,asp__jev_fail_closed,0.38
harness/jev_packs.py::validate_vision_assessment_answers::335,jev-policy,asp__authz_boundary,0.59
harness/jev_packs.py::validate_vision_assessment_answers::335,jev-policy,asp__jev_recorded,0.14
harness/jev_packs.py::validate_vision_assessment_pack::241,jev-policy,asp__jev_fail_closed,0.75
harness/jev_packs.py::validate_vision_assessment_pack::241,jev-policy,asp__authz_boundary,0.58
harness/jev_packs.py::validate_vision_assessment_pack::241,jev-policy,asp__jev_recorded,0.33
harness/jev_packs.py::verdict_of::2330,jev-policy,asp__jev_fail_closed,0.34
harness/jev_packs.py::verdict_of::2330,jev-policy,asp__authz_boundary,0.41
harness/jev_packs.py::verdict_of::2330,jev-policy,asp__jev_recorded,0.73
harness/jev_packs.py::vision_assessment_preflight::465,jev-policy,asp__jev_fail_closed,0.29
harness/jev_packs.py::vision_assessment_preflight::465,jev-policy,asp__authz_boundary,0.53
harness/jev_packs.py::vision_assessment_preflight::465,jev-policy,asp__jev_recorded,0.08
harness/jev_packs.py::vision_assessment_question_pack::291,jev-policy,asp__jev_fail_closed,0.36
harness/jev_packs.py::vision_assessment_question_pack::291,jev-policy,asp__authz_boundary,0.49
harness/jev_packs.py::vision_assessment_question_pack::291,jev-policy,asp__jev_recorded,0.08
harness/jev_packs.py::vision_score_identity_tolerance::305,jev-policy,asp__jev_fail_closed,0.24
harness/jev_packs.py::vision_score_identity_tolerance::305,jev-policy,asp__authz_boundary,0.8
harness/jev_packs.py::vision_score_identity_tolerance::305,jev-policy,asp__jev_recorded,0.25
harness/jev_policy.py::__init__::171,jev-policy,asp__jev_fail_closed,0.28
harness/jev_policy.py::__init__::171,jev-policy,asp__authz_boundary,0.69
harness/jev_policy.py::__init__::171,jev-policy,asp__jev_recorded,0.1
harness/jev_policy.py::__init__::206,jev-policy,asp__jev_fail_closed,0.25
harness/jev_policy.py::__init__::206,jev-policy,asp__authz_boundary,0.65
harness/jev_policy.py::__init__::206,jev-policy,asp__jev_recorded,0.06
harness/jev_policy.py::__init__::269,jev-policy,asp__jev_fail_closed,0.33
harness/jev_policy.py::__init__::269,jev-policy,asp__authz_boundary,0.5
harness/jev_policy.py::__init__::269,jev-policy,asp__jev_recorded,0.14
harness/jev_policy.py::_account::692,jev-policy,asp__jev_fail_closed,0.19
harness/jev_policy.py::_account::692,jev-policy,asp__authz_boundary,0.53
harness/jev_policy.py::_account::692,jev-policy,asp__jev_recorded,0.14
harness/jev_policy.py::_audit_dimension_text::2921,jev-policy,asp__jev_fail_closed,0.24
harness/jev_policy.py::_audit_dimension_text::2921,jev-policy,asp__authz_boundary,0.69
harness/jev_policy.py::_audit_dimension_text::2921,jev-policy,asp__jev_recorded,0.07
harness/jev_policy.py::_book_overrun::640,jev-policy,asp__jev_fail_closed,0.23
harness/jev_policy.py::_book_overrun::640,jev-policy,asp__authz_boundary,0.6
harness/jev_policy.py::_book_overrun::640,jev-policy,asp__jev_recorded,0.13
harness/jev_policy.py::_clear_dispatch_state::564,jev-policy,asp__jev_fail_closed,0.29
harness/jev_policy.py::_clear_dispatch_state::564,jev-policy,asp__authz_boundary,0.39
harness/jev_policy.py::_clear_dispatch_state::564,jev-policy,asp__jev_recorded,0.1
harness/jev_policy.py::_completion_judgment::2744,jev-policy,asp__jev_fail_closed,0.19
harness/jev_policy.py::_completion_judgment::2744,jev-policy,asp__authz_boundary,0.45
harness/jev_policy.py::_completion_judgment::2744,jev-policy,asp__jev_recorded,0.19
harness/jev_policy.py::_completion_state_text::2724,jev-policy,asp__jev_recorded,0.07
harness/jev_policy.py::_completion_state_text::2724,jev-policy,asp__jev_fail_closed,0.24
harness/jev_policy.py::_completion_state_text::2724,jev-policy,asp__authz_boundary,0.68
harness/jev_policy.py::_dedupe::339,jev-policy,asp__jev_fail_closed,0.22
harness/jev_policy.py::_dedupe::339,jev-policy,asp__authz_boundary,0.63
harness/jev_policy.py::_dedupe::339,jev-policy,asp__jev_recorded,0.07
harness/jev_policy.py::_dedupe_fallback::381,jev-policy,asp__jev_fail_closed,0.31
harness/jev_policy.py::_dedupe_fallback::381,jev-policy,asp__authz_boundary,0.6
harness/jev_policy.py::_dedupe_fallback::381,jev-policy,asp__jev_recorded,0.17
harness/jev_policy.py::_fallback_reason_of::599,jev-policy,asp__jev_fail_closed,0.45
harness/jev_policy.py::_fallback_reason_of::599,jev-policy,asp__authz_boundary,0.64
harness/jev_policy.py::_fallback_reason_of::599,jev-policy,asp__jev_recorded,0.22
harness/jev_policy.py::_flush_at_exit::151,jev-policy,asp__jev_fail_closed,0.29
harness/jev_policy.py::_flush_at_exit::151,jev-policy,asp__authz_boundary,0.55
harness/jev_policy.py::_flush_at_exit::151,jev-policy,asp__jev_recorded,0.28
harness/jev_policy.py::_is_power_of_two::215,jev-policy,asp__jev_fail_closed,0.21
harness/jev_policy.py::_is_power_of_two::215,jev-policy,asp__authz_boundary,0.72
harness/jev_policy.py::_is_power_of_two::215,jev-policy,asp__jev_recorded,0.2
harness/jev_policy.py::_issue_sort_combo::2023,jev-policy,asp__jev_fail_closed,0.41
harness/jev_policy.py::_issue_sort_combo::2023,jev-policy,asp__authz_boundary,0.71
harness/jev_policy.py::_issue_sort_combo::2023,jev-policy,asp__jev_recorded,0.12
harness/jev_policy.py::_issue_sort_empty_combo::2005,jev-policy,asp__jev_fail_closed,0.6
harness/jev_policy.py::_issue_sort_empty_combo::2005,jev-policy,asp__authz_boundary,0.58
harness/jev_policy.py::_issue_sort_empty_combo::2005,jev-policy,asp__jev_recorded,0.14
harness/jev_policy.py::_issue_sort_text::1993,jev-policy,asp__jev_fail_closed,0.29
harness/jev_policy.py::_issue_sort_text::1993,jev-policy,asp__authz_boundary,0.58
harness/jev_policy.py::_issue_sort_text::1993,jev-policy,asp__jev_recorded,0.12
harness/jev_policy.py::_live_policies::122,jev-policy,asp__jev_fail_closed,0.47
harness/jev_policy.py::_live_policies::122,jev-policy,asp__authz_boundary,0.72
harness/jev_policy.py::_live_policies::122,jev-policy,asp__jev_recorded,0.14
harness/jev_policy.py::_local_from::606,jev-policy,asp__jev_fail_closed,0.28
harness/jev_policy.py::_local_from::606,jev-policy,asp__authz_boundary,0.49
harness/jev_policy.py::_local_from::606,jev-policy,asp__jev_recorded,0.51
harness/jev_policy.py::_log_item_text::2167,jev-policy,asp__jev_fail_closed,0.29
harness/jev_policy.py::_log_item_text::2167,jev-policy,asp__authz_boundary,0.63
harness/jev_policy.py::_log_item_text::2167,jev-policy,asp__jev_recorded,0.13
harness/jev_policy.py::_log_judgment::2180,jev-policy,asp__jev_fail_closed,0.22
harness/jev_policy.py::_log_judgment::2180,jev-policy,asp__authz_boundary,0.61
harness/jev_policy.py::_log_judgment::2180,jev-policy,asp__jev_recorded,0.14
harness/jev_policy.py::_no_key_reason::593,jev-policy,asp__jev_fail_closed,0.68
harness/jev_policy.py::_no_key_reason::593,jev-policy,asp__authz_boundary,0.56
harness/jev_policy.py::_no_key_reason::593,jev-policy,asp__jev_recorded,0.15
harness/jev_policy.py::_preflight::515,jev-policy,asp__jev_fail_closed,0.38
harness/jev_policy.py::_preflight::515,jev-policy,asp__authz_boundary,0.58
harness/jev_policy.py::_preflight::515,jev-policy,asp__jev_recorded,0.11
harness/jev_policy.py::_record_refusal::667,jev-policy,asp__jev_fail_closed,0.59
harness/jev_policy.py::_record_refusal::667,jev-policy,asp__authz_boundary,0.6
harness/jev_policy.py::_record_refusal::667,jev-policy,asp__jev_recorded,0.16
harness/jev_policy.py::_refusal_reason::210,jev-policy,asp__jev_fail_closed,0.62
harness/jev_policy.py::_refusal_reason::210,jev-policy,asp__authz_boundary,0.68
harness/jev_policy.py::_refusal_reason::210,jev-policy,asp__jev_recorded,0.13
harness/jev_policy.py::_release::554,jev-policy,asp__jev_fail_closed,0.43
harness/jev_policy.py::_release::554,jev-policy,asp__authz_boundary,0.69
harness/jev_policy.py::_release::554,jev-policy,asp__jev_recorded,0.13
harness/jev_policy.py::_release_reservation::507,jev-policy,asp__jev_fail_closed,0.29
harness/jev_policy.py::_release_reservation::507,jev-policy,asp__authz_boundary,0.66
harness/jev_policy.py::_release_reservation::507,jev-policy,asp__jev_recorded,0.12
harness/jev_policy.py::_repo_element_text::2339,jev-policy,asp__jev_fail_closed,0.17
harness/jev_policy.py::_repo_element_text::2339,jev-policy,asp__authz_boundary,0.59
harness/jev_policy.py::_repo_element_text::2339,jev-policy,asp__jev_recorded,0.12
harness/jev_policy.py::_repo_judgment::2355,jev-policy,asp__jev_fail_closed,0.18
harness/jev_policy.py::_repo_judgment::2355,jev-policy,asp__authz_boundary,0.54
harness/jev_policy.py::_repo_judgment::2355,jev-policy,asp__jev_recorded,0.15
harness/jev_policy.py::_reserve::571,jev-policy,asp__jev_fail_closed,0.36
harness/jev_policy.py::_reserve::571,jev-policy,asp__authz_boundary,0.58
harness/jev_policy.py::_reserve::571,jev-policy,asp__jev_recorded,0.05
harness/jev_policy.py::_route_query_text::2546,jev-policy,asp__jev_fail_closed,0.24
harness/jev_policy.py::_route_query_text::2546,jev-policy,asp__authz_boundary,0.51
harness/jev_policy.py::_route_query_text::2546,jev-policy,asp__jev_recorded,0.12
harness/jev_policy.py::_scope_choice::1728,jev-policy,asp__jev_fail_closed,0.34
harness/jev_policy.py::_scope_choice::1728,jev-policy,asp__authz_boundary,0.47
harness/jev_policy.py::_scope_choice::1728,jev-policy,asp__jev_recorded,0.16
harness/jev_policy.py::_scope_determination::1735,jev-policy,asp__jev_fail_closed,0.91
harness/jev_policy.py::_scope_determination::1735,jev-policy,asp__authz_boundary,0.64
harness/jev_policy.py::_scope_determination::1735,jev-policy,asp__jev_recorded,0.07
harness/jev_policy.py::_scope_noul::1704,jev-policy,asp__jev_fail_closed,0.74
harness/jev_policy.py::_scope_noul::1704,jev-policy,asp__authz_boundary,0.41
harness/jev_policy.py::_scope_noul::1704,jev-policy,asp__jev_recorded,0.11
harness/jev_policy.py::_scope_score::1716,jev-policy,asp__jev_fail_closed,0.7
harness/jev_policy.py::_scope_score::1716,jev-policy,asp__authz_boundary,0.55
harness/jev_policy.py::_scope_score::1716,jev-policy,asp__jev_recorded,0.11
harness/jev_policy.py::_scope_state_facts::1825,jev-policy,asp__authz_boundary,0.54
harness/jev_policy.py::_scope_state_facts::1825,jev-policy,asp__jev_recorded,0.06
harness/jev_policy.py::_scope_state_facts::1825,jev-policy,asp__jev_fail_closed,0.5
harness/jev_policy.py::_scope_text::1812,jev-policy,asp__jev_fail_closed,0.29
harness/jev_policy.py::_scope_text::1812,jev-policy,asp__authz_boundary,0.47
harness/jev_policy.py::_scope_text::1812,jev-policy,asp__jev_recorded,0.11
harness/jev_policy.py::_sent::546,jev-policy,asp__jev_fail_closed,0.16
harness/jev_policy.py::_sent::546,jev-policy,asp__authz_boundary,0.34
harness/jev_policy.py::_sent::546,jev-policy,asp__jev_recorded,0.14
harness/jev_policy.py::_structural::650,jev-policy,asp__jev_recorded,0.76
harness/jev_policy.py::_structural::650,jev-policy,asp__jev_fail_closed,0.23
harness/jev_policy.py::_structural::650,jev-policy,asp__authz_boundary,0.64
harness/jev_policy.py::_token_of::551,jev-policy,asp__jev_fail_closed,0.17
harness/jev_policy.py::_token_of::551,jev-policy,asp__authz_boundary,0.43
harness/jev_policy.py::_token_of::551,jev-policy,asp__jev_recorded,0.13
harness/jev_policy.py::_with_reason::625,jev-policy,asp__jev_fail_closed,0.33
harness/jev_policy.py::_with_reason::625,jev-policy,asp__authz_boundary,0.59
harness/jev_policy.py::_with_reason::625,jev-policy,asp__jev_recorded,0.11
harness/jev_policy.py::acquire::189,jev-policy,asp__jev_fail_closed,0.25
harness/jev_policy.py::acquire::189,jev-policy,asp__authz_boundary,0.54
harness/jev_policy.py::acquire::189,jev-policy,asp__jev_recorded,0.11
harness/jev_policy.py::aggregate_structural::224,jev-policy,asp__jev_fail_closed,0.73
harness/jev_policy.py::aggregate_structural::224,jev-policy,asp__authz_boundary,0.54
harness/jev_policy.py::aggregate_structural::224,jev-policy,asp__jev_recorded,0.69
harness/jev_policy.py::attach::3421,jev-policy,asp__jev_fail_closed,0.17
harness/jev_policy.py::attach::3421,jev-policy,asp__authz_boundary,0.31
harness/jev_policy.py::attach::3421,jev-policy,asp__jev_recorded,0.09
harness/jev_policy.py::available::317,jev-policy,asp__jev_fail_closed,0.32
harness/jev_policy.py::available::317,jev-policy,asp__authz_boundary,0.6
harness/jev_policy.py::available::317,jev-policy,asp__jev_recorded,0.13
harness/jev_policy.py::bar_pass::2990,jev-policy,asp__jev_fail_closed,0.9
harness/jev_policy.py::bar_pass::2990,jev-policy,asp__authz_boundary,0.46
harness/jev_policy.py::bar_pass::2990,jev-policy,asp__jev_recorded,0.1
harness/jev_policy.py::choice_value::860,jev-policy,asp__jev_fail_closed,0.84
harness/jev_policy.py::choice_value::860,jev-policy,asp__authz_boundary,0.53
harness/jev_policy.py::choice_value::860,jev-policy,asp__jev_recorded,0.13
harness/jev_policy.py::consume::181,jev-policy,asp__jev_fail_closed,0.7
harness/jev_policy.py::consume::181,jev-policy,asp__authz_boundary,0.76
harness/jev_policy.py::consume::181,jev-policy,asp__jev_recorded,0.12
harness/jev_policy.py::dim_evaluated::2987,jev-policy,asp__jev_fail_closed,0.26
harness/jev_policy.py::dim_evaluated::2987,jev-policy,asp__authz_boundary,0.31
harness/jev_policy.py::dim_evaluated::2987,jev-policy,asp__jev_recorded,0.16
harness/jev_policy.py::envelope_payload::884,jev-policy,asp__jev_fail_closed,0.24
harness/jev_policy.py::envelope_payload::884,jev-policy,asp__authz_boundary,0.44
harness/jev_policy.py::envelope_payload::884,jev-policy,asp__jev_recorded,0.19
harness/jev_policy.py::evaluate_answer::1018,jev-policy,asp__jev_fail_closed,0.89
harness/jev_policy.py::evaluate_answer::1018,jev-policy,asp__authz_boundary,0.75
harness/jev_policy.py::evaluate_answer::1018,jev-policy,asp__jev_recorded,0.83
harness/jev_policy.py::evaluate_audit_dimensions::2936,jev-policy,asp__jev_fail_closed,0.82
harness/jev_policy.py::evaluate_audit_dimensions::2936,jev-policy,asp__authz_boundary,0.5
harness/jev_policy.py::evaluate_audit_dimensions::2936,jev-policy,asp__jev_recorded,0.65
harness/jev_policy.py::evaluate_candidate::1158,jev-policy,asp__jev_fail_closed,0.39
harness/jev_policy.py::evaluate_candidate::1158,jev-policy,asp__authz_boundary,0.5
harness/jev_policy.py::evaluate_candidate::1158,jev-policy,asp__jev_recorded,0.2
harness/jev_policy.py::evaluate_claim_support::1486,jev-policy,asp__jev_fail_closed,0.16
harness/jev_policy.py::evaluate_claim_support::1486,jev-policy,asp__authz_boundary,0.6
harness/jev_policy.py::evaluate_claim_support::1486,jev-policy,asp__jev_recorded,0.74
harness/jev_policy.py::evaluate_completion_nouls::1574,jev-policy,asp__jev_fail_closed,0.48
harness/jev_policy.py::evaluate_completion_nouls::1574,jev-policy,asp__authz_boundary,0.62
harness/jev_policy.py::evaluate_completion_nouls::1574,jev-policy,asp__jev_recorded,0.43
harness/jev_policy.py::evaluate_decision::1249,jev-policy,asp__jev_fail_closed,0.87
harness/jev_policy.py::evaluate_decision::1249,jev-policy,asp__authz_boundary,0.93
harness/jev_policy.py::evaluate_decision::1249,jev-policy,asp__jev_recorded,0.84
harness/jev_policy.py::evaluate_diff::771,jev-policy,asp__jev_fail_closed,0.46
harness/jev_policy.py::evaluate_diff::771,jev-policy,asp__authz_boundary,0.57
harness/jev_policy.py::evaluate_diff::771,jev-policy,asp__jev_recorded,0.24
harness/jev_policy.py::evaluate_file_triage::1415,jev-policy,asp__jev_fail_closed,0.4
harness/jev_policy.py::evaluate_file_triage::1415,jev-policy,asp__authz_boundary,0.53
harness/jev_policy.py::evaluate_file_triage::1415,jev-policy,asp__jev_recorded,0.44
harness/jev_policy.py::evaluate_hourglass_stage::799,jev-policy,asp__jev_fail_closed,0.7
harness/jev_policy.py::evaluate_hourglass_stage::799,jev-policy,asp__authz_boundary,0.63
harness/jev_policy.py::evaluate_hourglass_stage::799,jev-policy,asp__jev_recorded,0.28
harness/jev_policy.py::evaluate_issue_sort::2047,jev-policy,asp__jev_fail_closed,0.49
harness/jev_policy.py::evaluate_issue_sort::2047,jev-policy,asp__authz_boundary,0.64
harness/jev_policy.py::evaluate_issue_sort::2047,jev-policy,asp__jev_recorded,0.65
harness/jev_policy.py::evaluate_log_item::2207,jev-policy,asp__jev_fail_closed,0.45
harness/jev_policy.py::evaluate_log_item::2207,jev-policy,asp__authz_boundary,0.54
harness/jev_policy.py::evaluate_log_item::2207,jev-policy,asp__jev_recorded,0.35
harness/jev_policy.py::evaluate_model_route::2558,jev-policy,asp__jev_fail_closed,0.33
harness/jev_policy.py::evaluate_model_route::2558,jev-policy,asp__authz_boundary,0.62
harness/jev_policy.py::evaluate_model_route::2558,jev-policy,asp__jev_recorded,0.51
harness/jev_policy.py::evaluate_phase_completion::2756,jev-policy,asp__jev_fail_closed,0.38
harness/jev_policy.py::evaluate_phase_completion::2756,jev-policy,asp__authz_boundary,0.6
harness/jev_policy.py::evaluate_phase_completion::2756,jev-policy,asp__jev_recorded,0.34
harness/jev_policy.py::evaluate_plan::1324,jev-policy,asp__jev_fail_closed,0.44
harness/jev_policy.py::evaluate_plan::1324,jev-policy,asp__authz_boundary,0.61
harness/jev_policy.py::evaluate_plan::1324,jev-policy,asp__jev_recorded,0.24
harness/jev_policy.py::evaluate_provision::3379,jev-policy,asp__jev_fail_closed,0.88
harness/jev_policy.py::evaluate_provision::3379,jev-policy,asp__authz_boundary,0.87
harness/jev_policy.py::evaluate_provision::3379,jev-policy,asp__jev_recorded,0.55
harness/jev_policy.py::evaluate_repo_summary::2382,jev-policy,asp__jev_fail_closed,0.2
harness/jev_policy.py::evaluate_repo_summary::2382,jev-policy,asp__authz_boundary,0.47
harness/jev_policy.py::evaluate_repo_summary::2382,jev-policy,asp__jev_recorded,0.39
harness/jev_policy.py::evaluate_route::1345,jev-policy,asp__jev_fail_closed,0.31
harness/jev_policy.py::evaluate_route::1345,jev-policy,asp__authz_boundary,0.5
harness/jev_policy.py::evaluate_route::1345,jev-policy,asp__jev_recorded,0.55
harness/jev_policy.py::evaluate_scope::1852,jev-policy,asp__jev_fail_closed,0.89
harness/jev_policy.py::evaluate_scope::1852,jev-policy,asp__authz_boundary,0.76
harness/jev_policy.py::evaluate_scope::1852,jev-policy,asp__jev_recorded,0.36
harness/jev_policy.py::evaluate_triage::1175,jev-policy,asp__jev_fail_closed,0.23
harness/jev_policy.py::evaluate_triage::1175,jev-policy,asp__authz_boundary,0.48
harness/jev_policy.py::evaluate_triage::1175,jev-policy,asp__jev_recorded,0.58
harness/jev_policy.py::evaluate_vision_assessment::3151,jev-policy,asp__jev_fail_closed,0.48
harness/jev_policy.py::evaluate_vision_assessment::3151,jev-policy,asp__authz_boundary,0.67
harness/jev_policy.py::evaluate_vision_assessment::3151,jev-policy,asp__jev_recorded,0.6
harness/jev_policy.py::event_metadata::3197,jev-policy,asp__jev_fail_closed,0.26
harness/jev_policy.py::event_metadata::3197,jev-policy,asp__authz_boundary,0.7
harness/jev_policy.py::event_metadata::3197,jev-policy,asp__jev_recorded,0.16
harness/jev_policy.py::fallback_judgment::2420,jev-policy,asp__jev_fail_closed,0.64
harness/jev_policy.py::fallback_judgment::2420,jev-policy,asp__authz_boundary,0.34
harness/jev_policy.py::fallback_judgment::2420,jev-policy,asp__jev_recorded,0.36
harness/jev_policy.py::fallback_judgment::2803,jev-policy,asp__jev_fail_closed,0.6
harness/jev_policy.py::fallback_judgment::2803,jev-policy,asp__authz_boundary,0.36
harness/jev_policy.py::fallback_judgment::2803,jev-policy,asp__jev_recorded,0.48
harness/jev_policy.py::fallback_judgment::3000,jev-policy,asp__jev_fail_closed,0.51
harness/jev_policy.py::fallback_judgment::3000,jev-policy,asp__authz_boundary,0.33
harness/jev_policy.py::fallback_judgment::3000,jev-policy,asp__jev_recorded,0.35
harness/jev_policy.py::fan_out::438,jev-policy,asp__jev_fail_closed,0.43
harness/jev_policy.py::fan_out::438,jev-policy,asp__authz_boundary,0.61
harness/jev_policy.py::fan_out::438,jev-policy,asp__jev_recorded,0.57
harness/jev_policy.py::finish::916,jev-policy,asp__jev_fail_closed,0.74
harness/jev_policy.py::finish::916,jev-policy,asp__authz_boundary,0.65
harness/jev_policy.py::finish::916,jev-policy,asp__jev_recorded,0.12
harness/jev_policy.py::flush_all_fallbacks::136,jev-policy,asp__jev_fail_closed,0.28
harness/jev_policy.py::flush_all_fallbacks::136,jev-policy,asp__authz_boundary,0.73
harness/jev_policy.py::flush_all_fallbacks::136,jev-policy,asp__jev_recorded,0.28
harness/jev_policy.py::flush_fallbacks::393,jev-policy,asp__jev_fail_closed,0.53
harness/jev_policy.py::flush_fallbacks::393,jev-policy,asp__authz_boundary,0.65
harness/jev_policy.py::flush_fallbacks::393,jev-policy,asp__jev_recorded,0.41
harness/jev_policy.py::heuristic_route::2597,jev-policy,asp__jev_fail_closed,0.47
harness/jev_policy.py::heuristic_route::2597,jev-policy,asp__authz_boundary,0.32
harness/jev_policy.py::heuristic_route::2597,jev-policy,asp__jev_recorded,0.37
harness/jev_policy.py::jev_cost_ceiling::219,jev-policy,asp__jev_fail_closed,0.27
harness/jev_policy.py::jev_cost_ceiling::219,jev-policy,asp__authz_boundary,0.68
harness/jev_policy.py::jev_cost_ceiling::219,jev-policy,asp__jev_recorded,0.21
harness/jev_policy.py::keyed::314,jev-policy,asp__jev_fail_closed,0.7
harness/jev_policy.py::keyed::314,jev-policy,asp__authz_boundary,0.51
harness/jev_policy.py::keyed::314,jev-policy,asp__jev_recorded,0.17
harness/jev_policy.py::keyword_judgment::2238,jev-policy,asp__jev_fail_closed,0.49
harness/jev_policy.py::keyword_judgment::2238,jev-policy,asp__authz_boundary,0.34
harness/jev_policy.py::keyword_judgment::2238,jev-policy,asp__jev_recorded,0.48
harness/jev_policy.py::keyword_sort::2095,jev-policy,asp__jev_fail_closed,0.23
harness/jev_policy.py::keyword_sort::2095,jev-policy,asp__authz_boundary,0.36
harness/jev_policy.py::keyword_sort::2095,jev-policy,asp__jev_recorded,0.61
harness/jev_policy.py::local_result::2080,jev-policy,asp__jev_fail_closed,0.35
harness/jev_policy.py::local_result::2080,jev-policy,asp__authz_boundary,0.24
harness/jev_policy.py::local_result::2080,jev-policy,asp__jev_recorded,0.42
harness/jev_policy.py::make_envelope::3224,jev-policy,asp__jev_fail_closed,0.37
harness/jev_policy.py::make_envelope::3224,jev-policy,asp__authz_boundary,0.47
harness/jev_policy.py::make_envelope::3224,jev-policy,asp__jev_recorded,0.59
harness/jev_policy.py::normalize::1048,jev-policy,asp__authz_boundary,0.57
harness/jev_policy.py::normalize::1048,jev-policy,asp__jev_recorded,0.71
harness/jev_policy.py::normalize::1048,jev-policy,asp__jev_fail_closed,0.8
harness/jev_policy.py::noul_value::851,jev-policy,asp__jev_fail_closed,0.81
harness/jev_policy.py::noul_value::851,jev-policy,asp__authz_boundary,0.46
harness/jev_policy.py::noul_value::851,jev-policy,asp__jev_recorded,0.12
harness/jev_policy.py::policy_for::3428,jev-policy,asp__jev_fail_closed,0.34
harness/jev_policy.py::policy_for::3428,jev-policy,asp__authz_boundary,0.47
harness/jev_policy.py::policy_for::3428,jev-policy,asp__jev_recorded,0.23
harness/jev_policy.py::probability::1037,jev-policy,asp__jev_fail_closed,0.8
harness/jev_policy.py::probability::1037,jev-policy,asp__authz_boundary,0.42
harness/jev_policy.py::probability::1037,jev-policy,asp__jev_recorded,0.14
harness/jev_policy.py::read::875,jev-policy,asp__jev_recorded,0.1
harness/jev_policy.py::read::875,jev-policy,asp__jev_fail_closed,0.34
harness/jev_policy.py::read::875,jev-policy,asp__authz_boundary,0.33
harness/jev_policy.py::refuse::3262,jev-policy,asp__jev_fail_closed,0.75
harness/jev_policy.py::refuse::3262,jev-policy,asp__authz_boundary,0.65
harness/jev_policy.py::refuse::3262,jev-policy,asp__jev_recorded,0.11
harness/jev_policy.py::reserve_for_evaluator::779,jev-policy,asp__jev_fail_closed,0.32
harness/jev_policy.py::reserve_for_evaluator::779,jev-policy,asp__authz_boundary,0.35
harness/jev_policy.py::reserve_for_evaluator::779,jev-policy,asp__jev_recorded,0.14
harness/jev_policy.py::run::480,jev-policy,asp__jev_fail_closed,0.51
harness/jev_policy.py::run::480,jev-policy,asp__authz_boundary,0.46
harness/jev_policy.py::run::480,jev-policy,asp__jev_recorded,0.08
harness/jev_policy.py::settle_failure::463,jev-policy,asp__jev_fail_closed,0.6
harness/jev_policy.py::settle_failure::463,jev-policy,asp__authz_boundary,0.54
harness/jev_policy.py::settle_failure::463,jev-policy,asp__jev_recorded,0.34
harness/jev_policy.py::usage_source::3188,jev-policy,asp__jev_fail_closed,0.46
harness/jev_policy.py::usage_source::3188,jev-policy,asp__authz_boundary,0.61
harness/jev_policy.py::usage_source::3188,jev-policy,asp__jev_recorded,0.16
driver_core/adapters.py::__init__::102,provider-adapters,asp__provider_errors_translated,0.19
driver_core/adapters.py::__init__::102,provider-adapters,asp__provider_state_isolated,0.66
driver_core/adapters.py::__init__::148,provider-adapters,asp__provider_errors_translated,0.54
driver_core/adapters.py::__init__::148,provider-adapters,asp__provider_state_isolated,0.84
driver_core/adapters.py::__init__::209,provider-adapters,asp__provider_errors_translated,0.55
driver_core/adapters.py::__init__::209,provider-adapters,asp__provider_state_isolated,0.76
driver_core/adapters.py::__init__::292,provider-adapters,asp__provider_errors_translated,0.17
driver_core/adapters.py::__init__::292,provider-adapters,asp__provider_state_isolated,0.65
driver_core/adapters.py::_envelope::228,provider-adapters,asp__provider_errors_translated,0.14
driver_core/adapters.py::_envelope::228,provider-adapters,asp__provider_state_isolated,0.88
driver_core/adapters.py::_launch_failure::45,provider-adapters,asp__provider_errors_translated,0.32
driver_core/adapters.py::_launch_failure::45,provider-adapters,asp__provider_state_isolated,0.88
driver_core/adapters.py::_path_like::73,provider-adapters,asp__provider_errors_translated,0.26
driver_core/adapters.py::_path_like::73,provider-adapters,asp__provider_state_isolated,0.95
driver_core/adapters.py::can_serve::106,provider-adapters,asp__provider_errors_translated,0.21
driver_core/adapters.py::can_serve::106,provider-adapters,asp__provider_state_isolated,0.74
driver_core/adapters.py::can_serve::161,provider-adapters,asp__provider_errors_translated,0.19
driver_core/adapters.py::can_serve::161,provider-adapters,asp__provider_state_isolated,0.75
driver_core/adapters.py::can_serve::223,provider-adapters,asp__provider_errors_translated,0.19
driver_core/adapters.py::can_serve::223,provider-adapters,asp__provider_state_isolated,0.68
driver_core/adapters.py::can_serve::298,provider-adapters,asp__provider_errors_translated,0.19
driver_core/adapters.py::can_serve::298,provider-adapters,asp__provider_state_isolated,0.75
driver_core/adapters.py::capture::113,provider-adapters,asp__provider_state_isolated,0.72
driver_core/adapters.py::capture::113,provider-adapters,asp__provider_errors_translated,0.5
driver_core/adapters.py::capture::166,provider-adapters,asp__provider_errors_translated,0.73
driver_core/adapters.py::capture::166,provider-adapters,asp__provider_state_isolated,0.76
driver_core/adapters.py::capture::238,provider-adapters,asp__provider_errors_translated,0.51
driver_core/adapters.py::capture::238,provider-adapters,asp__provider_state_isolated,0.66
driver_core/adapters.py::capture::303,provider-adapters,asp__provider_errors_translated,0.46
driver_core/adapters.py::capture::303,provider-adapters,asp__provider_state_isolated,0.73
harness/attest.py::_new_nonce::184,provider-adapters,asp__provider_errors_translated,0.24
harness/attest.py::_new_nonce::184,provider-adapters,asp__provider_state_isolated,0.93
harness/attest.py::_no_dupes::69,provider-adapters,asp__provider_errors_translated,0.44
harness/attest.py::_no_dupes::69,provider-adapters,asp__provider_state_isolated,0.88
harness/attest.py::_strict_json_object::64,provider-adapters,asp__provider_errors_translated,0.78
harness/attest.py::_strict_json_object::64,provider-adapters,asp__provider_state_isolated,0.93
harness/attest.py::authorize_diff::188,provider-adapters,asp__provider_errors_translated,0.66
harness/attest.py::authorize_diff::188,provider-adapters,asp__provider_state_isolated,0.61
harness/attest.py::canonical_attestation_payload::53,provider-adapters,asp__provider_errors_translated,0.19
harness/attest.py::canonical_attestation_payload::53,provider-adapters,asp__provider_state_isolated,0.86
harness/attest.py::parse_attestation::89,provider-adapters,asp__provider_errors_translated,0.76
harness/attest.py::parse_attestation::89,provider-adapters,asp__provider_state_isolated,0.88
harness/capability.py::__init__::174,provider-adapters,asp__provider_errors_translated,0.15
harness/capability.py::__init__::174,provider-adapters,asp__provider_state_isolated,0.79
harness/capability.py::__repr__::264,provider-adapters,asp__provider_errors_translated,0.3
harness/capability.py::__repr__::264,provider-adapters,asp__provider_state_isolated,0.69
harness/capability.py::_clamp01::271,provider-adapters,asp__provider_errors_translated,0.17
harness/capability.py::_clamp01::271,provider-adapters,asp__provider_state_isolated,0.96
harness/capability.py::_probe_is_free::474,provider-adapters,asp__provider_errors_translated,0.68
harness/capability.py::_probe_is_free::474,provider-adapters,asp__provider_state_isolated,0.83
harness/capability.py::_shrink_weight::352,provider-adapters,asp__provider_errors_translated,0.2
harness/capability.py::_shrink_weight::352,provider-adapters,asp__provider_state_isolated,0.84
harness/capability.py::build_profiles_from_models::438,provider-adapters,asp__provider_errors_translated,0.21
harness/capability.py::build_profiles_from_models::438,provider-adapters,asp__provider_state_isolated,0.9
harness/capability.py::capabilities_payload::52,provider-adapters,asp__provider_errors_translated,0.25
harness/capability.py::capabilities_payload::52,provider-adapters,asp__provider_state_isolated,0.52
harness/capability.py::capability_fitness::308,provider-adapters,asp__provider_errors_translated,0.22
harness/capability.py::capability_fitness::308,provider-adapters,asp__provider_state_isolated,0.74
harness/capability.py::capability_score::283,provider-adapters,asp__provider_errors_translated,0.21
harness/capability.py::capability_score::283,provider-adapters,asp__provider_state_isolated,0.87
harness/capability.py::composite_reliability::388,provider-adapters,asp__provider_errors_translated,0.28
harness/capability.py::composite_reliability::388,provider-adapters,asp__provider_state_isolated,0.9
harness/capability.py::context_score::275,provider-adapters,asp__provider_errors_translated,0.21
harness/capability.py::context_score::275,provider-adapters,asp__provider_state_isolated,0.88
harness/capability.py::declared_json::202,provider-adapters,asp__provider_errors_translated,0.27
harness/capability.py::declared_json::202,provider-adapters,asp__provider_state_isolated,0.73
harness/capability.py::demotion::670,provider-adapters,asp__provider_errors_translated,0.4
harness/capability.py::demotion::670,provider-adapters,asp__provider_state_isolated,0.42
harness/capability.py::ensure_profiles::443,provider-adapters,asp__provider_errors_translated,0.12
harness/capability.py::ensure_profiles::443,provider-adapters,asp__provider_state_isolated,0.32
harness/capability.py::from_dict::228,provider-adapters,asp__provider_errors_translated,0.17
harness/capability.py::from_dict::228,provider-adapters,asp__provider_state_isolated,0.88
harness/capability.py::from_model::241,provider-adapters,asp__provider_errors_translated,0.2
harness/capability.py::from_model::241,provider-adapters,asp__provider_state_isolated,0.92
harness/capability.py::json_reliable::328,provider-adapters,asp__provider_errors_translated,0.41
harness/capability.py::json_reliable::328,provider-adapters,asp__provider_state_isolated,0.4
harness/capability.py::load_profiles::410,provider-adapters,asp__provider_errors_translated,0.52
harness/capability.py::load_profiles::410,provider-adapters,asp__provider_state_isolated,0.87
harness/capability.py::max_source_tokens::211,provider-adapters,asp__provider_errors_translated,0.29
harness/capability.py::max_source_tokens::211,provider-adapters,asp__provider_state_isolated,0.7
harness/capability.py::model_reliability::356,provider-adapters,asp__provider_errors_translated,0.22
harness/capability.py::model_reliability::356,provider-adapters,asp__provider_state_isolated,0.78
harness/capability.py::observed_json_reliability::316,provider-adapters,asp__provider_errors_translated,0.25
harness/capability.py::observed_json_reliability::316,provider-adapters,asp__provider_state_isolated,0.81
harness/capability.py::observed_samples::346,provider-adapters,asp__provider_errors_translated,0.21
harness/capability.py::observed_samples::346,provider-adapters,asp__provider_state_isolated,0.73
harness/capability.py::order_pool::638,provider-adapters,asp__provider_errors_translated,0.46
harness/capability.py::order_pool::638,provider-adapters,asp__provider_state_isolated,0.65
harness/capability.py::ordered_pool::737,provider-adapters,asp__provider_errors_translated,0.48
harness/capability.py::ordered_pool::737,provider-adapters,asp__provider_state_isolated,0.59
harness/capability.py::probe_json_reliability::490,provider-adapters,asp__provider_errors_translated,0.25
harness/capability.py::probe_json_reliability::490,provider-adapters,asp__provider_state_isolated,0.63
harness/capability.py::row::74,provider-adapters,asp__provider_errors_translated,0.32
harness/capability.py::row::74,provider-adapters,asp__provider_state_isolated,0.41
harness/capability.py::save_profiles::425,provider-adapters,asp__provider_errors_translated,0.14
harness/capability.py::save_profiles::425,provider-adapters,asp__provider_state_isolated,0.68
harness/capability.py::source_budget_for::141,provider-adapters,asp__provider_errors_translated,0.23
harness/capability.py::source_budget_for::141,provider-adapters,asp__provider_state_isolated,0.8
harness/capability.py::to_dict::215,provider-adapters,asp__provider_errors_translated,0.21
harness/capability.py::to_dict::215,provider-adapters,asp__provider_state_isolated,0.76
harness/claims.py::_code_identifiers::272,provider-adapters,asp__provider_errors_translated,0.16
harness/claims.py::_code_identifiers::272,provider-adapters,asp__provider_state_isolated,0.87
harness/claims.py::_defined_in::69,provider-adapters,asp__provider_errors_translated,0.2
harness/claims.py::_defined_in::69,provider-adapters,asp__provider_state_isolated,0.85
harness/claims.py::build_claims_prompt::409,provider-adapters,asp__provider_errors_translated,0.21
harness/claims.py::build_claims_prompt::409,provider-adapters,asp__provider_state_isolated,0.87
harness/claims.py::curate_claims_from_ledger::160,provider-adapters,asp__provider_errors_translated,0.55
harness/claims.py::curate_claims_from_ledger::160,provider-adapters,asp__provider_state_isolated,0.91
harness/claims.py::is_absence_styled::94,provider-adapters,asp__provider_errors_translated,0.28
harness/claims.py::is_absence_styled::94,provider-adapters,asp__provider_state_isolated,0.86
harness/claims.py::is_load_bearing::89,provider-adapters,asp__provider_errors_translated,0.26
harness/claims.py::is_load_bearing::89,provider-adapters,asp__provider_state_isolated,0.87
harness/claims.py::lint_claims::287,provider-adapters,asp__provider_errors_translated,0.3
harness/claims.py::lint_claims::287,provider-adapters,asp__provider_state_isolated,0.88
harness/claims.py::load_claims_manifest::144,provider-adapters,asp__provider_errors_translated,0.83
harness/claims.py::load_claims_manifest::144,provider-adapters,asp__provider_state_isolated,0.89
harness/claims.py::load_definitions_file::257,provider-adapters,asp__provider_errors_translated,0.87
harness/claims.py::load_definitions_file::257,provider-adapters,asp__provider_state_isolated,0.87
harness/claims.py::normalize_definitions::234,provider-adapters,asp__provider_errors_translated,0.15
harness/claims.py::normalize_definitions::234,provider-adapters,asp__provider_state_isolated,0.94
harness/claims.py::parse_claims::109,provider-adapters,asp__provider_errors_translated,0.62
harness/claims.py::parse_claims::109,provider-adapters,asp__provider_state_isolated,0.92
harness/providers.py::available_providers::60,provider-adapters,asp__provider_errors_translated,0.17
harness/providers.py::available_providers::60,provider-adapters,asp__provider_state_isolated,0.6
harness/providers.py::execute_node::34,provider-adapters,asp__provider_errors_translated,0.23
harness/providers.py::execute_node::34,provider-adapters,asp__provider_state_isolated,0.42
harness/providers.py::get::56,provider-adapters,asp__provider_errors_translated,0.16
harness/providers.py::get::56,provider-adapters,asp__provider_state_isolated,0.5
harness/providers.py::is_available::29,provider-adapters,asp__provider_errors_translated,0.26
harness/providers.py::is_available::29,provider-adapters,asp__provider_state_isolated,0.52
harness/providers.py::name::24,provider-adapters,asp__provider_errors_translated,0.25
harness/providers.py::name::24,provider-adapters,asp__provider_state_isolated,0.77
harness/providers.py::register::52,provider-adapters,asp__provider_errors_translated,0.14
harness/providers.py::register::52,provider-adapters,asp__provider_state_isolated,0.14
driver_core/server.py::__init__::78,server-transport,asp__transport_failures_surfaced,0.26
driver_core/server.py::__init__::78,server-transport,asp__seam_contract_validated,0.16
driver_core/server.py::_authorised::253,server-transport,asp__transport_failures_surfaced,0.59
driver_core/server.py::_authorised::253,server-transport,asp__seam_contract_validated,0.64
driver_core/server.py::_consent_for::194,server-transport,asp__transport_failures_surfaced,0.21
driver_core/server.py::_consent_for::194,server-transport,asp__seam_contract_validated,0.18
driver_core/server.py::_ok::49,server-transport,asp__transport_failures_surfaced,0.2
driver_core/server.py::_ok::49,server-transport,asp__seam_contract_validated,0.07
driver_core/server.py::_refuse::271,server-transport,asp__transport_failures_surfaced,0.38
driver_core/server.py::_refuse::271,server-transport,asp__seam_contract_validated,0.4
driver_core/server.py::_refused::64,server-transport,asp__transport_failures_surfaced,0.67
driver_core/server.py::_refused::64,server-transport,asp__seam_contract_validated,0.36
driver_core/server.py::_resolve_target::174,server-transport,asp__transport_failures_surfaced,0.7
driver_core/server.py::_resolve_target::174,server-transport,asp__seam_contract_validated,0.64
driver_core/server.py::_respond::306,server-transport,asp__transport_failures_surfaced,0.19
driver_core/server.py::_respond::306,server-transport,asp__seam_contract_validated,0.07
driver_core/server.py::_vocabulary_view::118,server-transport,asp__transport_failures_surfaced,0.24
driver_core/server.py::_vocabulary_view::118,server-transport,asp__seam_contract_validated,0.19
driver_core/server.py::_wrapped::60,server-transport,asp__transport_failures_surfaced,0.32
driver_core/server.py::_wrapped::60,server-transport,asp__seam_contract_validated,0.08
driver_core/server.py::do_GET::314,server-transport,asp__transport_failures_surfaced,0.32
driver_core/server.py::do_GET::314,server-transport,asp__seam_contract_validated,0.14
driver_core/server.py::do_POST::322,server-transport,asp__transport_failures_surfaced,0.38
driver_core/server.py::do_POST::322,server-transport,asp__seam_contract_validated,0.41
driver_core/server.py::handle::218,server-transport,asp__transport_failures_surfaced,0.4
driver_core/server.py::handle::218,server-transport,asp__seam_contract_validated,0.41
driver_core/server.py::health::98,server-transport,asp__transport_failures_surfaced,0.3
driver_core/server.py::health::98,server-transport,asp__seam_contract_validated,0.12
driver_core/server.py::log_message::250,server-transport,asp__transport_failures_surfaced,0.08
driver_core/server.py::log_message::250,server-transport,asp__seam_contract_validated,0.04
driver_core/server.py::schemas::113,server-transport,asp__transport_failures_surfaced,0.31
driver_core/server.py::schemas::113,server-transport,asp__seam_contract_validated,0.14
driver_core/server.py::serve::341,server-transport,asp__transport_failures_surfaced,0.43
driver_core/server.py::serve::341,server-transport,asp__seam_contract_validated,0.07
driver_core/server.py::step::136,server-transport,asp__transport_failures_surfaced,0.76
driver_core/server.py::step::136,server-transport,asp__seam_contract_validated,0.64
driver_core/server.py::verify::211,server-transport,asp__transport_failures_surfaced,0.4
driver_core/server.py::verify::211,server-transport,asp__seam_contract_validated,0.14
driver_core/server.py::vocabulary::133,server-transport,asp__transport_failures_surfaced,0.33
driver_core/server.py::vocabulary::133,server-transport,asp__seam_contract_validated,0.12
driver_core/transport.py::__init__::37,server-transport,asp__transport_failures_surfaced,0.34
driver_core/transport.py::__init__::37,server-transport,asp__seam_contract_validated,0.17
driver_core/transport.py::__repr__::63,server-transport,asp__transport_failures_surfaced,0.33
driver_core/transport.py::__repr__::63,server-transport,asp__seam_contract_validated,0.08
driver_core/transport.py::_first_line::107,server-transport,asp__transport_failures_surfaced,0.16
driver_core/transport.py::_first_line::107,server-transport,asp__seam_contract_validated,0.08
driver_core/transport.py::call_service::175,server-transport,asp__transport_failures_surfaced,0.63
driver_core/transport.py::call_service::175,server-transport,asp__seam_contract_validated,0.34
driver_core/transport.py::choice::129,server-transport,asp__transport_failures_surfaced,0.37
driver_core/transport.py::choice::129,server-transport,asp__seam_contract_validated,0.4
driver_core/transport.py::noul::116,server-transport,asp__transport_failures_surfaced,0.27
driver_core/transport.py::noul::116,server-transport,asp__seam_contract_validated,0.12
driver_core/transport.py::ok::45,server-transport,asp__transport_failures_surfaced,0.34
driver_core/transport.py::ok::45,server-transport,asp__seam_contract_validated,0.11
driver_core/transport.py::request::67,server-transport,asp__transport_failures_surfaced,0.89
driver_core/transport.py::request::67,server-transport,asp__seam_contract_validated,0.35
driver_core/transport.py::require::184,server-transport,asp__transport_failures_surfaced,0.88
driver_core/transport.py::require::184,server-transport,asp__seam_contract_validated,0.32
driver_core/transport.py::score::146,server-transport,asp__transport_failures_surfaced,0.42
driver_core/transport.py::score::146,server-transport,asp__seam_contract_validated,0.5
driver_core/transport.py::to_dict::59,server-transport,asp__transport_failures_surfaced,0.39
driver_core/transport.py::to_dict::59,server-transport,asp__seam_contract_validated,0.09
driver_core/transport.py::usage::48,server-transport,asp__transport_failures_surfaced,0.23
driver_core/transport.py::usage::48,server-transport,asp__seam_contract_validated,0.3
driver_core/transport.py::validate_questions::158,server-transport,asp__transport_failures_surfaced,0.79
driver_core/transport.py::validate_questions::158,server-transport,asp__seam_contract_validated,0.87
harness/_http.py::_carry_retry_cost::98,server-transport,asp__transport_failures_surfaced,0.57
harness/_http.py::_carry_retry_cost::98,server-transport,asp__seam_contract_validated,0.24
harness/_http.py::_header::58,server-transport,asp__transport_failures_surfaced,0.18
harness/_http.py::_header::58,server-transport,asp__seam_contract_validated,0.08
harness/_http.py::_retry_cost_of::90,server-transport,asp__transport_failures_surfaced,0.28
harness/_http.py::_retry_cost_of::90,server-transport,asp__seam_contract_validated,0.13
harness/_http.py::_retry_delay::46,server-transport,asp__transport_failures_surfaced,0.71
harness/_http.py::_retry_delay::46,server-transport,asp__seam_contract_validated,0.16
harness/_http.py::_transient::55,server-transport,asp__transport_failures_surfaced,0.53
harness/_http.py::_transient::55,server-transport,asp__seam_contract_validated,0.11
harness/_http.py::get::61,server-transport,asp__transport_failures_surfaced,0.93
harness/_http.py::get::61,server-transport,asp__seam_contract_validated,0.11
harness/_http.py::post::115,server-transport,asp__transport_failures_surfaced,0.88
harness/_http.py::post::115,server-transport,asp__seam_contract_validated,0.12
harness/_http.py::post_once::145,server-transport,asp__transport_failures_surfaced,0.79
harness/_http.py::post_once::145,server-transport,asp__seam_contract_validated,0.14
harness/_http.py::redirect_request::43,server-transport,asp__transport_failures_surfaced,0.13
harness/_http.py::redirect_request::43,server-transport,asp__seam_contract_validated,0.06
harness/mcp.py::__init__::111,server-transport,asp__transport_failures_surfaced,0.29
harness/mcp.py::__init__::111,server-transport,asp__seam_contract_validated,0.12
harness/mcp.py::_call_tool::403,server-transport,asp__transport_failures_surfaced,0.35
harness/mcp.py::_call_tool::403,server-transport,asp__seam_contract_validated,0.17
harness/mcp.py::_call_tool_impl::427,server-transport,asp__transport_failures_surfaced,0.44
harness/mcp.py::_call_tool_impl::427,server-transport,asp__seam_contract_validated,0.78
harness/mcp.py::_cancel_check::194,server-transport,asp__transport_failures_surfaced,0.25
harness/mcp.py::_cancel_check::194,server-transport,asp__seam_contract_validated,0.13
harness/mcp.py::_capture_caller::301,server-transport,asp__transport_failures_surfaced,0.07
harness/mcp.py::_capture_caller::301,server-transport,asp__seam_contract_validated,0.14
harness/mcp.py::_check_auth::414,server-transport,asp__transport_failures_surfaced,0.39
harness/mcp.py::_check_auth::414,server-transport,asp__seam_contract_validated,0.43
harness/mcp.py::_forget_start::180,server-transport,asp__transport_failures_surfaced,0.17
harness/mcp.py::_forget_start::180,server-transport,asp__seam_contract_validated,0.11
harness/mcp.py::_handle::330,server-transport,asp__transport_failures_surfaced,0.19
harness/mcp.py::_handle::330,server-transport,asp__seam_contract_validated,0.62
harness/mcp.py::_handle_cancellation::374,server-transport,asp__transport_failures_surfaced,0.21
harness/mcp.py::_handle_cancellation::374,server-transport,asp__seam_contract_validated,0.82
harness/mcp.py::_handle_cli_flags::1224,server-transport,asp__transport_failures_surfaced,0.24
harness/mcp.py::_handle_cli_flags::1224,server-transport,asp__seam_contract_validated,0.12
harness/mcp.py::_invoke::522,server-transport,asp__transport_failures_surfaced,0.55
harness/mcp.py::_invoke::522,server-transport,asp__seam_contract_validated,0.8
harness/mcp.py::_is_cancelled::399,server-transport,asp__transport_failures_surfaced,0.28
harness/mcp.py::_is_cancelled::399,server-transport,asp__seam_contract_validated,0.1
harness/mcp.py::_is_expired::184,server-transport,asp__transport_failures_surfaced,0.17
harness/mcp.py::_is_expired::184,server-transport,asp__seam_contract_validated,0.1
harness/mcp.py::_negotiate_version::319,server-transport,asp__transport_failures_surfaced,0.57
harness/mcp.py::_negotiate_version::319,server-transport,asp__seam_contract_validated,0.55
harness/mcp.py::_note_start::172,server-transport,asp__transport_failures_surfaced,0.19
harness/mcp.py::_note_start::172,server-transport,asp__seam_contract_validated,0.17
harness/mcp.py::_progress_message::87,server-transport,asp__transport_failures_surfaced,0.21
harness/mcp.py::_progress_message::87,server-transport,asp__seam_contract_validated,0.1
harness/mcp.py::_progress_sink::1179,server-transport,asp__transport_failures_surfaced,0.05
harness/mcp.py::_progress_sink::1179,server-transport,asp__seam_contract_validated,0.12
harness/mcp.py::_refuse::506,server-transport,asp__transport_failures_surfaced,0.36
harness/mcp.py::_refuse::506,server-transport,asp__seam_contract_validated,0.13
harness/mcp.py::_register_progress::1203,server-transport,asp__transport_failures_surfaced,0.13
harness/mcp.py::_register_progress::1203,server-transport,asp__seam_contract_validated,0.18
harness/mcp.py::_reject_nonstandard_json::104,server-transport,asp__transport_failures_surfaced,0.74
harness/mcp.py::_reject_nonstandard_json::104,server-transport,asp__seam_contract_validated,0.5
harness/mcp.py::_remove_progress::1212,server-transport,asp__transport_failures_surfaced,0.21
harness/mcp.py::_remove_progress::1212,server-transport,asp__seam_contract_validated,0.12
harness/mcp.py::_sanitize_caller_part::295,server-transport,asp__seam_contract_validated,0.17
harness/mcp.py::_sanitize_caller_part::295,server-transport,asp__transport_failures_surfaced,0.19
harness/mcp.py::_tools::503,server-transport,asp__transport_failures_surfaced,0.26
harness/mcp.py::_tools::503,server-transport,asp__seam_contract_validated,0.18
harness/mcp.py::_valid_progress_token::81,server-transport,asp__transport_failures_surfaced,0.27
harness/mcp.py::_valid_progress_token::81,server-transport,asp__seam_contract_validated,0.65
harness/mcp.py::_valid_rpc_id::74,server-transport,asp__transport_failures_surfaced,0.24
harness/mcp.py::_valid_rpc_id::74,server-transport,asp__seam_contract_validated,0.7
harness/mcp.py::_write::1218,server-transport,asp__transport_failures_surfaced,0.19
harness/mcp.py::_write::1218,server-transport,asp__seam_contract_validated,0.09
harness/mcp.py::_write_tool_response::273,server-transport,asp__transport_failures_surfaced,0.28
harness/mcp.py::_write_tool_response::273,server-transport,asp__seam_contract_validated,0.22
harness/mcp.py::main::1250,server-transport,asp__transport_failures_surfaced,0.41
harness/mcp.py::main::1250,server-transport,asp__seam_contract_validated,0.18
harness/mcp.py::serve_forever::204,server-transport,asp__transport_failures_surfaced,0.34
harness/mcp.py::serve_forever::204,server-transport,asp__seam_contract_validated,0.81
harness/mcp.py::sink::1189,server-transport,asp__transport_failures_surfaced,0.19
harness/mcp.py::sink::1189,server-transport,asp__seam_contract_validated,0.11
harness/mcp_lanes.py::lane_for::25,server-transport,asp__transport_failures_surfaced,0.3
harness/mcp_lanes.py::lane_for::25,server-transport,asp__seam_contract_validated,0.21
harness/media_client.py::__init__::60,server-transport,asp__transport_failures_surfaced,0.47
harness/media_client.py::__init__::60,server-transport,asp__seam_contract_validated,0.05
harness/media_client.py::_envelope::140,server-transport,asp__transport_failures_surfaced,0.3
harness/media_client.py::_envelope::140,server-transport,asp__seam_contract_validated,0.09
harness/media_client.py::_generate::106,server-transport,asp__transport_failures_surfaced,0.55
harness/media_client.py::_generate::106,server-transport,asp__seam_contract_validated,0.13
harness/media_client.py::_load_endpoint::43,server-transport,asp__transport_failures_surfaced,0.09
harness/media_client.py::_load_endpoint::43,server-transport,asp__seam_contract_validated,0.06
harness/media_client.py::_request::71,server-transport,asp__transport_failures_surfaced,0.93
harness/media_client.py::_request::71,server-transport,asp__seam_contract_validated,0.14
harness/media_client.py::balance::135,server-transport,asp__transport_failures_surfaced,0.62
harness/media_client.py::balance::135,server-transport,asp__seam_contract_validated,0.12
harness/media_client.py::image::100,server-transport,asp__transport_failures_surfaced,0.47
harness/media_client.py::image::100,server-transport,asp__seam_contract_validated,0.16
harness/media_client.py::job::126,server-transport,asp__transport_failures_surfaced,0.55
harness/media_client.py::job::126,server-transport,asp__seam_contract_validated,0.15
harness/media_client.py::jobs::129,server-transport,asp__transport_failures_surfaced,0.59
harness/media_client.py::jobs::129,server-transport,asp__seam_contract_validated,0.1
harness/media_client.py::run_cli::157,server-transport,asp__transport_failures_surfaced,0.78
harness/media_client.py::run_cli::157,server-transport,asp__seam_contract_validated,0.15
harness/media_client.py::show::201,server-transport,asp__transport_failures_surfaced,0.26
harness/media_client.py::show::201,server-transport,asp__seam_contract_validated,0.07
harness/media_client.py::video::103,server-transport,asp__transport_failures_surfaced,0.48
harness/media_client.py::video::103,server-transport,asp__seam_contract_validated,0.15
harness/media_client.py::wait::116,server-transport,asp__transport_failures_surfaced,0.42
harness/media_client.py::wait::116,server-transport,asp__seam_contract_validated,0.11
harness/server.py::__init__::781,server-transport,asp__transport_failures_surfaced,0.16
harness/server.py::__init__::781,server-transport,asp__seam_contract_validated,0.05
harness/server.py::_api_cancel::1293,server-transport,asp__transport_failures_surfaced,0.42
harness/server.py::_api_cancel::1293,server-transport,asp__seam_contract_validated,0.22
harness/server.py::_api_capabilities::1431,server-transport,asp__transport_failures_surfaced,0.44
harness/server.py::_api_capabilities::1431,server-transport,asp__seam_contract_validated,0.15
harness/server.py::_api_cost::1500,server-transport,asp__transport_failures_surfaced,0.47
harness/server.py::_api_cost::1500,server-transport,asp__seam_contract_validated,0.11
harness/server.py::_api_dispatch::1304,server-transport,asp__transport_failures_surfaced,0.41
harness/server.py::_api_dispatch::1304,server-transport,asp__seam_contract_validated,0.71
harness/server.py::_api_driver_drive::1595,server-transport,asp__transport_failures_surfaced,0.34
harness/server.py::_api_driver_drive::1595,server-transport,asp__seam_contract_validated,0.14
harness/server.py::_api_driver_health::1538,server-transport,asp__transport_failures_surfaced,0.83
harness/server.py::_api_driver_health::1538,server-transport,asp__seam_contract_validated,0.12
harness/server.py::_api_driver_schemas::1552,server-transport,asp__transport_failures_surfaced,0.86
harness/server.py::_api_driver_schemas::1552,server-transport,asp__seam_contract_validated,0.13
harness/server.py::_api_driver_start::1566,server-transport,asp__transport_failures_surfaced,0.83
harness/server.py::_api_driver_start::1566,server-transport,asp__seam_contract_validated,0.14
harness/server.py::_api_driver_step::1574,server-transport,asp__transport_failures_surfaced,0.88
harness/server.py::_api_driver_step::1574,server-transport,asp__seam_contract_validated,0.4
harness/server.py::_api_driver_verify::1559,server-transport,asp__transport_failures_surfaced,0.84
harness/server.py::_api_driver_verify::1559,server-transport,asp__seam_contract_validated,0.19
harness/server.py::_api_driver_vocabulary::1545,server-transport,asp__transport_failures_surfaced,0.83
harness/server.py::_api_driver_vocabulary::1545,server-transport,asp__seam_contract_validated,0.14
harness/server.py::_api_events::1264,server-transport,asp__transport_failures_surfaced,0.53
harness/server.py::_api_events::1264,server-transport,asp__seam_contract_validated,0.49
harness/server.py::_api_jev_phase::1489,server-transport,asp__transport_failures_surfaced,0.36
harness/server.py::_api_jev_phase::1489,server-transport,asp__seam_contract_validated,0.44
harness/server.py::_api_jev_phase_payload::924,server-transport,asp__transport_failures_surfaced,0.39
harness/server.py::_api_jev_phase_payload::924,server-transport,asp__seam_contract_validated,0.11
harness/server.py::_api_ledger_defer_stats::1422,server-transport,asp__transport_failures_surfaced,0.52
harness/server.py::_api_ledger_defer_stats::1422,server-transport,asp__seam_contract_validated,0.51
harness/server.py::_api_ledger_report::1367,server-transport,asp__transport_failures_surfaced,0.36
harness/server.py::_api_ledger_report::1367,server-transport,asp__seam_contract_validated,0.13
harness/server.py::_api_ledger_tail::1350,server-transport,asp__transport_failures_surfaced,0.45
harness/server.py::_api_ledger_tail::1350,server-transport,asp__seam_contract_validated,0.43
harness/server.py::_api_ledger_verify::1359,server-transport,asp__transport_failures_surfaced,0.47
harness/server.py::_api_ledger_verify::1359,server-transport,asp__seam_contract_validated,0.16
harness/server.py::_api_mission_detail::1524,server-transport,asp__transport_failures_surfaced,0.42
harness/server.py::_api_mission_detail::1524,server-transport,asp__seam_contract_validated,0.14
harness/server.py::_api_missions_list::1513,server-transport,asp__transport_failures_surfaced,0.44
harness/server.py::_api_missions_list::1513,server-transport,asp__seam_contract_validated,0.46
harness/server.py::_api_models::1442,server-transport,asp__transport_failures_surfaced,0.56
harness/server.py::_api_models::1442,server-transport,asp__seam_contract_validated,0.38
harness/server.py::_api_rankings::1458,server-transport,asp__transport_failures_surfaced,0.79
harness/server.py::_api_rankings::1458,server-transport,asp__seam_contract_validated,0.16
harness/server.py::_api_run_sub::1276,server-transport,asp__transport_failures_surfaced,0.6
harness/server.py::_api_run_sub::1276,server-transport,asp__seam_contract_validated,0.42
harness/server.py::_api_runs::1258,server-transport,asp__transport_failures_surfaced,0.23
harness/server.py::_api_runs::1258,server-transport,asp__seam_contract_validated,0.1
harness/server.py::_api_session_delete::1310,server-transport,asp__transport_failures_surfaced,0.77
harness/server.py::_api_session_delete::1310,server-transport,asp__seam_contract_validated,0.17
harness/server.py::_api_settings_update::1318,server-transport,asp__seam_contract_validated,0.6
harness/server.py::_api_settings_update::1318,server-transport,asp__transport_failures_surfaced,0.69
harness/server.py::_api_site_route::1395,server-transport,asp__transport_failures_surfaced,0.64
harness/server.py::_api_site_route::1395,server-transport,asp__seam_contract_validated,0.57
harness/server.py::_api_site_route::1598,server-transport,asp__transport_failures_surfaced,0.61
harness/server.py::_api_site_route::1598,server-transport,asp__seam_contract_validated,0.56
harness/server.py::_api_site_snapshot::1374,server-transport,asp__transport_failures_surfaced,0.53
harness/server.py::_api_site_snapshot::1374,server-transport,asp__seam_contract_validated,0.17
harness/server.py::_api_spend::1336,server-transport,asp__transport_failures_surfaced,0.43
harness/server.py::_api_spend::1336,server-transport,asp__seam_contract_validated,0.11
harness/server.py::_api_status::1234,server-transport,asp__transport_failures_surfaced,0.25
harness/server.py::_api_status::1234,server-transport,asp__seam_contract_validated,0.1
harness/server.py::_api_trust::1244,server-transport,asp__transport_failures_surfaced,0.83
harness/server.py::_api_trust::1244,server-transport,asp__seam_contract_validated,0.14
harness/server.py::_authorized::1028,server-transport,asp__transport_failures_surfaced,0.24
harness/server.py::_authorized::1028,server-transport,asp__seam_contract_validated,0.41
harness/server.py::_delete_chat_session::62,server-transport,asp__transport_failures_surfaced,0.42
harness/server.py::_delete_chat_session::62,server-transport,asp__seam_contract_validated,0.13
harness/server.py::_drain_body::1000,server-transport,asp__transport_failures_surfaced,0.22
harness/server.py::_drain_body::1000,server-transport,asp__seam_contract_validated,0.38
harness/server.py::_driver_adapter::558,server-transport,asp__transport_failures_surfaced,0.23
harness/server.py::_driver_adapter::558,server-transport,asp__seam_contract_validated,0.16
harness/server.py::_error::997,server-transport,asp__transport_failures_surfaced,0.33
harness/server.py::_error::997,server-transport,asp__seam_contract_validated,0.11
harness/server.py::_finite_float::132,server-transport,asp__transport_failures_surfaced,0.71
harness/server.py::_finite_float::132,server-transport,asp__seam_contract_validated,0.79
harness/server.py::_flag::1504,server-transport,asp__transport_failures_surfaced,0.12
harness/server.py::_flag::1504,server-transport,asp__seam_contract_validated,0.13
harness/server.py::_get_driver_adapter::1535,server-transport,asp__transport_failures_surfaced,0.28
harness/server.py::_get_driver_adapter::1535,server-transport,asp__seam_contract_validated,0.09
harness/server.py::_guard::1052,server-transport,asp__transport_failures_surfaced,0.49
harness/server.py::_guard::1052,server-transport,asp__seam_contract_validated,0.63
harness/server.py::_host_ok::1045,server-transport,asp__transport_failures_surfaced,0.34
harness/server.py::_host_ok::1045,server-transport,asp__seam_contract_validated,0.71
harness/server.py::_list_missions::936,server-transport,asp__transport_failures_surfaced,0.16
harness/server.py::_list_missions::936,server-transport,asp__seam_contract_validated,0.12
harness/server.py::_on_event::816,server-transport,asp__transport_failures_surfaced,0.14
harness/server.py::_on_event::816,server-transport,asp__seam_contract_validated,0.07
harness/server.py::_opt_bool::166,server-transport,asp__transport_failures_surfaced,0.15
harness/server.py::_opt_bool::166,server-transport,asp__seam_contract_validated,0.15
harness/server.py::_opt_int::153,server-transport,asp__transport_failures_surfaced,0.53
harness/server.py::_opt_int::153,server-transport,asp__seam_contract_validated,0.79
harness/server.py::_opt_str::142,server-transport,asp__transport_failures_surfaced,0.34
harness/server.py::_opt_str::142,server-transport,asp__seam_contract_validated,0.59
harness/server.py::_rankings_reports::110,server-transport,asp__transport_failures_surfaced,0.1
harness/server.py::_rankings_reports::110,server-transport,asp__seam_contract_validated,0.09
harness/server.py::_run_thread::851,server-transport,asp__transport_failures_surfaced,0.59
harness/server.py::_run_thread::851,server-transport,asp__seam_contract_validated,0.11
harness/server.py::_send_json::985,server-transport,asp__transport_failures_surfaced,0.23
harness/server.py::_send_json::985,server-transport,asp__seam_contract_validated,0.08
harness/server.py::_settings_view::888,server-transport,asp__transport_failures_surfaced,0.2
harness/server.py::_settings_view::888,server-transport,asp__seam_contract_validated,0.11
harness/server.py::_site_demo_snapshot::905,server-transport,asp__transport_failures_surfaced,0.55
harness/server.py::_site_demo_snapshot::905,server-transport,asp__seam_contract_validated,0.07
harness/server.py::_site_static::1193,server-transport,asp__transport_failures_surfaced,0.64
harness/server.py::_site_static::1193,server-transport,asp__seam_contract_validated,0.45
harness/server.py::_split_list::280,server-transport,asp__transport_failures_surfaced,0.14
harness/server.py::_split_list::280,server-transport,asp__seam_contract_validated,0.12
harness/server.py::_static::1179,server-transport,asp__transport_failures_surfaced,0.75
harness/server.py::_static::1179,server-transport,asp__seam_contract_validated,0.15
harness/server.py::build::1337,server-transport,asp__transport_failures_surfaced,0.26
harness/server.py::build::1337,server-transport,asp__seam_contract_validated,0.09
harness/server.py::build::1360,server-transport,asp__transport_failures_surfaced,0.35
harness/server.py::build::1360,server-transport,asp__seam_contract_validated,0.15
harness/server.py::build::1426,server-transport,asp__transport_failures_surfaced,0.22
harness/server.py::build::1426,server-transport,asp__seam_contract_validated,0.1
harness/server.py::build::1448,server-transport,asp__transport_failures_surfaced,0.35
harness/server.py::build::1448,server-transport,asp__seam_contract_validated,0.1
harness/server.py::cached::791,server-transport,asp__transport_failures_surfaced,0.54
harness/server.py::cached::791,server-transport,asp__seam_contract_validated,0.08
harness/server.py::create_run::832,server-transport,asp__transport_failures_surfaced,0.16
harness/server.py::create_run::832,server-transport,asp__seam_contract_validated,0.08
harness/server.py::do_GET::1065,server-transport,asp__transport_failures_surfaced,0.65
harness/server.py::do_GET::1065,server-transport,asp__seam_contract_validated,0.16
harness/server.py::do_POST::1141,server-transport,asp__transport_failures_surfaced,0.42
harness/server.py::do_POST::1141,server-transport,asp__seam_contract_validated,0.25
harness/server.py::ensure_driver_daemon::525,server-transport,asp__transport_failures_surfaced,0.3
harness/server.py::ensure_driver_daemon::525,server-transport,asp__seam_contract_validated,0.11
harness/server.py::events_after::821,server-transport,asp__transport_failures_surfaced,0.19
harness/server.py::events_after::821,server-transport,asp__seam_contract_validated,0.15
harness/server.py::get_default_history_dir::51,server-transport,asp__transport_failures_surfaced,0.21
harness/server.py::get_default_history_dir::51,server-transport,asp__seam_contract_validated,0.07
harness/server.py::install_event_sink::806,server-transport,asp__transport_failures_surfaced,0.16
harness/server.py::install_event_sink::806,server-transport,asp__seam_contract_validated,0.07
harness/server.py::load_chat_history::70,server-transport,asp__transport_failures_surfaced,0.42
harness/server.py::load_chat_history::70,server-transport,asp__seam_contract_validated,0.12
harness/server.py::log_message::979,server-transport,asp__transport_failures_surfaced,0.22
harness/server.py::log_message::979,server-transport,asp__seam_contract_validated,0.08
harness/server.py::main::1657,server-transport,asp__transport_failures_surfaced,0.51
harness/server.py::main::1657,server-transport,asp__seam_contract_validated,0.14
harness/server.py::make_server::1647,server-transport,asp__transport_failures_surfaced,0.21
harness/server.py::make_server::1647,server-transport,asp__seam_contract_validated,0.1
harness/server.py::run_apply_task::286,server-transport,asp__transport_failures_surfaced,0.48
harness/server.py::run_apply_task::286,server-transport,asp__seam_contract_validated,0.12
harness/server.py::run_bench_task::349,server-transport,asp__transport_failures_surfaced,0.32
harness/server.py::run_bench_task::349,server-transport,asp__seam_contract_validated,0.1
harness/server.py::run_chat_task::371,server-transport,asp__transport_failures_surfaced,0.34
harness/server.py::run_chat_task::371,server-transport,asp__seam_contract_validated,0.11
harness/server.py::run_continue_task::334,server-transport,asp__transport_failures_surfaced,0.37
harness/server.py::run_continue_task::334,server-transport,asp__seam_contract_validated,0.34
harness/server.py::run_dogfood_task::394,server-transport,asp__transport_failures_surfaced,0.4
harness/server.py::run_dogfood_task::394,server-transport,asp__seam_contract_validated,0.11
harness/server.py::run_driver_task::580,server-transport,asp__transport_failures_surfaced,0.67
harness/server.py::run_driver_task::580,server-transport,asp__seam_contract_validated,0.17
harness/server.py::run_plan_task::412,server-transport,asp__transport_failures_surfaced,0.55
harness/server.py::run_plan_task::412,server-transport,asp__seam_contract_validated,0.14
harness/server.py::run_public::878,server-transport,asp__transport_failures_surfaced,0.26
harness/server.py::run_public::878,server-transport,asp__seam_contract_validated,0.1
harness/server.py::run_verify_task::306,server-transport,asp__transport_failures_surfaced,0.44
harness/server.py::run_verify_task::306,server-transport,asp__seam_contract_validated,0.29
harness/server.py::server_close::1640,server-transport,asp__transport_failures_surfaced,0.21
harness/server.py::server_close::1640,server-transport,asp__seam_contract_validated,0.06
harness/server.py::shutdown_driver_daemon::508,server-transport,asp__transport_failures_surfaced,0.17
harness/server.py::shutdown_driver_daemon::508,server-transport,asp__seam_contract_validated,0.06
harness/server.py::ui::975,server-transport,asp__transport_failures_surfaced,0.2
harness/server.py::ui::975,server-transport,asp__seam_contract_validated,0.09
harness/server.py::uninstall_event_sink::811,server-transport,asp__transport_failures_surfaced,0.16
harness/server.py::uninstall_event_sink::811,server-transport,asp__seam_contract_validated,0.07
harness/server.py::validate_dispatch::171,server-transport,asp__transport_failures_surfaced,0.31
harness/server.py::validate_dispatch::171,server-transport,asp__seam_contract_validated,0.85
driver_core/budget.py::__init__::146,spend-economics,asp__spend_limit_enforced,0.05
driver_core/budget.py::__init__::146,spend-economics,asp__cost_correct_all_paths,0.48
driver_core/budget.py::__init__::146,spend-economics,asp__spend_recorded,0.09
driver_core/budget.py::__init__::41,spend-economics,asp__spend_limit_enforced,0.15
driver_core/budget.py::__init__::41,spend-economics,asp__cost_correct_all_paths,0.54
driver_core/budget.py::__init__::41,spend-economics,asp__spend_recorded,0.22
driver_core/budget.py::__repr__::190,spend-economics,asp__spend_limit_enforced,0.02
driver_core/budget.py::__repr__::190,spend-economics,asp__cost_correct_all_paths,0.42
driver_core/budget.py::__repr__::190,spend-economics,asp__spend_recorded,0.09
driver_core/budget.py::_finish::187,spend-economics,asp__spend_limit_enforced,0.04
driver_core/budget.py::_finish::187,spend-economics,asp__cost_correct_all_paths,0.28
driver_core/budget.py::_finish::187,spend-economics,asp__spend_recorded,0.13
driver_core/budget.py::_release::118,spend-economics,asp__spend_limit_enforced,0.06
driver_core/budget.py::_release::118,spend-economics,asp__cost_correct_all_paths,0.43
driver_core/budget.py::_release::118,spend-economics,asp__spend_recorded,0.83
driver_core/budget.py::_remaining_locked::111,spend-economics,asp__spend_limit_enforced,0.12
driver_core/budget.py::_remaining_locked::111,spend-economics,asp__cost_correct_all_paths,0.51
driver_core/budget.py::_remaining_locked::111,spend-economics,asp__spend_recorded,0.17
driver_core/budget.py::cancel::178,spend-economics,asp__spend_limit_enforced,0.12
driver_core/budget.py::cancel::178,spend-economics,asp__cost_correct_all_paths,0.76
driver_core/budget.py::cancel::178,spend-economics,asp__spend_recorded,0.5
driver_core/budget.py::ceiling::59,spend-economics,asp__spend_limit_enforced,0.05
driver_core/budget.py::ceiling::59,spend-economics,asp__cost_correct_all_paths,0.49
driver_core/budget.py::ceiling::59,spend-economics,asp__spend_recorded,0.11
driver_core/budget.py::estimate_call_cost::195,spend-economics,asp__spend_limit_enforced,0.04
driver_core/budget.py::estimate_call_cost::195,spend-economics,asp__cost_correct_all_paths,0.78
driver_core/budget.py::estimate_call_cost::195,spend-economics,asp__spend_recorded,0.05
driver_core/budget.py::open_reservations::114,spend-economics,asp__spend_limit_enforced,0.03
driver_core/budget.py::open_reservations::114,spend-economics,asp__cost_correct_all_paths,0.33
driver_core/budget.py::open_reservations::114,spend-economics,asp__spend_recorded,0.15
driver_core/budget.py::remaining::73,spend-economics,asp__spend_recorded,0.19
driver_core/budget.py::remaining::73,spend-economics,asp__spend_limit_enforced,0.11
driver_core/budget.py::remaining::73,spend-economics,asp__cost_correct_all_paths,0.57
driver_core/budget.py::reserve::90,spend-economics,asp__spend_limit_enforced,0.96
driver_core/budget.py::reserve::90,spend-economics,asp__cost_correct_all_paths,0.67
driver_core/budget.py::reserve::90,spend-economics,asp__spend_recorded,0.27
driver_core/budget.py::reserved::68,spend-economics,asp__spend_limit_enforced,0.05
driver_core/budget.py::reserved::68,spend-economics,asp__cost_correct_all_paths,0.42
driver_core/budget.py::reserved::68,spend-economics,asp__spend_recorded,0.13
driver_core/budget.py::settle::154,spend-economics,asp__spend_limit_enforced,0.14
driver_core/budget.py::settle::154,spend-economics,asp__cost_correct_all_paths,0.6
driver_core/budget.py::settle::154,spend-economics,asp__spend_recorded,0.49
driver_core/budget.py::snapshot::77,spend-economics,asp__spend_limit_enforced,0.04
driver_core/budget.py::snapshot::77,spend-economics,asp__cost_correct_all_paths,0.53
driver_core/budget.py::snapshot::77,spend-economics,asp__spend_recorded,0.42
driver_core/budget.py::spent::63,spend-economics,asp__spend_limit_enforced,0.03
driver_core/budget.py::spent::63,spend-economics,asp__cost_correct_all_paths,0.44
driver_core/budget.py::spent::63,spend-economics,asp__spend_recorded,0.19
harness/discount_gate.py::_read_verdict::84,spend-economics,asp__spend_limit_enforced,0.03
harness/discount_gate.py::_read_verdict::84,spend-economics,asp__cost_correct_all_paths,0.36
harness/discount_gate.py::_read_verdict::84,spend-economics,asp__spend_recorded,0.12
harness/discount_gate.py::_verdict_rejection::99,spend-economics,asp__spend_limit_enforced,0.03
harness/discount_gate.py::_verdict_rejection::99,spend-economics,asp__cost_correct_all_paths,0.42
harness/discount_gate.py::_verdict_rejection::99,spend-economics,asp__spend_recorded,0.2
harness/discount_gate.py::discount_verdict_path::57,spend-economics,asp__spend_limit_enforced,0.05
harness/discount_gate.py::discount_verdict_path::57,spend-economics,asp__cost_correct_all_paths,0.42
harness/discount_gate.py::discount_verdict_path::57,spend-economics,asp__spend_recorded,0.21
harness/discount_gate.py::load_discount_semantics::165,spend-economics,asp__spend_limit_enforced,0.04
harness/discount_gate.py::load_discount_semantics::165,spend-economics,asp__cost_correct_all_paths,0.34
harness/discount_gate.py::load_discount_semantics::165,spend-economics,asp__spend_recorded,0.15
harness/discount_gate.py::record_discount_semantics::122,spend-economics,asp__spend_limit_enforced,0.04
harness/discount_gate.py::record_discount_semantics::122,spend-economics,asp__cost_correct_all_paths,0.29
harness/discount_gate.py::record_discount_semantics::122,spend-economics,asp__spend_recorded,0.26
harness/discount_gate.py::resolve_discount_semantics::181,spend-economics,asp__spend_limit_enforced,0.03
harness/discount_gate.py::resolve_discount_semantics::181,spend-economics,asp__cost_correct_all_paths,0.46
harness/discount_gate.py::resolve_discount_semantics::181,spend-economics,asp__spend_recorded,0.11
harness/discount_probe.py::_matches::52,spend-economics,asp__spend_limit_enforced,0.02
harness/discount_probe.py::_matches::52,spend-economics,asp__cost_correct_all_paths,0.33
harness/discount_probe.py::_matches::52,spend-economics,asp__spend_recorded,0.09
harness/discount_probe.py::run_discount_probe::58,spend-economics,asp__spend_limit_enforced,0.2
harness/discount_probe.py::run_discount_probe::58,spend-economics,asp__cost_correct_all_paths,0.29
harness/discount_probe.py::run_discount_probe::58,spend-economics,asp__spend_recorded,0.18
harness/dynamic_allocation.py::compute_adaptive_waist_rounds::135,spend-economics,asp__spend_limit_enforced,0.72
harness/dynamic_allocation.py::compute_adaptive_waist_rounds::135,spend-economics,asp__cost_correct_all_paths,0.56
harness/dynamic_allocation.py::compute_adaptive_waist_rounds::135,spend-economics,asp__spend_recorded,0.04
harness/dynamic_allocation.py::compute_adaptive_window_lines::112,spend-economics,asp__spend_limit_enforced,0.74
harness/dynamic_allocation.py::compute_adaptive_window_lines::112,spend-economics,asp__cost_correct_all_paths,0.5
harness/dynamic_allocation.py::compute_adaptive_window_lines::112,spend-economics,asp__spend_recorded,0.04
harness/dynamic_allocation.py::compute_dynamic_confidence_threshold::226,spend-economics,asp__spend_limit_enforced,0.03
harness/dynamic_allocation.py::compute_dynamic_confidence_threshold::226,spend-economics,asp__cost_correct_all_paths,0.25
harness/dynamic_allocation.py::compute_dynamic_confidence_threshold::226,spend-economics,asp__spend_recorded,0.08
harness/dynamic_allocation.py::compute_dynamic_evidence_budget::200,spend-economics,asp__spend_limit_enforced,0.31
harness/dynamic_allocation.py::compute_dynamic_evidence_budget::200,spend-economics,asp__cost_correct_all_paths,0.48
harness/dynamic_allocation.py::compute_dynamic_evidence_budget::200,spend-economics,asp__spend_recorded,0.04
harness/dynamic_allocation.py::compute_dynamic_terminal_reserve::153,spend-economics,asp__spend_limit_enforced,0.09
harness/dynamic_allocation.py::compute_dynamic_terminal_reserve::153,spend-economics,asp__cost_correct_all_paths,0.55
harness/dynamic_allocation.py::compute_dynamic_terminal_reserve::153,spend-economics,asp__spend_recorded,0.06
harness/dynamic_allocation.py::compute_dynamic_tier_ceiling::176,spend-economics,asp__spend_limit_enforced,0.45
harness/dynamic_allocation.py::compute_dynamic_tier_ceiling::176,spend-economics,asp__cost_correct_all_paths,0.46
harness/dynamic_allocation.py::compute_dynamic_tier_ceiling::176,spend-economics,asp__spend_recorded,0.06
harness/dynamic_allocation.py::dynamic_run_token_budget::100,spend-economics,asp__spend_limit_enforced,0.57
harness/dynamic_allocation.py::dynamic_run_token_budget::100,spend-economics,asp__cost_correct_all_paths,0.33
harness/dynamic_allocation.py::dynamic_run_token_budget::100,spend-economics,asp__spend_recorded,0.06
harness/dynamic_allocation.py::rank_models_dynamically::253,spend-economics,asp__spend_limit_enforced,0.03
harness/dynamic_allocation.py::rank_models_dynamically::253,spend-economics,asp__cost_correct_all_paths,0.42
harness/dynamic_allocation.py::rank_models_dynamically::253,spend-economics,asp__spend_recorded,0.03
harness/dynamic_allocation.py::resolve_model_spec::76,spend-economics,asp__spend_limit_enforced,0.03
harness/dynamic_allocation.py::resolve_model_spec::76,spend-economics,asp__cost_correct_all_paths,0.41
harness/dynamic_allocation.py::resolve_model_spec::76,spend-economics,asp__spend_recorded,0.07
harness/endpoint_pricing.py::__post_init__::153,spend-economics,asp__spend_limit_enforced,0.02
harness/endpoint_pricing.py::__post_init__::153,spend-economics,asp__cost_correct_all_paths,0.36
harness/endpoint_pricing.py::__post_init__::153,spend-economics,asp__spend_recorded,0.05
harness/endpoint_pricing.py::__post_init__::71,spend-economics,asp__spend_limit_enforced,0.05
harness/endpoint_pricing.py::__post_init__::71,spend-economics,asp__cost_correct_all_paths,0.32
harness/endpoint_pricing.py::__post_init__::71,spend-economics,asp__spend_recorded,0.05
harness/endpoint_pricing.py::__repr__::141,spend-economics,asp__spend_limit_enforced,0.02
harness/endpoint_pricing.py::__repr__::141,spend-economics,asp__cost_correct_all_paths,0.44
harness/endpoint_pricing.py::__repr__::141,spend-economics,asp__spend_recorded,0.07
harness/endpoint_pricing.py::__repr__::165,spend-economics,asp__spend_limit_enforced,0.02
harness/endpoint_pricing.py::__repr__::165,spend-economics,asp__cost_correct_all_paths,0.36
harness/endpoint_pricing.py::__repr__::165,spend-economics,asp__spend_recorded,0.06
harness/endpoint_pricing.py::_parse_endpoints::169,spend-economics,asp__spend_limit_enforced,0.03
harness/endpoint_pricing.py::_parse_endpoints::169,spend-economics,asp__cost_correct_all_paths,0.36
harness/endpoint_pricing.py::_parse_endpoints::169,spend-economics,asp__spend_recorded,0.05
harness/endpoint_pricing.py::blended_usd::117,spend-economics,asp__spend_limit_enforced,0.03
harness/endpoint_pricing.py::blended_usd::117,spend-economics,asp__cost_correct_all_paths,0.66
harness/endpoint_pricing.py::blended_usd::117,spend-economics,asp__spend_recorded,0.08
harness/endpoint_pricing.py::fetch_endpoints::221,spend-economics,asp__spend_limit_enforced,0.05
harness/endpoint_pricing.py::fetch_endpoints::221,spend-economics,asp__cost_correct_all_paths,0.4
harness/endpoint_pricing.py::fetch_endpoints::221,spend-economics,asp__spend_recorded,0.12
harness/endpoint_pricing.py::fetch_endpoints_for::240,spend-economics,asp__spend_limit_enforced,0.95
harness/endpoint_pricing.py::fetch_endpoints_for::240,spend-economics,asp__cost_correct_all_paths,0.54
harness/endpoint_pricing.py::fetch_endpoints_for::240,spend-economics,asp__spend_recorded,0.07
harness/endpoint_pricing.py::has_discount::162,spend-economics,asp__spend_limit_enforced,0.03
harness/endpoint_pricing.py::has_discount::162,spend-economics,asp__cost_correct_all_paths,0.44
harness/endpoint_pricing.py::has_discount::162,spend-economics,asp__spend_recorded,0.1
harness/endpoint_pricing.py::max_discount::157,spend-economics,asp__spend_limit_enforced,0.02
harness/endpoint_pricing.py::max_discount::157,spend-economics,asp__cost_correct_all_paths,0.44
harness/endpoint_pricing.py::max_discount::157,spend-economics,asp__spend_recorded,0.09
harness/endpoint_pricing.py::name::123,spend-economics,asp__spend_limit_enforced,0.02
harness/endpoint_pricing.py::name::123,spend-economics,asp__cost_correct_all_paths,0.37
harness/endpoint_pricing.py::name::123,spend-economics,asp__spend_recorded,0.08
harness/endpoint_pricing.py::rates_for::93,spend-economics,asp__spend_limit_enforced,0.03
harness/endpoint_pricing.py::rates_for::93,spend-economics,asp__cost_correct_all_paths,0.55
harness/endpoint_pricing.py::rates_for::93,spend-economics,asp__spend_recorded,0.08
harness/endpoint_pricing.py::to_dict::127,spend-economics,asp__spend_limit_enforced,0.02
harness/endpoint_pricing.py::to_dict::127,spend-economics,asp__cost_correct_all_paths,0.31
harness/endpoint_pricing.py::to_dict::127,spend-economics,asp__spend_recorded,0.08
driver_core/audit.py::__bool__::242,state-persistence,asp__state_atomic,0.42
driver_core/audit.py::__bool__::242,state-persistence,asp__persistence_invariants,0.42
driver_core/audit.py::__init__::120,state-persistence,asp__state_atomic,0.18
driver_core/audit.py::__init__::120,state-persistence,asp__persistence_invariants,0.34
driver_core/audit.py::__init__::234,state-persistence,asp__state_atomic,0.34
driver_core/audit.py::__init__::234,state-persistence,asp__persistence_invariants,0.34
driver_core/audit.py::__init__::252,state-persistence,asp__state_atomic,0.25
driver_core/audit.py::__init__::252,state-persistence,asp__persistence_invariants,0.39
driver_core/audit.py::__repr__::245,state-persistence,asp__state_atomic,0.28
driver_core/audit.py::__repr__::245,state-persistence,asp__persistence_invariants,0.43
driver_core/audit.py::_canonical::99,state-persistence,asp__state_atomic,0.19
driver_core/audit.py::_canonical::99,state-persistence,asp__persistence_invariants,0.52
driver_core/audit.py::_now::55,state-persistence,asp__state_atomic,0.34
driver_core/audit.py::_now::55,state-persistence,asp__persistence_invariants,0.58
driver_core/audit.py::_tail::128,state-persistence,asp__state_atomic,0.11
driver_core/audit.py::_tail::128,state-persistence,asp__persistence_invariants,0.65
driver_core/audit.py::_write::183,state-persistence,asp__state_atomic,0.31
driver_core/audit.py::_write::183,state-persistence,asp__persistence_invariants,0.35
driver_core/audit.py::_write::256,state-persistence,asp__state_atomic,0.19
driver_core/audit.py::_write::256,state-persistence,asp__persistence_invariants,0.25
driver_core/audit.py::append::164,state-persistence,asp__state_atomic,0.2
driver_core/audit.py::append::164,state-persistence,asp__persistence_invariants,0.28
driver_core/audit.py::count::156,state-persistence,asp__state_atomic,0.34
driver_core/audit.py::count::156,state-persistence,asp__persistence_invariants,0.64
driver_core/audit.py::digest::111,state-persistence,asp__state_atomic,0.39
driver_core/audit.py::digest::111,state-persistence,asp__persistence_invariants,0.47
driver_core/audit.py::head::160,state-persistence,asp__state_atomic,0.37
driver_core/audit.py::head::160,state-persistence,asp__persistence_invariants,0.48
driver_core/audit.py::read_all::194,state-persistence,asp__state_atomic,0.11
driver_core/audit.py::read_all::194,state-persistence,asp__persistence_invariants,0.64
driver_core/audit.py::read_all::259,state-persistence,asp__state_atomic,0.19
driver_core/audit.py::read_all::259,state-persistence,asp__persistence_invariants,0.6
driver_core/audit.py::required::59,state-persistence,asp__state_atomic,0.15
driver_core/audit.py::required::59,state-persistence,asp__persistence_invariants,0.84
driver_core/audit.py::same_chain::81,state-persistence,asp__state_atomic,0.19
driver_core/audit.py::same_chain::81,state-persistence,asp__persistence_invariants,0.69
driver_core/audit.py::to_dict::239,state-persistence,asp__state_atomic,0.18
driver_core/audit.py::to_dict::239,state-persistence,asp__persistence_invariants,0.37
driver_core/audit.py::verify::206,state-persistence,asp__state_atomic,0.2
driver_core/audit.py::verify::206,state-persistence,asp__persistence_invariants,0.75
driver_core/observation.py::__init__::140,state-persistence,asp__state_atomic,0.26
driver_core/observation.py::__init__::140,state-persistence,asp__persistence_invariants,0.42
driver_core/observation.py::__init__::200,state-persistence,asp__state_atomic,0.44
driver_core/observation.py::__init__::200,state-persistence,asp__persistence_invariants,0.78
driver_core/observation.py::__init__::91,state-persistence,asp__state_atomic,0.43
driver_core/observation.py::__init__::91,state-persistence,asp__persistence_invariants,0.79
driver_core/observation.py::__repr__::114,state-persistence,asp__state_atomic,0.38
driver_core/observation.py::__repr__::114,state-persistence,asp__persistence_invariants,0.53
driver_core/observation.py::__repr__::170,state-persistence,asp__state_atomic,0.32
driver_core/observation.py::__repr__::170,state-persistence,asp__persistence_invariants,0.46
driver_core/observation.py::__str__::111,state-persistence,asp__state_atomic,0.3
driver_core/observation.py::__str__::111,state-persistence,asp__persistence_invariants,0.51
driver_core/observation.py::_declared_serves::211,state-persistence,asp__state_atomic,0.58
driver_core/observation.py::_declared_serves::211,state-persistence,asp__persistence_invariants,0.67
driver_core/observation.py::as_target::119,state-persistence,asp__state_atomic,0.53
driver_core/observation.py::as_target::119,state-persistence,asp__persistence_invariants,0.57
driver_core/observation.py::can_serve::224,state-persistence,asp__state_atomic,0.6
driver_core/observation.py::can_serve::224,state-persistence,asp__persistence_invariants,0.65
driver_core/observation.py::capture::238,state-persistence,asp__state_atomic,0.45
driver_core/observation.py::capture::238,state-persistence,asp__persistence_invariants,0.57
driver_core/observation.py::cost_usd::160,state-persistence,asp__state_atomic,0.5
driver_core/observation.py::cost_usd::160,state-persistence,asp__persistence_invariants,0.62
driver_core/observation.py::declared::100,state-persistence,asp__state_atomic,0.44
driver_core/observation.py::declared::100,state-persistence,asp__persistence_invariants,0.43
driver_core/observation.py::fingerprint::175,state-persistence,asp__state_atomic,0.44
driver_core/observation.py::fingerprint::175,state-persistence,asp__persistence_invariants,0.64
driver_core/observation.py::ok::156,state-persistence,asp__state_atomic,0.29
driver_core/observation.py::ok::156,state-persistence,asp__persistence_invariants,0.39
driver_core/observation.py::structured::104,state-persistence,asp__state_atomic,0.44
driver_core/observation.py::structured::104,state-persistence,asp__persistence_invariants,0.5
driver_core/observation.py::summary::164,state-persistence,asp__state_atomic,0.25
driver_core/observation.py::summary::164,state-persistence,asp__persistence_invariants,0.5
driver_core/observation.py::to_dict::108,state-persistence,asp__state_atomic,0.27
driver_core/observation.py::to_dict::108,state-persistence,asp__persistence_invariants,0.47
harness/history.py::delete_chat_session::87,state-persistence,asp__state_atomic,0.62
harness/history.py::delete_chat_session::87,state-persistence,asp__persistence_invariants,0.85
harness/history.py::get_default_history_dir::18,state-persistence,asp__state_atomic,0.16
harness/history.py::get_default_history_dir::18,state-persistence,asp__persistence_invariants,0.29
harness/history.py::list_chat_sessions::53,state-persistence,asp__state_atomic,0.14
harness/history.py::list_chat_sessions::53,state-persistence,asp__persistence_invariants,0.8
harness/history.py::load_chat_history::35,state-persistence,asp__state_atomic,0.11
harness/history.py::load_chat_history::35,state-persistence,asp__persistence_invariants,0.76
harness/history.py::save_chat_turn::26,state-persistence,asp__state_atomic,0.22
harness/history.py::save_chat_turn::26,state-persistence,asp__persistence_invariants,0.4
harness/ledger.py::__init__::51,state-persistence,asp__state_atomic,0.15
harness/ledger.py::__init__::51,state-persistence,asp__persistence_invariants,0.28
harness/ledger.py::_append_segment_anchor::227,state-persistence,asp__state_atomic,0.21
harness/ledger.py::_append_segment_anchor::227,state-persistence,asp__persistence_invariants,0.23
harness/ledger.py::_canon::24,state-persistence,asp__state_atomic,0.12
harness/ledger.py::_canon::24,state-persistence,asp__persistence_invariants,0.34
harness/ledger.py::_file_lock::154,state-persistence,asp__state_atomic,0.3
harness/ledger.py::_file_lock::154,state-persistence,asp__persistence_invariants,0.65
harness/ledger.py::_ledger_paths::113,state-persistence,asp__state_atomic,0.12
harness/ledger.py::_ledger_paths::113,state-persistence,asp__persistence_invariants,0.42
harness/ledger.py::_load::253,state-persistence,asp__state_atomic,0.28
harness/ledger.py::_load::253,state-persistence,asp__persistence_invariants,0.6
harness/ledger.py::_persist::213,state-persistence,asp__state_atomic,0.37
harness/ledger.py::_persist::213,state-persistence,asp__persistence_invariants,0.4
harness/ledger.py::_rebase_under_lock::298,state-persistence,asp__state_atomic,0.24
harness/ledger.py::_rebase_under_lock::298,state-persistence,asp__persistence_invariants,0.5
harness/ledger.py::_rewrite_file::490,state-persistence,asp__state_atomic,0.75
harness/ledger.py::_rewrite_file::490,state-persistence,asp__persistence_invariants,0.58
harness/ledger.py::_rotate_if_needed::116,state-persistence,asp__state_atomic,0.31
harness/ledger.py::_rotate_if_needed::116,state-persistence,asp__persistence_invariants,0.67
harness/ledger.py::_rotated_paths::71,state-persistence,asp__state_atomic,0.3
harness/ledger.py::_rotated_paths::71,state-persistence,asp__persistence_invariants,0.75
harness/ledger.py::_segment_bounds::410,state-persistence,asp__state_atomic,0.17
harness/ledger.py::_segment_bounds::410,state-persistence,asp__persistence_invariants,0.72
harness/ledger.py::_valid_prefix_len::376,state-persistence,asp__state_atomic,0.3
harness/ledger.py::_valid_prefix_len::376,state-persistence,asp__persistence_invariants,0.7
harness/ledger.py::append::336,state-persistence,asp__state_atomic,0.26
harness/ledger.py::append::336,state-persistence,asp__persistence_invariants,0.27
harness/ledger.py::chain_status::454,state-persistence,asp__state_atomic,0.2
harness/ledger.py::chain_status::454,state-persistence,asp__persistence_invariants,0.63
harness/ledger.py::defer_stats::501,state-persistence,asp__state_atomic,0.24
harness/ledger.py::defer_stats::501,state-persistence,asp__persistence_invariants,0.57
harness/ledger.py::entries::370,state-persistence,asp__state_atomic,0.2
harness/ledger.py::entries::370,state-persistence,asp__persistence_invariants,0.52
harness/ledger.py::repair::550,state-persistence,asp__state_atomic,0.17
harness/ledger.py::repair::550,state-persistence,asp__persistence_invariants,0.4
harness/ledger.py::tail::373,state-persistence,asp__state_atomic,0.31
harness/ledger.py::tail::373,state-persistence,asp__persistence_invariants,0.5
harness/ledger.py::verify::397,state-persistence,asp__state_atomic,0.16
harness/ledger.py::verify::397,state-persistence,asp__persistence_invariants,0.59
harness/ledger_analytics.py::_all_entries::469,state-persistence,asp__state_atomic,0.12
harness/ledger_analytics.py::_all_entries::469,state-persistence,asp__persistence_invariants,0.65
harness/ledger_analytics.py::_as_tokens::17,state-persistence,asp__state_atomic,0.4
harness/ledger_analytics.py::_as_tokens::17,state-persistence,asp__persistence_invariants,0.76
harness/ledger_analytics.py::_jev_row_cost::25,state-persistence,asp__state_atomic,0.23
harness/ledger_analytics.py::_jev_row_cost::25,state-persistence,asp__persistence_invariants,0.64
harness/ledger_analytics.py::add_cost::75,state-persistence,asp__state_atomic,0.25
harness/ledger_analytics.py::add_cost::75,state-persistence,asp__persistence_invariants,0.77
harness/ledger_analytics.py::cost_report::509,state-persistence,asp__state_atomic,0.39
harness/ledger_analytics.py::cost_report::509,state-persistence,asp__persistence_invariants,0.7
harness/ledger_analytics.py::jev_calibration_report::349,state-persistence,asp__state_atomic,0.55
harness/ledger_analytics.py::jev_calibration_report::349,state-persistence,asp__persistence_invariants,0.76
harness/ledger_analytics.py::ms::88,state-persistence,asp__state_atomic,0.27
harness/ledger_analytics.py::ms::88,state-persistence,asp__persistence_invariants,0.31
harness/ledger_analytics.py::participation_report::54,state-persistence,asp__state_atomic,0.31
harness/ledger_analytics.py::participation_report::54,state-persistence,asp__persistence_invariants,0.33
harness/ledger_analytics.py::rate::184,state-persistence,asp__state_atomic,0.44
harness/ledger_analytics.py::rate::184,state-persistence,asp__persistence_invariants,0.63
harness/mission_record.py::__init__::403,state-persistence,asp__state_atomic,0.3
harness/mission_record.py::__init__::403,state-persistence,asp__persistence_invariants,0.57
harness/mission_record.py::_append_jsonl::454,state-persistence,asp__state_atomic,0.26
harness/mission_record.py::_append_jsonl::454,state-persistence,asp__persistence_invariants,0.75
harness/mission_record.py::_budget_envelope_from_values::534,state-persistence,asp__state_atomic,0.21
harness/mission_record.py::_budget_envelope_from_values::534,state-persistence,asp__persistence_invariants,0.66
harness/mission_record.py::_container_for::333,state-persistence,asp__state_atomic,0.39
harness/mission_record.py::_container_for::333,state-persistence,asp__persistence_invariants,0.29
harness/mission_record.py::_dump_scalar::212,state-persistence,asp__state_atomic,0.26
harness/mission_record.py::_dump_scalar::212,state-persistence,asp__persistence_invariants,0.49
harness/mission_record.py::_load_jsonl::467,state-persistence,asp__state_atomic,0.18
harness/mission_record.py::_load_jsonl::467,state-persistence,asp__persistence_invariants,0.78
harness/mission_record.py::_now_iso::74,state-persistence,asp__state_atomic,0.32
harness/mission_record.py::_now_iso::74,state-persistence,asp__persistence_invariants,0.6
harness/mission_record.py::_parse_scalar::278,state-persistence,asp__state_atomic,0.45
harness/mission_record.py::_parse_scalar::278,state-persistence,asp__persistence_invariants,0.61
harness/mission_record.py::_require_mapping::100,state-persistence,asp__state_atomic,0.2
harness/mission_record.py::_require_mapping::100,state-persistence,asp__persistence_invariants,0.67
harness/mission_record.py::_require_number::112,state-persistence,asp__state_atomic,0.45
harness/mission_record.py::_require_number::112,state-persistence,asp__persistence_invariants,0.75
harness/mission_record.py::_require_str::106,state-persistence,asp__state_atomic,0.29
harness/mission_record.py::_require_str::106,state-persistence,asp__persistence_invariants,0.71
harness/mission_record.py::_require_str_list::121,state-persistence,asp__state_atomic,0.47
harness/mission_record.py::_require_str_list::121,state-persistence,asp__persistence_invariants,0.73
harness/mission_record.py::_split_key_value::313,state-persistence,asp__state_atomic,0.13
harness/mission_record.py::_split_key_value::313,state-persistence,asp__persistence_invariants,0.66
harness/mission_record.py::append_jev_eval::504,state-persistence,asp__state_atomic,0.3
harness/mission_record.py::append_jev_eval::504,state-persistence,asp__persistence_invariants,0.78
harness/mission_record.py::append_receipt::488,state-persistence,asp__state_atomic,0.33
harness/mission_record.py::append_receipt::488,state-persistence,asp__persistence_invariants,0.8
harness/mission_record.py::artifacts_dir::437,state-persistence,asp__state_atomic,0.11
harness/mission_record.py::artifacts_dir::437,state-persistence,asp__persistence_invariants,0.43
harness/mission_record.py::budget_from_spec::561,state-persistence,asp__state_atomic,0.35
harness/mission_record.py::budget_from_spec::561,state-persistence,asp__persistence_invariants,0.54
harness/mission_record.py::budget_path::429,state-persistence,asp__state_atomic,0.14
harness/mission_record.py::budget_path::429,state-persistence,asp__persistence_invariants,0.34
harness/mission_record.py::build_mission_spec::178,state-persistence,asp__state_atomic,0.14
harness/mission_record.py::build_mission_spec::178,state-persistence,asp__persistence_invariants,0.47
harness/mission_record.py::build_resume_state::680,state-persistence,asp__state_atomic,0.11
harness/mission_record.py::build_resume_state::680,state-persistence,asp__persistence_invariants,0.26
harness/mission_record.py::dump_mission_yaml::243,state-persistence,asp__state_atomic,0.12
harness/mission_record.py::dump_mission_yaml::243,state-persistence,asp__persistence_invariants,0.31
harness/mission_record.py::ensure_findings_placeholder::847,state-persistence,asp__state_atomic,0.74
harness/mission_record.py::ensure_findings_placeholder::847,state-persistence,asp__persistence_invariants,0.31
harness/mission_record.py::evaluate_scope_on_pack::896,state-persistence,asp__state_atomic,0.25
harness/mission_record.py::evaluate_scope_on_pack::896,state-persistence,asp__persistence_invariants,0.57
harness/mission_record.py::exists::447,state-persistence,asp__state_atomic,0.14
harness/mission_record.py::exists::447,state-persistence,asp__persistence_invariants,0.54
harness/mission_record.py::findings_md::417,state-persistence,asp__state_atomic,0.1
harness/mission_record.py::findings_md::417,state-persistence,asp__persistence_invariants,0.44
harness/mission_record.py::findings_placeholder_md::839,state-persistence,asp__state_atomic,0.28
harness/mission_record.py::findings_placeholder_md::839,state-persistence,asp__persistence_invariants,0.5
harness/mission_record.py::generate_index_md::950,state-persistence,asp__state_atomic,0.28
harness/mission_record.py::generate_index_md::950,state-persistence,asp__persistence_invariants,0.67
harness/mission_record.py::generate_status_md::794,state-persistence,asp__state_atomic,0.12
harness/mission_record.py::generate_status_md::794,state-persistence,asp__persistence_invariants,0.34
harness/mission_record.py::index_md::441,state-persistence,asp__state_atomic,0.11
harness/mission_record.py::index_md::441,state-persistence,asp__persistence_invariants,0.45
harness/mission_record.py::init_mission_pack::980,state-persistence,asp__state_atomic,0.42
harness/mission_record.py::init_mission_pack::980,state-persistence,asp__persistence_invariants,0.26
harness/mission_record.py::is_terminal::784,state-persistence,asp__persistence_invariants,0.64
harness/mission_record.py::is_terminal::784,state-persistence,asp__state_atomic,0.2
harness/mission_record.py::jev_evals_path::425,state-persistence,asp__state_atomic,0.14
harness/mission_record.py::jev_evals_path::425,state-persistence,asp__persistence_invariants,0.49
harness/mission_record.py::load_budget::589,state-persistence,asp__state_atomic,0.17
harness/mission_record.py::load_budget::589,state-persistence,asp__persistence_invariants,0.79
harness/mission_record.py::load_jev_evals::515,state-persistence,asp__state_atomic,0.23
harness/mission_record.py::load_jev_evals::515,state-persistence,asp__persistence_invariants,0.62
harness/mission_record.py::load_mission_pack::999,state-persistence,asp__state_atomic,0.27
harness/mission_record.py::load_mission_pack::999,state-persistence,asp__persistence_invariants,0.71
harness/mission_record.py::load_mission_yaml::323,state-persistence,asp__state_atomic,0.47
harness/mission_record.py::load_mission_yaml::323,state-persistence,asp__persistence_invariants,0.52
harness/mission_record.py::load_mission_yaml_file::389,state-persistence,asp__state_atomic,0.16
harness/mission_record.py::load_mission_yaml_file::389,state-persistence,asp__persistence_invariants,0.74
harness/mission_record.py::load_receipts::500,state-persistence,asp__state_atomic,0.16
harness/mission_record.py::load_receipts::500,state-persistence,asp__persistence_invariants,0.52
harness/mission_record.py::load_resume::703,state-persistence,asp__state_atomic,0.15
harness/mission_record.py::load_resume::703,state-persistence,asp__persistence_invariants,0.77
harness/mission_record.py::mark_terminal::863,state-persistence,asp__state_atomic,0.14
harness/mission_record.py::mark_terminal::863,state-persistence,asp__persistence_invariants,0.47
harness/mission_record.py::mission_yaml::409,state-persistence,asp__state_atomic,0.11
harness/mission_record.py::mission_yaml::409,state-persistence,asp__persistence_invariants,0.37
harness/mission_record.py::pack_dir_for::92,state-persistence,asp__state_atomic,0.34
harness/mission_record.py::pack_dir_for::92,state-persistence,asp__persistence_invariants,0.75
harness/mission_record.py::pack_list_summary::1045,state-persistence,asp__state_atomic,0.3
harness/mission_record.py::pack_list_summary::1045,state-persistence,asp__persistence_invariants,0.49
harness/mission_record.py::pack_summary::1007,state-persistence,asp__state_atomic,0.1
harness/mission_record.py::pack_summary::1007,state-persistence,asp__persistence_invariants,0.33
harness/mission_record.py::preflight_mission_spend::599,state-persistence,asp__state_atomic,0.48
harness/mission_record.py::preflight_mission_spend::599,state-persistence,asp__persistence_invariants,0.84
harness/mission_record.py::receipts_path::421,state-persistence,asp__state_atomic,0.14
harness/mission_record.py::receipts_path::421,state-persistence,asp__persistence_invariants,0.39
harness/mission_record.py::record_spend::634,state-persistence,asp__state_atomic,0.26
harness/mission_record.py::record_spend::634,state-persistence,asp__persistence_invariants,0.82
harness/mission_record.py::resume_path::433,state-persistence,asp__state_atomic,0.13
harness/mission_record.py::resume_path::433,state-persistence,asp__persistence_invariants,0.38
harness/mission_record.py::spec::444,state-persistence,asp__state_atomic,0.18
harness/mission_record.py::spec::444,state-persistence,asp__persistence_invariants,0.38
harness/mission_record.py::status_md::413,state-persistence,asp__state_atomic,0.13
harness/mission_record.py::status_md::413,state-persistence,asp__persistence_invariants,0.35
harness/mission_record.py::validate_mission_id::78,state-persistence,asp__state_atomic,0.57
harness/mission_record.py::validate_mission_id::78,state-persistence,asp__persistence_invariants,0.82
harness/mission_record.py::validate_mission_spec::134,state-persistence,asp__state_atomic,0.34
harness/mission_record.py::validate_mission_spec::134,state-persistence,asp__persistence_invariants,0.85
harness/mission_record.py::validate_resume::713,state-persistence,asp__state_atomic,0.2
harness/mission_record.py::validate_resume::713,state-persistence,asp__persistence_invariants,0.75
harness/mission_record.py::working_remaining::525,state-persistence,asp__state_atomic,0.45
harness/mission_record.py::working_remaining::525,state-persistence,asp__persistence_invariants,0.59
harness/mission_record.py::write_budget::572,state-persistence,asp__state_atomic,0.44
harness/mission_record.py::write_budget::572,state-persistence,asp__persistence_invariants,0.45
harness/mission_record.py::write_findings::854,state-persistence,asp__state_atomic,0.7
harness/mission_record.py::write_findings::854,state-persistence,asp__persistence_invariants,0.68
harness/mission_record.py::write_index::972,state-persistence,asp__state_atomic,0.78
harness/mission_record.py::write_index::972,state-persistence,asp__persistence_invariants,0.5
harness/mission_record.py::write_resume::697,state-persistence,asp__state_atomic,0.45
harness/mission_record.py::write_resume::697,state-persistence,asp__persistence_invariants,0.36
harness/mission_record.py::write_status::833,state-persistence,asp__state_atomic,0.75
harness/mission_record.py::write_status::833,state-persistence,asp__persistence_invariants,0.46
