file,name,needs_more,ctx_expected,ctx_p_ge2,best_context_rel
harness/providers.py,execute_node,0.94,2.9499999999999997,1.0,caller
bench/manifests/efficiency/multi-round-tokens/parse_csv.py,totals_by_category,0.92,2.91,0.99,none
tests/test_escalation.py,record_byok,0.94,2.91,0.99,caller
tests/test_jev_escalation_driver.py,record_byok,0.94,2.91,0.99,caller
tests/test_escalation.py,record_byok,0.94,2.91,0.99,caller
tests/test_escalation.py,record_byok,0.94,2.9,0.99,caller
tests/test_chat.py,check_byok,0.94,2.89,0.99,caller
tests/test_capability.py,check_byok,0.93,2.88,0.99,sibling
tests/test_escalation.py,record_byok,0.93,2.88,0.98,caller
tests/test_capability.py,check_byok,0.93,2.87,0.99,sibling
tests/test_jev_util_coverage.py,reconcile,0.93,2.87,0.98,caller
tests/test_agent.py,chat_fn,0.92,2.87,0.99,caller
harness/mission_record.py,_fix_lists,0.92,2.86,0.99,caller
tests/test_probe.py,check_byok,0.94,2.85,0.98,sibling
tests/test_escalation.py,check_byok,0.91,2.83,0.99,sibling
tests/test_escalation.py,check_byok,0.92,2.83,0.99,sibling
tests/test_executor.py,merge,0.93,2.83,0.99,caller
tests/test_reserve_call_parity.py,record_byok,0.94,2.83,0.97,sibling
tests/test_driver_core/test_consent.py,reader,0.92,2.82,0.98,caller
bench/manifests/efficiency/dict-group/groups.py,group_by,0.87,2.8000000000000003,0.95,none
harness/dag.py,_waist_window_request,0.9,2.8,0.98,callee
tests/test_driver_core/test_consent.py,source_reader,0.91,2.8,0.98,sibling
tests/test_escalation.py,check_byok,0.91,2.8,0.97,sibling
tests/test_economics_ingest.py,get,0.93,2.7900000000000005,0.99,sibling
tests/test_jev_escalation_driver.py,evaluate_escalation_decision,0.91,2.7899999999999996,0.97,caller
tests/test_phase_b_execution.py,append,0.93,2.78,0.96,sibling
harness/dag.py,heuristic_decompose_goal,0.9,2.77,0.9700000000000001,callee
tests/test_executor.py,discard,0.91,2.77,0.98,caller
tests/test_probe.py,check_byok,0.93,2.7600000000000002,0.9600000000000001,sibling
harness/dag.py,decompose_via_llm,0.91,2.76,0.96,callee
tests/test_hg_hybrid_isolate.py,merge,0.92,2.76,0.98,caller
tests/test_batch_burndown.py,participation_report,0.92,2.7500000000000004,0.9600000000000001,caller
tests/test_hg_hybrid_isolate.py,merge,0.93,2.74,0.98,caller
tests/test_orchestrator.py,chat_fn,0.91,2.73,0.98,sibling
tests/test_escalation.py,append,0.91,2.72,0.96,sibling
tests/test_escalation.py,fetch_pricing,0.91,2.72,0.96,caller
tests/test_hourglass_execution_budget.py,reconcile,0.92,2.72,0.9500000000000001,caller
tests/test_safety_burndown.py,append,0.91,2.72,0.96,sibling
tests/test_escalation.py,fetch_pricing,0.92,2.7,0.96,caller
tests/test_escalation.py,fetch_pricing,0.92,2.7,0.96,caller
tests/test_escalation.py,append,0.92,2.7,0.96,sibling
tests/test_driver_core/test_tier_chain.py,run,0.91,2.7,0.98,sibling
tests/test_executor.py,audit,0.91,2.69,0.97,caller
harness/dag.py,node_apply_kwargs,0.91,2.68,0.96,callee
tests/test_attest.py,_verify,0.91,2.68,0.95,sibling
tests/test_safety_burndown.py,participation_report,0.91,2.67,0.94,caller
tests/test_server.py,send_response,0.91,2.6500000000000004,0.94,caller
tests/test_agent.py,seam,0.9,2.6499999999999995,0.96,sibling
tests/test_jev_bar_sentiment.py,reconcile,0.94,2.63,0.9299999999999999,sibling
tests/test_jev_util_coverage.py,evaluate_claim_support,0.9,2.63,0.9299999999999999,sibling
tests/test_executor.py,audit,0.91,2.62,0.9500000000000001,caller
audits/self/audit.py,a_no_tools_guard,0.92,2.62,0.97,callee
tests/test_hourglass_consent_handoff.py,test_a_failed_dimension_call_does_not_take_the_run_down,0.9,2.62,0.9500000000000001,callee
tests/test_escalation.py,append,0.91,2.6199999999999997,0.94,sibling
tests/test_jev_answer_lifecycle.py,reserve,0.92,2.61,0.9400000000000001,caller
tests/test_jev_core_hardening.py,adder,0.92,2.6,0.97,callee
tests/test_jev_util_route.py,test_heuristic_route_helper_vocab,0.86,2.6,0.9400000000000001,callee
tests/test_jev_decision_gate.py,evaluate,0.9,2.5999999999999996,0.9299999999999999,sibling
tests/test_phase_b_execution.py,participation_report,0.89,2.5999999999999996,0.9199999999999999,caller
tests/test_server.py,send_response,0.92,2.5900000000000003,0.93,caller
tests/test_probe.py,record_actual,0.93,2.59,0.9400000000000001,caller
tests/test_hourglass_recondense.py,test_no_stage_evidence_still_denies_a_drifted_brief,0.88,2.59,0.97,callee
tests/test_jev_core_hardening.py,consumer,0.91,2.59,0.97,callee
harness/dag.py,parse_decomposition_response,0.89,2.58,0.93,callee
tests/test_provision_structural.py,append,0.91,2.58,0.9199999999999999,sibling
harness/jev_packs.py,verdict_of,0.89,2.58,0.95,caller
harness/dag.py,build_waist_prompt,0.9,2.57,0.93,callee
tests/dogfood_matrix_suite.py,test_cat08_driver_perception,0.91,2.57,0.98,sibling
tests/test_jev_answer_lifecycle.py,evaluate,0.9,2.56,0.93,caller
tests/test_jev_answer_lifecycle.py,reconcile,0.9,2.56,0.92,sibling
tests/test_agent.py,chat_fn,0.88,2.56,0.92,caller
harness/mcp.py,_tools,0.86,2.5599999999999996,0.8999999999999999,caller
tests/test_executor.py,merge,0.92,2.5599999999999996,0.96,caller
harness/dag.py,parse_waist_verdict,0.89,2.5500000000000003,0.91,callee
tests/test_trust.py,test_ramp_caps_at_eleven,0.88,2.5500000000000003,0.95,callee
tests/test_escalation.py,participation_report,0.91,2.55,0.8999999999999999,sibling
tests/test_escalation.py,participation_report,0.91,2.55,0.8999999999999999,sibling
tests/test_escalation.py,participation_report,0.92,2.55,0.8999999999999999,caller
tests/test_server.py,send_header,0.9,2.55,0.92,caller
harness/providers.py,is_available,0.92,2.54,0.94,caller
harness/jev_policy.py,read,0.9,2.54,0.97,callee
tests/test_driver_core/test_driver.py,read,0.9,2.5399999999999996,0.95,callee
tests/test_server.py,send_header,0.91,2.5300000000000002,0.9,caller
harness/convergence.py,run_convergence_specialist,0.92,2.5300000000000002,0.98,sibling
tests/test_capability.py,preflight,0.91,2.52,0.9299999999999999,caller
tests/test_driver_core/test_tier_chain.py,run,0.9,2.52,0.94,sibling
audits/self/audit.py,r_broken_gate_detector,0.89,2.5199999999999996,0.95,callee
tests/test_capability.py,preflight,0.91,2.5100000000000002,0.9299999999999999,caller
tests/test_batch_burndown.py,append,0.9,2.51,0.9,sibling
tests/test_jev_context_pack.py,evaluate,0.89,2.51,0.95,callee
harness/dag.py,_parse_json_object,0.89,2.5,0.9099999999999999,callee
tests/test_driver_core/test_budget_audit.py,attempt,0.9,2.5,0.9500000000000001,callee
tests/test_jev_core_hardening.py,test_next_call_sees_the_true_spend_and_is_refused,0.89,2.5,0.9500000000000001,callee
tests/test_trust.py,test_the_saturation_spiral_recovers,0.87,2.5,0.9500000000000001,callee
tests/test_driver_core/test_service.py,read,0.9,2.49,0.95,sibling
tests/test_jev_completion.py,test_a_registered_row_is_not_scored_against_an_empty_contract,0.86,2.49,0.9400000000000001,callee
tests/test_jev_core_hardening.py,test_every_site_survives_an_overrun_consistently,0.9,2.49,0.96,callee
tests/test_provision_wiring.py,kill,0.91,2.4899999999999998,0.9099999999999999,caller
tests/test_hourglass_consent_handoff.py,test_the_decision_names_the_vocabulary_it_was_given,0.87,2.4899999999999998,0.9299999999999999,callee
harness/orchestrator.py,drive,0.89,2.48,0.96,callee
tests/test_hg_hybrid_isolate.py,audit,0.89,2.48,0.9199999999999999,caller
tests/test_jev_repo_pack.py,collide,0.9,2.48,0.9199999999999999,sibling
tests/test_jev_repo_pack.py,test_tie_keeps_lexicographically_first_criterion,0.86,2.48,0.95,callee
tests/test_rankings.py,test_climbers_listed,0.85,2.48,0.9400000000000001,callee
audits/self/audit.py,_check_id,0.87,2.47,0.87,sibling
tests/test_phase_b_dogfood_defects.py,test_the_dom_helper_flattens_array_children,0.84,2.46,0.9099999999999999,callee
tests/test_hourglass_recondense.py,test_overlap_denies_the_bypass_while_the_pins_are_still_fresh,0.88,2.46,0.94,callee
harness/jev_policy.py,evaluate_hourglass_stage,0.88,2.46,0.93,callee
tests/test_hg_hybrid_isolate.py,audit,0.9,2.45,0.91,caller
tests/test_burndown.py,test_sep11_body_is_truncated,0.81,2.44,0.91,callee
tests/test_hg_condense_decompose.py,chat_fn,0.87,2.44,0.8899999999999999,sibling
tests/test_cli_gates.py,test_real_end_to_end_run_of_the_cheapest_gate,0.9,2.44,0.94,callee
tests/test_driver_core/test_vision.py,test_the_sentinel_never_reaches_the_consensus_receipt,0.87,2.43,0.94,callee
tests/test_escalation.py,learned_blocked,0.88,2.43,0.8899999999999999,sibling
tests/test_hul_jev_scope_gate.py,_good_answers,0.79,2.43,0.87,caller
tests/test_safety_burndown.py,preflight,0.9,2.43,0.87,caller
tests/dogfood_matrix_suite.py,test_cat06_consensus_claim_verification,0.88,2.43,0.94,sibling
tests/test_driver_core/test_driver.py,spy,0.9,2.43,0.9299999999999999,callee
tests/test_provision_wiring.py,__init__,0.9,2.43,0.91,callee
tests/test_trust.py,test_fractions,0.79,2.43,0.9000000000000001,callee
harness/capability.py,probe_json_reliability,0.88,2.4299999999999997,0.95,callee
harness/jev_packs.py,axis_dogfood,0.89,2.4299999999999997,0.95,callee
tests/test_jev_vision_assessment.py,test_shared_account_price_is_below_hard_ceiling,0.85,2.42,0.9199999999999999,callee
tests/dogfood_matrix_suite.py,test_cat05_log_analysis,0.89,2.42,0.96,callee
tests/test_hourglass_execution_budget.py,test_planning_spent_from_the_composed_child_not_the_run_budget,0.88,2.42,0.94,callee
tests/test_rankings.py,_send_json,0.9,2.42,0.91,caller
harness/consent.py,probe_consent,0.9,2.42,0.96,callee
tests/dogfood_matrix_suite.py,score_claim_verification,0.87,2.41,0.95,callee
tests/test_audit_env_isolation.py,test_every_dropped_name_is_one_of_the_declared_hermetic_variables,0.86,2.41,0.9299999999999999,sibling
tests/test_dogfood_matrix_strict.py,test_borderline_false_claim_is_not_rejected_enough,0.86,2.41,0.9299999999999999,callee
tests/test_driver_core/test_driver.py,read,0.89,2.41,0.9299999999999999,sibling
audits/self/audit.py,r_http_transient,0.87,2.41,0.8799999999999999,callee
tests/test_escalation.py,learned_blocked,0.88,2.4000000000000004,0.8800000000000001,sibling
tests/test_jev_core_hardening.py,test_flush_never_breaks_shutdown,0.89,2.4,0.9099999999999999,callee
harness/rankings.py,trend,0.85,2.4,0.95,caller
tests/test_escalation.py,base_prompt_fn,0.87,2.4,0.9199999999999999,caller
tests/test_hourglass_execution_budget.py,test_the_default_run_carries_the_composition,0.88,2.4,0.9299999999999999,callee
tests/test_phase_b_dogfood_defects.py,test_table_passes_mapped_lists_as_children,0.84,2.4,0.9099999999999999,callee
harness/executor.py,task_runner,0.9,2.4,0.9299999999999999,callee
driver_core/server.py,log_message,0.89,2.39,0.9,sibling
tests/test_jev_vision_assessment.py,reconcile,0.92,2.39,0.9,callee
harness/jev_packs.py,axis_status_honesty,0.87,2.39,0.9199999999999999,callee
tests/test_driver_core/test_service.py,read,0.9,2.39,0.9299999999999999,sibling
tests/test_hourglass_recondense.py,test_composition_carries_the_decision_and_the_envelope_surfaces_it,0.87,2.39,0.9299999999999999,callee
tests/test_jev_core_hardening.py,test_billed_discarded_answers_settle_exactly_at_every_site,0.89,2.39,0.94,callee
tests/test_attest.py,deny,0.87,2.3899999999999997,0.86,sibling
audits/self/audit.py,a_continuation_tamper,0.86,2.38,0.9099999999999999,callee
tests/test_hg_extra_coverage.py,picky,0.87,2.38,0.85,sibling
tests/test_jev_util_coverage.py,evaluate,0.88,2.38,0.89,callee
tests/test_jev_bar_sentiment.py,test_heuristic_unknown_axis_defaults_to_mixed,0.87,2.37,0.9299999999999999,callee
tests/test_hourglass_jev_integrations.py,reconcile,0.9,2.37,0.91,sibling
tests/test_jev_completion.py,test_the_status_row_wins_when_the_spec_row_is_written_first,0.85,2.37,0.92,callee
tests/test_jev_core_hardening.py,test_flush_all_fallbacks_writes_every_live_tail,0.89,2.37,0.9299999999999999,callee
tests/test_jev_lane_parity.py,test_mcp_plan_preview_exposes_structural_envelope,0.86,2.37,0.92,callee
tests/test_lane_policy.py,test_answer_floor_with_low_request,0.81,2.37,0.91,callee
audits/self/audit.py,r_partial_never_lands,0.87,2.3600000000000003,0.91,callee
tests/test_hul_driver_findings_resume.py,_good_answers,0.82,2.3600000000000003,0.8600000000000001,caller
tests/test_escalation.py,fetch_models,0.88,2.36,0.87,caller
tests/test_hourglass_recondense.py,test_path_forms_compare_after_normalization,0.87,2.36,0.9299999999999999,callee
tests/test_jev_log_pack.py,test_mechanical_tallies_without_model_spend,0.85,2.36,0.9199999999999999,callee
tests/test_trust.py,test_fails_push_correctness_negative,0.86,2.36,0.8999999999999999,callee
tests/test_hg_hybrid_isolate.py,discard,0.89,2.35,0.87,caller
tests/test_jev_bar_sentiment.py,test_status_language_is_exactly_what_a_spec_row_lacks,0.85,2.35,0.8899999999999999,callee
tests/test_jev_core_hardening.py,flush_fallbacks,0.88,2.35,0.88,caller
tests/test_jev_util_paths.py,evaluate,0.88,2.35,0.8899999999999999,sibling
tests/test_provision_structural.py,verify,0.89,2.35,0.8600000000000001,caller
tests/test_trust.py,test_host_completions_earn_slowly,0.83,2.35,0.8999999999999999,callee
tests/test_chat.py,test_reasoning_fallback,0.88,2.35,0.91,callee
tests/test_escalation.py,preflight,0.9,2.35,0.8400000000000001,caller
tests/test_jev_core_hardening.py,test_low_confidence_never_cheaper_than_floor_when_unsatisfiable,0.86,2.35,0.8899999999999999,sibling
tests/test_jev_core_hardening.py,test_no_calls_are_lost_to_eviction_at_scale,0.87,2.35,0.8999999999999999,callee
tests/test_route_pack.py,test_unkeyed_below_floor_is_honest,0.87,2.35,0.8899999999999999,callee
tests/test_hourglass_execution_budget.py,reserve,0.89,2.3499999999999996,0.84,caller
tests/test_web.py,fetch,0.89,2.3400000000000003,0.8500000000000001,sibling
tests/test_jev_repo_envelope.py,evaluate_repo_summary,0.88,2.3400000000000003,0.91,callee
tests/test_plat_ci_matrix.py,test_hermetic_suite_never_reaches_the_network_in_ci,0.86,2.3400000000000003,0.91,callee
tests/test_driver_core/test_budget_audit.py,settle,0.89,2.34,0.8899999999999999,sibling
audits/self/audit.py,r_suite_selftest,0.84,2.34,0.88,callee
tests/test_hourglass_consent_handoff.py,reconcile,0.91,2.34,0.8899999999999999,sibling
tests/test_hourglass_execution_budget.py,test_planning_is_completed_not_merely_budgeted,0.87,2.34,0.9099999999999999,callee
tests/test_hourglass_stage_composition.py,test_a_supplied_artifact_is_visible_on_the_envelope,0.85,2.34,0.9099999999999999,callee
tests/test_jev_lane_parity.py,evaluate,0.89,2.34,0.84,caller
tests/test_route_pack.py,test_choose_rung_maps_floor_onto_declared_ladder,0.83,2.34,0.8899999999999999,callee
tests/test_escalation.py,fetch_models,0.88,2.33,0.87,caller
tests/test_jev_triage.py,evaluate,0.88,2.33,0.9099999999999999,sibling
tests/test_osal.py,test_unreadable_keyfile_is_not_a_false_alarm,0.88,2.33,0.9,callee
tests/test_audit_dimensions.py,evaluate,0.88,2.33,0.8799999999999999,caller
tests/test_hg_pyramid_resume.py,__init__,0.9,2.33,0.8799999999999999,sibling
tests/test_hourglass_brief.py,test_to_prompt_context_shape_is_unchanged_by_the_reconciliation,0.84,2.33,0.9,callee
tests/test_hourglass_execution_budget.py,test_planning_reads_the_files_the_run_targets,0.87,2.33,0.8999999999999999,callee
tests/test_jev_issue_sort.py,test_unkeyed_keyword_match_is_fallback_declared_bucket_only,0.89,2.33,0.9099999999999999,callee
tests/test_jev_lane_parity.py,test_surplus_posts_do_not_break_envelope,0.88,2.33,0.9199999999999999,callee
tests/test_provision_structural.py,test_the_pip_config_comment_is_honest,0.77,2.33,0.89,none
tests/test_trust.py,test_low_history_still_locked_out,0.85,2.3200000000000003,0.9,callee
tests/test_jev_repo_envelope.py,__init__,0.87,2.3200000000000003,0.8400000000000001,none
tests/test_jev_util_route.py,test_route_floor_never_cheaper_than_heuristic_when_route_is_frontier,0.85,2.3200000000000003,0.88,callee
tests/test_rankings.py,test_totals_sorted_with_trends,0.85,2.3200000000000003,0.88,callee
tests/test_hg_hybrid_isolate.py,discard,0.89,2.32,0.86,caller
tests/test_phase_b_dogfood_defects.py,test_normalisers_handles_both_the_mapping_and_list_shapes,0.83,2.32,0.87,callee
harness/claims.py,is_absence_styled,0.82,2.32,0.8999999999999999,caller
tests/test_escalation.py,paid_only_chat,0.9,2.32,0.86,sibling
tests/test_lane_policy.py,test_escalation_floor,0.82,2.32,0.8999999999999999,callee
tests/test_provision.py,test_plan_approval_covers_mutating_but_never_irreversible,0.88,2.32,0.9099999999999999,callee
tests/test_rankings.py,test_probe_fails_on_reasoning_only,0.88,2.32,0.8999999999999999,callee
harness/local_fit/extract.py,extract_seats_from_run,0.89,2.31,0.95,callee
tests/test_trust.py,test_ordinary_misses_do_not_move_trust,0.86,2.31,0.8699999999999999,callee
tests/test_jev_core_hardening.py,test_billed_unparseable_responses_are_discarded_not_failures,0.89,2.31,0.8999999999999999,sibling
tests/test_mcp.py,__init__,0.87,2.31,0.85,callee
harness/server.py,run_continue_task,0.91,2.3099999999999996,0.94,callee
tests/test_jev_escalation_driver.py,test_clamped_to_ladder,0.81,2.3000000000000003,0.88,callee
tests/test_osal.py,kill,0.88,2.3000000000000003,0.88,caller
tests/test_jev_issue_sort.py,evaluate,0.88,2.3000000000000003,0.89,callee
tests/test_jev_log_judgment.py,evaluate,0.88,2.3000000000000003,0.87,callee
harness/waist.py,chat_fn,0.88,2.3000000000000003,0.88,callee
tests/test_jev_context_pack.py,evaluate_plan_requirements,0.88,2.3,0.8899999999999999,caller
tests/test_osal.py,kill,0.88,2.3,0.8899999999999999,caller
tests/test_provision.py,test_needs_approval_rule,0.88,2.3,0.8999999999999999,callee
tests/test_driver_core/test_driver.py,test_the_agreed_state_handed_to_the_model_is_the_verified_one,0.87,2.3,0.8899999999999999,callee
tests/test_escalation.py,preflight,0.89,2.3,0.8300000000000001,caller
tests/test_extra.py,test_looks_reasoning_heuristic,0.78,2.3,0.86,callee
tests/test_jev_repo_pack.py,test_keyword_hits_pick_declared_criteria,0.84,2.3,0.8899999999999999,callee
tests/test_saturation.py,test_all_reasoning_only_engine_rounds,0.83,2.3,0.8699999999999999,callee
tests/test_specialist.py,test_reservation_covers_reasoning_fallback_slots,0.84,2.3,0.8999999999999999,callee
tests/test_trust.py,test_unknown_unlocks_exactly_todays_defaults,0.85,2.3,0.8999999999999999,callee
tests/test_escalation.py,fetch_models,0.88,2.29,0.85,caller
tests/test_trust.py,test_author_ignored_for_fresh_applies,0.85,2.29,0.88,callee
tests/test_driver_core/test_driver.py,test_receipt_travels_with_the_decision,0.87,2.29,0.8899999999999999,callee
tests/test_hourglass_recondense.py,test_a_supplied_plan_bypasses_planning_while_context_is_denied,0.85,2.29,0.88,callee
tests/test_jev_core_hardening.py,test_loose_path_applies_the_same_low_rule_and_clamps_failures,0.89,2.29,0.91,callee
tests/test_jev_log_envelope.py,test_keyword_fixture_is_substring_safe,0.86,2.29,0.8899999999999999,callee
tests/test_provision_wiring.py,test_the_path_helper_names_lookalikes_on_its_own,0.86,2.29,0.9,callee
tests/test_site_aggregate.py,test_degrades_without_pricing_or_evals,0.87,2.29,0.8899999999999999,callee
tests/test_escalation.py,preflight,0.9,2.2800000000000002,0.81,caller
tests/test_jev_core_hardening.py,test_distinct_unkeyed_states_are_capped_too,0.86,2.2800000000000002,0.92,callee
tests/test_jev_core_hardening.py,test_site_export_weights_fallbacks_and_skips_cache_and_flush_rows,0.87,2.2800000000000002,0.88,callee
tests/test_jev_core_hardening.py,_reserve,0.89,2.2800000000000002,0.89,caller
tests/test_jev_log_envelope.py,test_rows_carry_code_owned_evidence_and_pack_fields,0.86,2.2800000000000002,0.89,callee
tests/test_jev_util_coverage.py,reconcile,0.9,2.2800000000000002,0.87,caller
tests/test_lane_policy.py,test_judge_floor_and_default_effort,0.82,2.2800000000000002,0.88,callee
tests/test_provision_wiring.py,communicate,0.89,2.2800000000000002,0.86,caller
tests/test_site_aggregate.py,test_aggregate_reports_contributors_and_flags,0.84,2.2800000000000002,0.89,callee
bench/manifests/efficiency/retry-backoff/retry2.py,retry_call,0.82,2.28,0.7999999999999999,callee
tests/test_jev_core_hardening.py,test_flush_writes_the_capped_site_tail,0.87,2.28,0.9,callee
tests/test_provision.py,reconcile,0.89,2.28,0.8799999999999999,caller
tests/test_repo_items.py,test_summary_listing_includes_soft_skipped_content,0.84,2.28,0.9,sibling
harness/ledger_analytics.py,cost_report,0.89,2.27,0.9299999999999999,callee
tests/test_hourglass_execution_budget.py,record_actual,0.89,2.27,0.8300000000000001,caller
tests/test_jev_bar_sentiment.py,test_heuristic_gate_tests,0.85,2.27,0.87,callee
tests/test_jev_chaos.py,task,0.89,2.27,0.89,sibling
tests/test_osal.py,kill,0.88,2.27,0.87,caller
tests/test_phase_b_dogfood_defects.py,test_refused_actions_say_what_they_need,0.81,2.27,0.87,callee
tests/test_router_dynamic_rotation.py,test_ordering_keeps_the_same_members,0.84,2.27,0.9,callee
tests/test_apply.py,apply_edit,0.89,2.27,0.87,sibling
tests/test_hourglass_planning_budget.py,test_the_evidence_request_bound_holds_with_many_conflicts,0.85,2.27,0.88,callee
tests/test_jev_core_hardening.py,test_second_identical_call_is_free_at_every_site,0.85,2.27,0.9,callee
tests/test_jev_core_hardening.py,test_refused_site_after_an_overrun_books_no_phantom_overrun,0.88,2.27,0.8799999999999999,callee
tests/test_osal.py,kill,0.87,2.27,0.87,caller
tests/test_rankings.py,get,0.9,2.27,0.8799999999999999,callee
tests/test_hourglass_jev_integrations.py,test_guard_never_raises_on_hostile_input,0.88,2.2600000000000002,0.88,callee
harness/jev_completion.py,_valid_oc_handoff_receipt,0.87,2.2600000000000002,0.89,callee
tests/test_driver_core/test_driver.py,must_not_run,0.88,2.2600000000000002,0.8400000000000001,callee
tests/test_jev.py,test_empty_diff_boundary_fails_without_raising,0.88,2.2600000000000002,0.86,callee
tests/test_jev_core_hardening.py,test_identical_unkeyed_loop_cannot_flood_the_ledger,0.87,2.2600000000000002,0.88,none
tests/test_jev_lane_parity.py,evaluate,0.89,2.2600000000000002,0.81,caller
tests/test_jev_log_pack.py,test_header_level_is_authoritative_over_message_text,0.85,2.2600000000000002,0.89,callee
tests/test_jev_triage_files.py,test_orch_triage_files_without_policy_keeps_model_validation,0.89,2.2600000000000002,0.89,callee
tests/test_driver_core/test_driver.py,must_not_run,0.88,2.26,0.84,callee
harness/server.py,build,0.91,2.26,0.91,callee
tests/test_hg_extra_coverage.py,test_composed_worst_case_with_priced_waist_rungs,0.85,2.26,0.88,callee
tests/test_hourglass_execution_budget.py,test_a_stage_that_did_not_run_is_never_reported_completed,0.85,2.26,0.88,callee
tests/test_provision_wiring.py,test_provision_uses_the_hard_timeout_runner_by_default,0.85,2.26,0.86,none
tests/test_ledger.py,test_analytics_owner_and_inheritance,0.84,2.2500000000000004,0.8700000000000001,sibling
audits/self/audit.py,r_config_validation,0.87,2.25,0.87,callee
tests/test_dynamic_allocation.py,test_compute_dynamic_terminal_reserve,0.85,2.25,0.86,callee
tests/test_router_dynamic_rotation.py,test_rotation_order_matches_the_ranker_on_the_tail,0.84,2.25,0.89,callee
tests/test_waist.py,broken,0.86,2.25,0.8300000000000001,callee
tests/test_dogfood_matrix_strict.py,test_local_heuristic_cannot_reach_pass,0.85,2.25,0.87,callee
tests/test_economics_discount.py,test_listed_price_already_includes_the_discount,0.86,2.25,0.9,callee
tests/test_jev_answer_lifecycle.py,evaluate,0.88,2.25,0.86,callee
tests/test_jev_core_hardening.py,test_http_fallback_also_counts,0.88,2.25,0.9,callee
tests/test_provision_hardening.py,runner,0.88,2.25,0.88,caller
tests/test_server.py,fake_reports,0.87,2.25,0.89,sibling
tests/test_spend.py,worker,0.89,2.25,0.89,caller
harness/trust.py,model_trust,0.87,2.24,0.89,callee
tests/test_jev_util_paths.py,post,0.88,2.24,0.8300000000000001,sibling
tests/test_jev_util_route.py,evaluate,0.88,2.24,0.88,callee
tests/test_provision_structural.py,runner,0.88,2.24,0.89,sibling
tests/test_hg_composed_ceiling.py,approve,0.89,2.24,0.8200000000000001,sibling
tests/test_lane_policy.py,test_vote_floor,0.8,2.24,0.87,callee
tests/test_dynamic_allocation.py,test_dynamic_run_token_budget,0.86,2.2399999999999998,0.87,callee
tests/test_hourglass_consent_handoff.py,record_actual,0.9,2.2399999999999998,0.88,sibling
tests/test_hourglass_consent_handoff.py,test_the_declared_execution_questions_are_what_gets_asked,0.88,2.2399999999999998,0.87,callee
tests/test_provision.py,test_review_with_unparseable_answers_is_a_fallback,0.88,2.2399999999999998,0.87,callee
tests/test_jev_util_coverage.py,evaluate,0.88,2.2300000000000004,0.8500000000000001,callee
tests/test_hourglass_execution_budget.py,execute_node,0.88,2.23,0.8300000000000001,caller
tests/test_router_dynamic_rotation.py,test_an_observation_outside_the_pool_does_not_reorder_it,0.86,2.23,0.89,sibling
audits/self/audit.py,r_ledger_dynamic,0.88,2.23,0.85,callee
tests/test_driver_core/test_vision.py,test_the_provider_really_did_echo_the_pixels_back,0.86,2.23,0.86,callee
tests/test_hourglass_recondense.py,test_no_brief_means_no_decision_even_with_stage_evidence,0.86,2.23,0.87,callee
tests/test_economics_ingest.py,test_discount_only_applies_under_the_multiplier_reading,0.85,2.22,0.85,callee
tests/test_site_aggregate.py,test_warrant_rate_and_flagging,0.84,2.22,0.86,callee
tests/test_waist.py,test_defaults_and_caps,0.82,2.22,0.86,callee
tests/test_jev_issue_sort.py,evaluate,0.87,2.2199999999999998,0.88,callee
tests/test_web.py,log_message,0.88,2.2199999999999998,0.8099999999999999,none
tests/test_jev_answer_lifecycle.py,test_missing_answer_key_is_a_fallback_not_a_live_pass,0.87,2.2199999999999998,0.87,sibling
tests/test_jev_completion_nouls.py,evaluate,0.87,2.2199999999999998,0.87,callee
tests/test_jev_completion_nouls.py,test_drive_without_policy_keeps_existing_override_contract,0.87,2.2199999999999998,0.86,callee
tests/test_perception_client.py,test_config_file_is_consulted_and_env_is_the_fallback,0.87,2.2199999999999998,0.86,callee
tests/test_cost_cli.py,test_cost_report_invalid_window,0.88,2.21,0.8800000000000001,callee
tests/test_jev_lane_parity.py,reconcile,0.88,2.21,0.8200000000000001,caller
tests/test_jev_ledger_spend.py,_diff,0.76,2.21,0.78,caller
tests/test_jev_repo_judgment.py,reconcile,0.88,2.21,0.81,caller
tests/test_audit_dimensions.py,test_unkeyed_high_scores_bar_passed,0.86,2.21,0.8800000000000001,callee
tests/test_driver_core/test_tier_chain.py,test_an_undeclared_pool_still_serves_everything,0.86,2.21,0.87,callee
tests/test_provision.py,reserve,0.89,2.21,0.86,caller
tests/test_site_parity_directives.py,evaluate,0.87,2.21,0.86,callee
tests/test_mcp.py,test_continue_work_resumes_a_gated_write,0.87,2.21,0.8900000000000001,callee
tests/test_jev_triage.py,evaluate_plan_requirements,0.88,2.2,0.86,caller
tests/test_rankings.py,__init__,0.86,2.2,0.79,sibling
tests/test_hourglass_recondense.py,test_a_non_overlapping_executed_path_does_not_trigger,0.85,2.2,0.8700000000000001,callee
tests/test_hul_jev_scope_gate.py,evaluate,0.88,2.2,0.86,callee
tests/test_jev_completion.py,test_naming_the_merge_flag_is_not_carrying_merge_proof,0.8,2.2,0.8500000000000001,callee
tests/test_jev_core_hardening.py,test_billed_rows_never_dedupe_and_free_rows_carry_deltas,0.87,2.2,0.8500000000000001,callee
tests/test_trust.py,test_per_caller_path_forgives_the_same_way,0.86,2.2,0.83,callee
tests/test_trust.py,test_trusted_write_allowed,0.88,2.2,0.86,callee
audits/self/audit.py,a_byok,0.89,2.1999999999999997,0.85,callee
tests/test_cli.py,test_the_lane_hands_over_the_intake_brief,0.86,2.1999999999999997,0.87,callee
tests/test_hg_hourglass_defaults.py,test_cli_and_config_share_one_mapping,0.86,2.1999999999999997,0.86,callee
tests/test_jev_chaos.py,run_chaos,0.89,2.1999999999999997,0.8899999999999999,sibling
tests/test_jev_completion.py,test_the_status_row_wins_when_it_is_written_first,0.84,2.1999999999999997,0.85,callee
tests/test_provision.py,test_inventory_plans_are_not_sent_for_review,0.85,2.1999999999999997,0.87,callee
tests/test_site_aggregate.py,test_modeled_savings_with_pricing,0.86,2.1999999999999997,0.86,callee
tests/test_hourglass_jev_integrations.py,record_actual,0.89,2.19,0.8600000000000001,sibling
tests/test_saturation.py,test_key_near_limit_alone_never_triggers,0.82,2.19,0.8800000000000001,callee
tests/test_capability.py,test_capability_first_order,0.83,2.19,0.86,callee
tests/test_escalation.py,preflight,0.88,2.19,0.8300000000000001,caller
tests/test_hourglass_execution_budget.py,test_the_run_budget_is_the_runs_own_and_not_an_invented_one,0.86,2.19,0.85,callee
tests/test_jev_core_hardening.py,test_invariant_holds_for_random_traffic_and_midstream_flushes,0.88,2.19,0.86,callee
tests/test_jev_escalation_lifecycle.py,test_unkeyed_fallback_walks_status_quo_from_rung_0,0.89,2.19,0.8600000000000001,callee
tests/test_jev_repo_envelope.py,factory,0.86,2.19,0.86,sibling
tests/test_probe.py,preflight,0.88,2.19,0.84,sibling
tests/test_provision.py,test_dry_run_read_step_needs_no_approval,0.87,2.19,0.8700000000000001,callee
tests/test_provision_wiring.py,test_clean_runs_report_no_leftovers,0.87,2.19,0.8600000000000001,callee
tests/test_site_aggregate.py,test_no_pricing_degrades_to_none_with_reason,0.87,2.19,0.85,callee
tests/test_hg_final_gate.py,_ok_apply,0.87,2.18,0.8,sibling
tests/test_hul_driver_findings_resume.py,_empty_attempt,0.8,2.18,0.78,none
tests/test_dogfood_matrix_strict.py,test_low_real_score_is_not_floored_to_95,0.83,2.18,0.8600000000000001,callee
tests/test_escalation.py,test_ladder_exhausted_returns_none,0.87,2.18,0.85,callee
tests/test_executor.py,create,0.87,2.18,0.84,caller
tests/test_jev_triage_files.py,test_orch_triage_files_uses_policy_when_attached,0.88,2.18,0.8600000000000001,sibling
tests/test_trust.py,test_surplus_clean_work_forgives_soft_strikes,0.86,2.18,0.8400000000000001,callee
tests/test_trust.py,test_correctness_ignores_safety_strikes,0.85,2.18,0.8200000000000001,callee
tests/test_jev_bar_sentiment.py,test_heuristic_residual_scope,0.83,2.1799999999999997,0.8200000000000001,callee
tests/test_jev_policy.py,test_cost_ceiling_helper_is_fixed_input_math,0.79,2.1799999999999997,0.82,callee
tests/test_consent.py,setUp,0.86,2.1799999999999997,0.81,callee
tests/test_dynamic_allocation.py,test_compute_dynamic_tier_ceiling,0.84,2.1799999999999997,0.85,callee
tests/test_jev_completion.py,test_ev0_resolves_its_own_canon_row,0.84,2.1799999999999997,0.85,callee
tests/test_waist.py,test_traversal_refused,0.84,2.1799999999999997,0.85,callee
harness/server.py,run_apply_task,0.91,2.1799999999999997,0.8999999999999999,callee
tests/test_hourglass_consent_handoff.py,test_declared_walk_back_returns_none_if_execution_not_in_targets,0.86,2.17,0.8200000000000001,callee
scripts/validate_handoff_scope.py,waiver_self_test,0.86,2.17,0.84,sibling
tests/test_driver_core/test_tier_chain.py,test_the_capture_carries_the_class_so_the_pool_can_be_chosen,0.83,2.17,0.8600000000000001,callee
tests/test_hg_hourglass_defaults.py,test_agent_opts_none_inherits_same_mapping,0.86,2.17,0.8500000000000001,callee
tests/test_hourglass_consent_handoff.py,test_no_walk_back_is_recommended_when_the_package_is_sound,0.85,2.17,0.8300000000000001,callee
tests/test_planning_surface.py,test_node_apply_kwargs_paid_tier_ladder_and_ceiling,0.86,2.17,0.85,callee
tests/test_sliding_scale.py,test_tier_2_free_with_escalation,0.86,2.17,0.8500000000000001,callee
tests/test_burndown.py,test_window_bounds_the_scan,0.84,2.16,0.8400000000000001,callee
tests/test_capability.py,test_glm_outranks_gemma,0.82,2.16,0.8400000000000001,callee
tests/test_capability.py,test_shipped_free_pools_survive_realistic_renames,0.86,2.16,0.8600000000000001,callee
tests/test_dynamic_allocation.py,test_compute_adaptive_window_lines,0.81,2.16,0.8400000000000001,callee
tests/test_escalation.py,base_prompt_fn,0.88,2.16,0.83,caller
tests/test_jev_repo_envelope.py,factory,0.87,2.16,0.8400000000000001,callee
tests/test_jev_util_coverage.py,test_jev_route_noted_when_tier_already_frontier,0.85,2.16,0.84,callee
tests/test_jev_util_coverage.py,evaluate_plan_requirements,0.88,2.16,0.8500000000000001,sibling
tests/test_orchestrator.py,evaluate_completion_nouls,0.87,2.16,0.8500000000000001,callee
tests/test_provision.py,test_no_record_means_no_consent,0.86,2.16,0.8500000000000001,callee
tests/test_sliding_scale.py,test_calibrated_abstention_and_pipeline,0.87,2.16,0.8300000000000001,callee
tests/test_trust.py,test_three_clean_runs_earn_one_level,0.84,2.16,0.8500000000000001,callee
audits/self/audit.py,worker,0.89,2.1599999999999997,0.8699999999999999,caller
tests/test_router_dynamic_rotation.py,test_a_failing_model_sinks_behind_a_healthy_one,0.86,2.1599999999999997,0.83,callee
tests/test_jev_escalation_driver.py,_escalation,0.88,2.15,0.8500000000000001,sibling
tests/test_server.py,test_unreadable_token_file_is_regenerated,0.89,2.15,0.8699999999999999,callee
tests/test_trust.py,test_unusable_hygiene_is_bounded,0.85,2.15,0.83,callee
tests/test_trust.py,test_ledger_report_carries_trust,0.87,2.15,0.8699999999999999,sibling
tests/test_chat_reasoning_memory.py,test_the_memory_is_keyed_on_the_canonical_model,0.85,2.15,0.8500000000000001,callee
tests/test_dynamic_allocation.py,test_compute_dynamic_confidence_threshold,0.84,2.15,0.83,callee
tests/test_hourglass_jev_integrations.py,test_out_of_vocabulary_choice_is_reported_not_snapped,0.87,2.15,0.8400000000000001,callee
tests/test_jev_escalation_driver.py,test_low_confidence_climbs_to_frontier,0.81,2.15,0.82,callee
tests/test_jev_vision_assessment.py,evaluate_vision_assessment,0.89,2.15,0.8300000000000001,caller
tests/test_perception_client.py,fake_init,0.86,2.15,0.8600000000000001,sibling
tests/test_phase_b_execution.py,test_no_task_cap_leaves_the_session_ceiling_in_force,0.87,2.15,0.8699999999999999,callee
tests/test_site_parity_directives.py,test_directive_reaches_sanitized_bundle,0.89,2.15,0.8500000000000001,callee
tests/test_trust.py,test_model_shape,0.85,2.15,0.8400000000000001,callee
audits/self/audit.py,refuses,0.86,2.14,0.87,callee
audits/self/audit.py,main,0.86,2.14,0.89,callee
tests/test_mcp.py,__init__,0.89,2.14,0.77,sibling
tests/test_router_dynamic_rotation.py,test_a_pool_with_no_observations_is_served_as_declared,0.83,2.14,0.8300000000000001,callee
harness/jev_packs.py,axis_gate_tests,0.86,2.14,0.8500000000000001,sibling
tests/test_chat_reasoning_memory.py,test_only_a_rejection_is_learned,0.85,2.14,0.8300000000000001,callee
tests/test_dogfood_matrix_strict.py,test_no_steps_fails,0.87,2.14,0.8300000000000001,callee
tests/test_executor.py,__init__,0.87,2.14,0.77,sibling
tests/test_hourglass_consent_handoff.py,test_a_declared_recommendation_from_jev_is_accepted_as_a_recommendation,0.89,2.14,0.8400000000000001,callee
tests/test_hul_jev_scope_gate.py,test_code_owned_scope_helpers,0.86,2.14,0.8,none
tests/test_jev_core_hardening.py,test_local_mechanics_rejection_counts_as_neither,0.87,2.14,0.8300000000000001,callee
tests/test_jev_escalation_driver.py,preflight,0.88,2.14,0.81,caller
tests/test_jev_util_route.py,test_unkeyed_fallback_uses_existing_heuristic,0.85,2.14,0.8300000000000001,callee
tests/test_ledger_isolation.py,test_lock_exemption_does_not_hide_a_rotation_segment,0.87,2.14,0.8500000000000001,callee
tests/test_model_envelope.py,test_keyed_face_defaults_to_configured_ceiling,0.85,2.14,0.8300000000000001,callee
tests/test_provision.py,boom,0.86,2.14,0.77,caller
tests/test_waist.py,test_plan_task_uses_decomposed_dag_and_classifies_tiers,0.87,2.14,0.8600000000000001,callee
tests/test_oc_handoff_worker.py,test_squash_integrated_handoff_allows_the_next_task,0.88,2.14,0.8500000000000001,callee
tests/test_jev_bar_sentiment.py,test_heuristic_dogfood,0.82,2.1399999999999997,0.8,callee
tests/test_audit_dimensions.py,test_approaching_index_at_8_5,0.79,2.1399999999999997,0.82,callee
tests/test_jev_bar_sentiment.py,test_completion_bar_question_pack,0.82,2.1399999999999997,0.82,callee
tests/test_route_pack.py,test_tier_rank_orders,0.82,2.1399999999999997,0.8200000000000001,callee
tests/test_trust.py,test_hostile_model_denials_refuse,0.84,2.1399999999999997,0.82,callee
tests/test_extra.py,test_low_agreement_defers,0.82,2.13,0.81,callee
tests/test_hourglass_recondense.py,test_the_envelope_omits_the_key_when_no_evidence_was_supplied,0.84,2.13,0.8300000000000001,callee
tests/dogfood_matrix_suite.py,test_cat04_issue_triage,0.85,2.13,0.86,callee
tests/test_agent.py,flip_after_first,0.83,2.13,0.81,sibling
tests/test_dogfood.py,test_capabilities_max_cost_reaches_governor,0.87,2.13,0.86,callee
tests/test_driver_core/test_vision.py,test_the_sentinel_never_reaches_the_audit_chain,0.87,2.13,0.8300000000000001,callee
tests/test_driver_core/test_vision.py,test_the_sentinel_never_reaches_a_vote,0.84,2.13,0.8400000000000001,callee
tests/test_jev_bar_sentiment.py,setUp,0.85,2.13,0.8,caller
tests/test_jev_completion.py,evaluate_phase_completion,0.87,2.13,0.81,caller
tests/test_jev_completion.py,fake_git_bytes,0.83,2.13,0.8400000000000001,sibling
tests/test_jev_core_hardening.py,test_low_confidence_cheaper_than_floor_is_raised_to_floor,0.86,2.13,0.82,sibling
tests/test_jev_core_hardening.py,test_a_deleted_ledger_directory_is_not_recreated_and_tails_survive,0.87,2.13,0.87,none
tests/test_jev_escalation_driver.py,test_marginal_confidence_skips_failed_rung,0.79,2.13,0.8200000000000001,callee
tests/test_jev_escalation_driver.py,test_jev_directive_is_one_shot,0.85,2.13,0.8300000000000001,callee
tests/test_jev_escalation_lifecycle.py,test_budget_noul_abstains_and_retires_walk,0.85,2.13,0.8300000000000001,callee
tests/test_jev_lane_parity.py,test_batch_aggregates_child_structural_envelopes,0.87,2.13,0.87,callee
tests/test_jev_log_pack.py,test_evidence_refs_are_code_owned_line_numbers,0.83,2.13,0.8300000000000001,callee
tests/test_mcp.py,test_lane_for_covers_every_tool_contract,0.81,2.13,0.81,callee
tests/test_model_slates.py,test_paid_judge_is_the_value_deep_thinker,0.84,2.13,0.8300000000000001,callee
tests/test_repo_items.py,test_state_char_budget_holds_on_worst_case,0.7,2.13,0.8200000000000001,callee
tests/test_site_aggregate.py,test_floor_modeled_not_fabricated,0.83,2.13,0.81,callee
tests/test_hg_cli_resume_coverage.py,execute,0.89,2.12,0.8,sibling
tests/test_dogfood_matrix_strict.py,test_wrong_oracle_fails_both,0.86,2.12,0.8400000000000001,sibling
tests/test_driver_core/test_vision.py,__init__,0.88,2.12,0.76,sibling
tests/test_hul_mission_record.py,test_working_remaining_formula,0.8,2.12,0.81,callee
tests/test_jev_core_hardening.py,test_process_cache_only_for_the_real_transport,0.84,2.12,0.8200000000000001,callee
tests/test_jev_log_envelope.py,test_keyed_double_scores_flow_into_the_artifact,0.85,2.12,0.8300000000000001,sibling
tests/test_model_envelope.py,test_unkeyed_face_needs_no_governor,0.86,2.12,0.8300000000000001,callee
tests/test_perception_client.py,test_step_returns_the_envelope_verbatim,0.85,2.12,0.8,callee
tests/test_router_dynamic_rotation.py,test_a_recovered_model_is_no_longer_penalised_for_errors,0.86,2.12,0.8300000000000001,callee
tests/test_server.py,build,0.86,2.12,0.79,caller
tests/test_trust.py,test_cold_start_is_unknown,0.86,2.12,0.8200000000000001,callee
tests/test_trust.py,test_model_hostile_denials_stay_permanent,0.87,2.12,0.8200000000000001,callee
tests/test_condenser.py,test_extract_python_signatures_with_focus,0.82,2.1199999999999997,0.8,callee
tests/test_jev_completion.py,test_the_mentioning_row_still_resolves_for_its_own_phase,0.83,2.1199999999999997,0.81,callee
tests/test_hourglass_jev_integrations.py,test_agent_ask_stage_dimension_non_tuple_return,0.85,2.1100000000000003,0.81,callee
harness/web.py,filter_search_relevance,0.84,2.11,0.84,caller
tests/test_apply.py,runner,0.88,2.11,0.78,sibling
tests/test_driver_core/test_tier_chain.py,capture,0.87,2.11,0.79,sibling
tests/test_planning_surface.py,test_node_apply_kwargs_missing_detail_degrades_to_defaults,0.83,2.11,0.8,callee
tests/test_burndown.py,test_gpt5_and_o1_are_recognized,0.78,2.11,0.8,callee
tests/test_capability.py,test_minimax_outranks_gemma,0.81,2.11,0.8300000000000001,callee
tests/test_cli.py,test_flag_defaults_false_when_omitted,0.83,2.11,0.8400000000000001,callee
tests/test_economics_discount.py,test_byok_response_is_unresolved,0.86,2.11,0.8200000000000001,callee
tests/test_escalation.py,test_rung_walk_and_deescalate,0.86,2.11,0.81,callee
tests/test_hourglass_consent_handoff.py,test_the_walk_back_target_comes_from_the_declared_vocabulary,0.8,2.11,0.79,callee
tests/test_hourglass_execution_budget.py,test_the_default_run_carries_the_execution_judgment,0.86,2.11,0.81,callee
tests/test_hourglass_recondense.py,test_no_stage_evidence_keeps_the_historical_behaviour,0.85,2.11,0.85,callee
tests/test_jev_bar_sentiment.py,test_jev_p6_complete_this_pr_fails_bar_with_merge_pending,0.86,2.11,0.79,callee
tests/test_jev_core_hardening.py,test_a_dead_leader_stalls_followers_only_briefly,0.88,2.11,0.85,callee
tests/test_jev_issue_sort.py,test_sort_notes_helper_uses_pack_path_id_only,0.86,2.11,0.8300000000000001,sibling
tests/test_jev_util_route.py,test_resolve_sliding_scale_route_accepts_jev_route,0.87,2.11,0.8300000000000001,callee
tests/test_repo_cards.py,test_default_root_is_the_parent_of_this_checkout,0.77,2.11,0.8200000000000001,callee
tests/test_repo_items.py,test_centrality_counts_importers,0.83,2.11,0.8300000000000001,callee
tests/test_driver_core/test_consent.py,backend,0.87,2.1,0.78,caller
tests/test_server.py,end_headers,0.86,2.1,0.77,caller
tests/test_worktree.py,worker,0.88,2.1,0.76,caller
tests/test_hg_pyramid_resume.py,execute,0.89,2.1,0.77,sibling
tests/test_hourglass_jev_integrations.py,test_partial_answers_are_all_or_nothing,0.84,2.1,0.81,callee
tests/test_hourglass_stage_composition.py,test_a_supplied_artifact_leaves_no_budget_for_the_skipped_stage,0.83,2.1,0.8200000000000001,callee
tests/test_jev_calibration_analysis.py,test_method_documents_max_insufficiency,0.84,2.1,0.8,callee
tests/test_jev_completion.py,test_an_open_row_still_reports_open,0.84,2.1,0.8300000000000001,callee
tests/test_plat_ci_matrix.py,test_no_step_assumes_a_posix_shell_implicitly,0.84,2.1,0.86,callee
tests/test_repo_items.py,test_heading_cap_breaks_at_display_bound,0.83,2.1,0.8200000000000001,callee
tests/test_waist.py,mock_gov,0.85,2.1,0.81,sibling
tests/test_extra.py,test_effort_to_send,0.78,2.0999999999999996,0.8,callee
tests/test_route_pack.py,test_cost_class_buckets,0.8,2.0999999999999996,0.78,callee
harness/jev_completion.py,verify_signature,0.85,2.0900000000000003,0.8300000000000001,caller
tests/test_server.py,end_headers,0.86,2.0900000000000003,0.75,caller
tests/test_capability.py,test_all_stale_degrades_to_given_order,0.84,2.0900000000000003,0.8300000000000001,callee
tests/test_dogfood_matrix_strict.py,test_unkeyed_heuristic_is_not_a_jev_match,0.83,2.0900000000000003,0.8300000000000001,callee
tests/test_server_driver.py,test_unauthorised_request_never_starts_a_driver,0.87,2.0900000000000003,0.8300000000000001,callee
audits/self/audit.py,r_continuation_contract,0.83,2.09,0.81,callee
harness/jev_completion.py,collect_phase_evidence,0.85,2.09,0.86,callee
tests/test_economics_ingest.py,__init__,0.87,2.09,0.76,sibling
tests/test_hul_driver_findings_resume.py,_false_done_attempt,0.84,2.09,0.78,sibling
audits/self/audit.py,r_output_usability,0.86,2.09,0.8200000000000001,callee
tests/test_burndown.py,test_reasoning_only_primary_rotates_to_free_fallback,0.87,2.09,0.8200000000000001,callee
tests/test_capability.py,test_evidence_pulls_toward_truth,0.79,2.09,0.81,callee
tests/test_hourglass_consent_handoff.py,test_an_unknown_consent_state_never_invents_a_renewal,0.87,2.09,0.8,callee
tests/test_hourglass_execution_budget.py,test_planning_reports_exactly_one_declared_outcome_with_its_evidence,0.84,2.09,0.8200000000000001,callee
tests/test_jev_completion.py,test_an_unbackticked_id_row_still_resolves_its_phase,0.81,2.09,0.8200000000000001,callee
tests/test_jev_decision_gate.py,test_safe_high_confidence_action_proceeds,0.84,2.09,0.8,callee
tests/test_saturation.py,test_gate_failure_is_never_saturation,0.78,2.09,0.8,callee
tests/test_site_aggregate.py,test_base_layer_low_frontier_escape_high,0.81,2.09,0.81,callee
tests/test_site_aggregate.py,test_month_and_version_split,0.84,2.09,0.8200000000000001,callee
tests/test_site_fold_parity.py,test_fold_is_pure_and_chainable,0.84,2.09,0.8200000000000001,callee
tests/test_burndown.py,test_shape_and_counts,0.83,2.08,0.8,callee
tests/test_capability.py,test_code_task_deweights_json,0.83,2.08,0.8200000000000001,callee
tests/test_claims.py,test_rules_fire_ranked_and_deterministic,0.85,2.08,0.81,callee
tests/test_driver_core/test_executability.py,backend,0.88,2.08,0.79,caller
tests/test_dynamic_allocation.py,test_compute_adaptive_waist_rounds,0.8,2.08,0.79,callee
tests/test_hg_condense_decompose.py,test_condensation_without_a_ledger_stays_silent_and_safe,0.84,2.08,0.8,callee
tests/test_hul_jev_scope_gate.py,reserve,0.88,2.08,0.8300000000000001,caller
tests/test_jev_core_hardening.py,test_vision_never_books_an_absurd_response,0.87,2.08,0.81,callee
tests/test_jev_log_pack.py,test_continuation_lines_attach_only_to_selected_items,0.8,2.08,0.81,callee
tests/test_jev_repo_envelope.py,test_unkeyed_factory_never_budget_stops,0.87,2.08,0.8,callee
tests/test_jev_util_route.py,test_route_pack_uses_vocabulary_not_brands,0.82,2.08,0.79,callee
tests/test_osal.py,close,0.88,2.08,0.8,callee
tests/test_rankings.py,test_candidates_intersect_catalog_and_shipped,0.84,2.08,0.8,callee
tests/test_reasoning_disable.py,test_reservation_slots_disable_is_two,0.8,2.08,0.8,callee
tests/test_repo_items.py,test_symbol_zero_disables,0.81,2.08,0.8,callee
tests/test_service_closeout.py,test_artifact_present_when_specialist_ladder_fails,0.89,2.08,0.81,sibling
tests/test_trust.py,test_unknown_reasons_say_unknown,0.85,2.08,0.81,callee
tests/test_jev_bar_sentiment.py,test_match_completion_keywords,0.84,2.0799999999999996,0.78,none
harness/ledger_analytics.py,participation_report,0.86,2.0700000000000003,0.86,callee
tests/test_claims.py,test_expansion_skips_identifiers_already_in_window_and_dedupes,0.83,2.0700000000000003,0.8200000000000001,sibling
tests/test_dogfood_matrix_strict.py,test_unkeyed_policy_cannot_pass_claim_verification,0.86,2.0700000000000003,0.81,callee
tests/test_local_fit_guard.py,score,0.87,2.0700000000000003,0.76,caller
tests/test_jev_util_coverage.py,evaluate,0.87,2.07,0.8,callee
tests/test_route_pack.py,test_floor_heuristic_is_deterministic,0.8,2.07,0.77,callee
tests/test_server.py,test_a_failed_write_survives_a_failed_cleanup,0.88,2.07,0.8,callee
scripts/validate_handoff_scope.py,_waiver,0.86,2.07,0.79,sibling
tests/test_audit_dimensions.py,post,0.88,2.07,0.8,caller
tests/test_dogfood_matrix_strict.py,test_steps_with_no_ok_step_fail_even_though_legacy_passed,0.84,2.07,0.8,callee
tests/test_driver_core/test_tier_chain.py,test_a_target_object_never_reaches_the_audit_payload,0.85,2.07,0.79,callee
tests/test_executor.py,worker,0.87,2.07,0.83,caller
tests/test_jev_completion.py,evaluate_phase_completion,0.85,2.07,0.79,caller
tests/test_jev_completion.py,test_a_genuinely_open_row_does_not_claim_completion,0.84,2.07,0.81,callee
tests/test_jev_completion.py,test_ev0_reports_its_real_open_work_not_an_unlanded_phase,0.85,2.07,0.8,callee
tests/test_jev_util_coverage.py,reserve,0.85,2.07,0.78,caller
tests/test_jev_util_route.py,test_fallback_evaluator_route_still_heuristic,0.86,2.07,0.8,sibling
harness/repo_summary.py,render_repo_map,0.82,2.06,0.8200000000000001,caller
tests/test_hourglass_consent_handoff.py,noul,0.82,2.06,0.72,none
tests/test_jev_bar_sentiment.py,test_heuristic_merge_evidence,0.84,2.06,0.77,callee
tests/test_router_dynamic_rotation.py,test_the_error_count_never_goes_negative,0.85,2.06,0.78,callee
tests/test_server.py,test_a_failed_write_leaves_no_temp_file,0.87,2.06,0.82,callee
harness/agent.py,is_research_question,0.77,2.06,0.8,sibling
harness/jev_packs.py,heuristic_requires_iteration,0.81,2.06,0.79,caller
harness/spend.py,__post_init__,0.87,2.06,0.82,callee
tests/test_dag.py,test_build_decomposition_prompt,0.83,2.06,0.76,callee
tests/test_economics_discount.py,test_discount_must_still_be_applied,0.84,2.06,0.8,callee
tests/test_hg_hybrid_isolate.py,__init__,0.86,2.06,0.75,sibling
tests/test_hourglass_execution_budget.py,test_planning_makes_no_jev_call_without_a_native_answer,0.84,2.06,0.79,callee
tests/test_hourglass_stage_composition.py,test_the_plan_lane_consumes_a_supplied_brief,0.84,2.06,0.81,sibling
tests/test_jev_log_envelope.py,test_aggregate_is_pure_arithmetic,0.85,2.06,0.79,callee
tests/test_jev_triage_files.py,test_orch_keyword_fallback_still_available,0.87,2.06,0.8,callee
tests/test_lane_policy.py,test_answer_default_and_effort,0.78,2.06,0.77,callee
tests/test_orchestrator.py,test_empty_listing_short_circuits,0.84,2.06,0.78,callee
tests/test_phase_b_execution.py,test_the_block_is_composed_from_the_existing_owners,0.84,2.06,0.8,callee
tests/test_server.py,fake,0.87,2.06,0.8,sibling
harness/cli.py,_cmd_continue,0.89,2.06,0.84,callee
tests/test_jev_core_hardening.py,test_availability_survives_a_broken_governor_probe,0.87,2.0500000000000003,0.8200000000000001,callee
tests/test_driver_core/test_jev_client.py,test_usable_requires_every_guard_to_have_answered,0.84,2.0500000000000003,0.81,callee
tests/test_driver_core/test_tier_chain.py,test_a_structured_source_serves_only_its_own_class_by_default,0.8,2.0500000000000003,0.8,callee
tests/test_jev_core_hardening.py,test_unkeyed_or_unaffordable_is_unavailable,0.87,2.0500000000000003,0.81,callee
tests/test_orchestrator.py,evaluate_completion_nouls,0.88,2.0500000000000003,0.8,caller
tests/test_provision_wiring.py,runner,0.86,2.0500000000000003,0.8,caller
tests/test_server_driver.py,test_adapter_without_autostart_does_not_start_anything,0.85,2.0500000000000003,0.81,callee
tests/test_waist.py,test_waist_gate_resolves_its_own_frontier_rung,0.85,2.0500000000000003,0.81,callee
tests/test_osal.py,wait,0.87,2.05,0.78,callee
harness/config.py,shipped_model_ids,0.83,2.05,0.77,caller
tests/test_dogfood.py,test_default_ceiling_when_flag_absent,0.86,2.05,0.82,callee
tests/test_hg_cli_resume_coverage.py,__init__,0.88,2.05,0.78,sibling
tests/test_jev_bar_sentiment.py,setUp,0.85,2.05,0.76,none
tests/test_jev_core_hardening.py,stuck,0.86,2.05,0.73,callee
tests/test_osal.py,test_config_warns_through_osal,0.85,2.05,0.83,callee
tests/test_provision.py,test_offline_python_plan_is_deterministic_reviewable_and_valid,0.87,2.05,0.79,sibling
tests/test_trust.py,test_trust_command_is_read_only,0.86,2.05,0.82,sibling
harness/_http.py,post,0.9,2.04,0.72,sibling
harness/server.py,run_driver_task,0.86,2.04,0.83,callee
tests/test_audit_dimensions.py,test_at_risk_index_at_7_5,0.82,2.04,0.76,callee
tests/test_dynamic_allocation.py,test_compute_dynamic_evidence_budget,0.83,2.04,0.76,callee
tests/test_escalation.py,test_walk_within_one_family_is_not_an_escalation,0.85,2.04,0.8,callee
tests/test_hourglass_jev_integrations.py,_good_answers,0.79,2.04,0.76,callee
tests/test_hourglass_planning_budget.py,test_a_second_round_curates_a_narrower_brief_and_asks_again,0.83,2.04,0.78,callee
tests/test_jev_bar_sentiment.py,test_deferred_alone_is_not_hard_blocker,0.84,2.04,0.79,callee
tests/test_jev_core_hardening.py,record_actual,0.88,2.04,0.78,callee
tests/test_jev_core_hardening.py,test_low_confidence_in_ladder_choice_is_honored,0.84,2.04,0.78,sibling
tests/test_jev_decision_gate.py,test_composer_matches_ground_truth_with_zero_false_proceeds,0.81,2.04,0.8,callee
tests/test_jev_issue_sort.py,test_waist_attaches_issue_sort_when_pack_provided,0.86,2.04,0.79,sibling
tests/test_jev_triage.py,test_plan_fallback_adds_iterative_guideline_and_structural_envelope,0.86,2.04,0.78,sibling
tests/test_perception_client.py,test_a_success_summarizes_to_the_action_and_cost,0.85,2.04,0.79,callee
tests/test_perception_client.py,test_raw_prints_the_whole_envelope,0.85,2.04,0.8,callee
tests/test_provision.py,test_existing_record_short_circuits_ask,0.84,2.04,0.8,callee
tests/test_reasoning_disable.py,test_effort_to_send_disable,0.79,2.04,0.78,callee
tests/test_sliding_scale.py,test_tier_model_ladders,0.83,2.04,0.79,sibling
tests/test_capability.py,test_order_pool_empty_safe,0.84,2.0300000000000002,0.79,callee
tests/test_jev_util_coverage.py,evaluate_plan_requirements,0.87,2.0300000000000002,0.8,caller
tests/test_local_fit_guard.py,test_dispatch_crash_reports_stderr_but_never_raises,0.86,2.0300000000000002,0.79,callee
tests/test_hourglass_stage_composition.py,test_a_brief_with_no_sources_is_never_fresh,0.82,2.0300000000000002,0.79,callee
tests/test_providers.py,test_adapter_execute,0.85,2.0300000000000002,0.79,callee
tests/test_repo_items.py,test_default_relevance_pass_still_skips_soft_content,0.83,2.0300000000000002,0.8,callee
tests/test_reserve_call_parity.py,test_apply_reserve_equals_apply_call,0.86,2.0300000000000002,0.8,sibling
tests/test_saturation.py,test_advise_silent_when_not_saturated,0.8,2.0300000000000002,0.79,callee
tests/test_trust.py,participation_report,0.88,2.0300000000000002,0.74,callee
harness/cli.py,_cmd_rankings,0.91,2.0300000000000002,0.8,callee
tests/test_jev_repo_judgment.py,test_string_state_is_truncated_text,0.87,2.03,0.78,callee
tests/test_claims.py,test_load_bearing_words,0.75,2.03,0.75,callee
tests/test_driver_core/test_tier_chain.py,test_a_dom_target_can_never_reach_the_screen_source,0.85,2.03,0.78,sibling
tests/test_hul_jev_scope_gate.py,test_raw_number_answers_normalize_in_determination,0.86,2.03,0.79,callee
tests/test_jev_answer_lifecycle.py,test_last_round_incomplete_judge_leaves_needs_iteration,0.83,2.03,0.78,callee
tests/test_jev_core_hardening.py,fine,0.86,2.03,0.76,callee
harness/trust.py,correctness_level,0.86,2.02,0.79,callee
tests/test_apply.py,test_policy_owner_and_inheritance,0.81,2.02,0.78,sibling
tests/test_capability.py,rewrite,0.87,2.02,0.8300000000000001,sibling
tests/test_dogfood_matrix_strict.py,test_planted_false_claim_judged_supported_hard_fails,0.84,2.02,0.77,callee
tests/test_hardening.py,test_hedged_response_defers_conservatively,0.82,2.02,0.78,callee
tests/test_hourglass_brief.py,test_truncation_stays_labeled_and_span_exact,0.84,2.02,0.79,callee
tests/test_hourglass_planning_budget.py,test_a_judge_that_keeps_asking_for_evidence_ends_the_ladder,0.85,2.02,0.77,callee
tests/test_hourglass_stage_composition.py,test_a_stage_that_did_not_compose_is_skipped_with_a_reason,0.84,2.02,0.8,callee
tests/test_hul_jev_scope_gate.py,test_missing_scope_blocks_complete_even_when_keyed_green,0.87,2.02,0.77,callee
tests/test_jev_completion.py,test_a_wildcard_id_row_still_resolves_its_phase,0.82,2.02,0.77,callee
tests/test_jev_log_pack.py,test_warn_error_selected_info_not_by_default,0.82,2.02,0.77,callee
tests/test_mcp.py,test_lanes_tuple_is_pool_creation_order,0.75,2.02,0.75,sibling
tests/test_phase_b_dogfood_defects.py,test_max_cost_with_an_injected_governor_is_rejected_not_ignored,0.66,2.02,0.75,sibling
tests/test_waist.py,fake_governed,0.85,2.02,0.75,sibling
tests/test_condenser.py,test_condense_error_log,0.82,2.0100000000000002,0.78,callee
tests/test_jev_bar_sentiment.py,test_heuristic_verification,0.81,2.0100000000000002,0.74,callee
tests/test_agent.py,test_hourglass_answer_once_rotates_when_allocated_tokens_exhausted,0.85,2.0100000000000002,0.78,callee
tests/test_hourglass_recondense.py,test_a_drifted_pin_triggers_a_refresh_with_its_evidence,0.85,2.0100000000000002,0.79,callee
tests/test_hourglass_surface_parity.py,test_cli_and_mcp_brief_file_intake_and_bypass,0.87,2.0100000000000002,0.78,sibling
tests/test_jev_core_hardening.py,test_cache_hit_still_works_with_no_budget,0.86,2.0100000000000002,0.79,callee
tests/test_repo_items.py,test_test_counterpart_and_gate,0.8,2.0100000000000002,0.8,sibling
bench/tasks/clamp/clamp.py,clamp,0.81,2.01,0.7,caller
tests/test_driver_core/test_tier_chain.py,broken,0.86,2.01,0.71,sibling
tests/test_trust.py,test_soft_denial_costs_one,0.82,2.01,0.77,callee
tests/test_hg_composed_ceiling.py,test_composed_worst_case_envelope_shape,0.81,2.01,0.76,callee
tests/test_hourglass_jev_integrations.py,test_consent_dimension_exposes_freshness_defer_and_escalation,0.86,2.01,0.75,callee
tests/test_hul_jev_scope_gate.py,test_needs_human_blocks_complete,0.86,2.01,0.76,callee
tests/test_jev_util_route.py,test_normalize_and_tier_hint,0.84,2.01,0.75,callee
tests/test_jev_util_route.py,test_keyed_out_of_vocabulary_falls_back_honestly,0.87,2.01,0.8099999999999999,sibling
tests/test_ledger.py,test_participation_report_step_up_is_not_a_denial,0.86,2.01,0.77,callee
tests/test_phase_b_execution.py,setUp,0.85,2.01,0.75,callee
tests/test_provision.py,test_apple_silicon_counts_as_gpu,0.85,2.01,0.77,sibling
tests/test_rankings.py,get,0.88,2.01,0.77,sibling
harness/chat.py,looks_reasoning,0.76,2.0,0.76,caller
tests/test_capability.py,test_no_data_uses_capability,0.79,2.0,0.79,callee
tests/test_hg_composed_ceiling.py,test_plan_envelope_carries_composed_worst_case,0.86,2.0,0.78,sibling
tests/test_hourglass_brief.py,test_render_brief_needs_no_io_for_the_condensed_pack,0.85,2.0,0.75,callee
tests/test_hul_driver_findings_resume.py,test_interrupt_safe_resume_survives_reload,0.88,2.0,0.78,callee
tests/test_hul_jev_scope_gate.py,test_verifier_false_blocks_complete,0.87,2.0,0.74,callee
tests/test_jev_calibration_analysis.py,test_warning_requires_labeled_review,0.84,2.0,0.77,callee
tests/test_jev_core_hardening.py,__init__,0.88,2.0,0.72,caller
tests/test_jev_lane_parity.py,test_cli_plan_preview_exposes_structural_envelope,0.86,2.0,0.79,callee
tests/test_orchestrator.py,test_cap_enforced,0.85,2.0,0.77,none
tests/test_panel.py,test_specialist_sees_full_votes,0.86,2.0,0.78,sibling
tests/test_planning_surface.py,test_cli_cmd_plan_execute_threads_node_route,0.84,2.0,0.8,callee
tests/test_provision.py,test_without_a_judgment_source_the_most_reversible_recipe_wins,0.86,2.0,0.76,callee
tests/test_worktree.py,worker,0.87,2.0,0.72,caller
harness/waist.py,plan_consensus,0.87,2.0,0.79,callee
tests/test_executor.py,__init__,0.84,1.9999999999999998,0.73,sibling
tests/test_saturation.py,test_all_429_engine_rounds,0.8,1.9999999999999998,0.76,callee
harness/convergence.py,tally_convergence,0.83,1.9900000000000002,0.79,sibling
tests/test_jev_repo_pack.py,test_accepts_already_validated_pack,0.84,1.9900000000000002,0.78,sibling
tests/test_audit_dimensions.py,test_failing_index_below_7,0.8,1.99,0.75,callee
tests/test_convergence.py,panel,0.86,1.99,0.74,caller
tests/test_jev_escalation_driver.py,test_high_confidence_retries_from_zero,0.8,1.99,0.74,callee
tests/test_jev_util_coverage.py,__init__,0.85,1.99,0.72,sibling
harness/mission_driver.py,_persist,0.87,1.99,0.8300000000000001,callee
harness/site_export.py,_secret_scan,0.88,1.99,0.77,caller
tests/test_agent.py,test_discover_target_files,0.82,1.99,0.74,callee
tests/test_driver_core/test_consent.py,test_the_declaration_is_visible_in_the_vocabulary,0.83,1.99,0.76,callee
tests/test_hourglass_execution_budget.py,test_the_configured_stage_selection_is_what_runs,0.84,1.99,0.76,callee
tests/test_hourglass_execution_budget.py,test_the_default_run_carries_the_planning_outcome,0.86,1.99,0.77,callee
tests/test_jev_core_hardening.py,test_near_zero_confidence_choice_is_discarded_and_billed,0.86,1.99,0.76,sibling
tests/test_jev_core_hardening.py,respond,0.86,1.99,0.72,sibling
tests/test_jev_vision_assessment.py,__init__,0.85,1.99,0.71,sibling
tests/test_planning_surface.py,test_heuristic_decompose_multifile_goal,0.84,1.99,0.76,callee
tests/test_plat_ci_matrix.py,test_the_serve_and_mcp_smoke_survives_in_the_ubuntu_package_job,0.83,1.99,0.77,callee
tests/test_release_driver.py,test_interpreter_matrix_degrades_when_uv_is_inaccessible,0.87,1.99,0.81,callee
tests/test_repo_items.py,test_saturated_python_inventory_keeps_import_roots,0.82,1.99,0.77,callee
tests/test_route_pack.py,test_combo_never_invents_pack_fields,0.85,1.99,0.75,callee
tests/test_router.py,test_escalation_needs_model,0.84,1.99,0.76,sibling
tests/test_jev_util_coverage.py,test_panel_judge_claim_support_error_is_advisory_not_fatal,0.88,1.9899999999999998,0.76,callee
tests/test_economics_discount.py,test_verdict_without_a_fingerprint_is_not_trustworthy,0.83,1.98,0.78,callee
tests/test_osal.py,test_failure_and_timeout_are_none,0.85,1.98,0.77,callee
tests/test_osal.py,__init__,0.83,1.98,0.73,sibling
harness/provision.py,resolve,0.87,1.98,0.81,caller
tests/test_audit_env_isolation.py,test_home_is_redirected_so_key_files_cannot_be_found,0.84,1.98,0.7899999999999999,sibling
tests/test_chat_reasoning_memory.py,__init__,0.85,1.98,0.71,sibling
tests/test_driver_core/test_tier_chain.py,test_for_target_returns_none_for_a_refused_class,0.82,1.98,0.77,callee
tests/test_hourglass_execution_budget.py,test_the_round_allowance_is_the_planning_ceiling_not_the_runs,0.85,1.98,0.75,callee
tests/test_jev_context_pack.py,test_pack_filters_to_decision_relevant_fields,0.77,1.98,0.74,callee
tests/test_jev_core_hardening.py,test_key_and_model_partition_the_cache,0.85,1.98,0.75,callee
tests/test_jev_escalation_driver.py,test_end_to_end_policy_to_directive_chain,0.86,1.98,0.76,callee
tests/test_jev_repo_judgment.py,evaluate,0.86,1.98,0.76,callee
tests/test_provision_structural.py,test_a_filesystem_root_is_never_a_working_directory_exclusion,0.8,1.98,0.76,callee
tests/test_repo_cards.py,test_skips_versioned_planning_checkouts,0.82,1.98,0.77,callee
harness/executor.py,run_node,0.88,1.98,0.8,callee
tests/test_phase_b_execution.py,test_a_failing_ledger_report_still_answers_with_the_pricing_constants,0.88,1.9700000000000002,0.78,callee
tests/test_route_pack.py,reserve,0.89,1.9700000000000002,0.78,caller
tests/test_hg_plan_consensus.py,governed,0.85,1.97,0.7799999999999999,sibling
tests/test_planning_surface.py,test_node_apply_kwargs_free_tier_skips_zero_ceiling,0.83,1.97,0.76,callee
tests/test_saturation.py,test_never_blocks_or_raises,0.84,1.97,0.77,callee
harness/apply_policy.py,_escalate,0.87,1.97,0.81,callee
harness/trust.py,_host_score,0.83,1.97,0.7799999999999999,callee
tests/test_driver_core/test_consensus.py,test_boolean_vocabulary_is_widened_not_equated,0.83,1.97,0.76,callee
tests/test_hourglass_recondense.py,test_a_reused_freshness_report_is_honoured_not_recomputed,0.84,1.97,0.77,callee
tests/test_jev_answer_lifecycle.py,test_audit_intent_routes_to_handle_audit,0.87,1.97,0.78,callee
tests/test_jev_bar_sentiment.py,test_verdict_is_a_bolded_conclusion_in_the_rows_own_cell,0.75,1.97,0.74,callee
tests/test_jev_escalation_driver.py,__init__,0.85,1.97,0.74,sibling
tests/test_jev_util_coverage.py,test_keyword_exposed_helper,0.83,1.97,0.74,callee
tests/test_mcp.py,test_unknown_and_missing_names_ride_observe,0.85,1.97,0.75,callee
tests/test_plat_cmd_runnable.py,test_jev_phase_gate_is_runnable_even_when_the_row_is_not_done,0.87,1.97,0.79,callee
tests/test_provision.py,test_jev_choice_outside_the_declared_set_is_refused,0.87,1.97,0.76,callee
tests/test_route_pack.py,__init__,0.85,1.97,0.74,sibling
tests/test_site_parity_directives.py,evaluate_escalation_decision,0.87,1.97,0.76,sibling
tests/test_sliding_scale.py,test_frontier_aliases,0.83,1.97,0.73,sibling
harness/cli.py,_cmd_issue_sort,0.9,1.97,0.7799999999999999,callee
harness/jev_packs.py,phase_status_has_residual,0.83,1.9600000000000002,0.77,caller
tests/test_local_fit_features.py,test_calibration_missing_defaults,0.84,1.9600000000000002,0.76,callee
tests/test_orchestrator.py,test_model_failure_returns_empty_for_caller_fallback,0.87,1.9600000000000002,0.77,callee
tests/test_sliding_scale.py,test_classify_tier_2_frontier,0.8,1.9600000000000002,0.74,sibling
tests/test_sliding_scale.py,test_tier_cost_ceilings,0.79,1.9600000000000002,0.76,callee
tests/test_trust.py,test_model_soft_denials_forgiven_by_surplus_clean_work,0.85,1.9600000000000002,0.74,sibling
audits/self/audit.py,sd_shipped_freshness,0.85,1.9600000000000002,0.77,callee
tests/test_capability.py,test_free_tier_capability_first,0.82,1.96,0.78,callee
tests/test_dynamic_allocation.py,test_rank_models_dynamically,0.84,1.96,0.74,callee
tests/test_hourglass_jev_integrations.py,noul,0.8,1.96,0.6799999999999999,none
tests/test_isolated_request_runner.py,test_default_model_is_inherited_by_omitting_model_flag,0.81,1.96,0.76,callee
tests/test_jev_util_coverage.py,reserve,0.88,1.96,0.72,caller
tests/test_repo_items.py,test_every_noise_rule_path_is_exercised,0.82,1.96,0.76,callee
tests/test_server.py,fake,0.87,1.96,0.78,sibling
audits/self/audit.py,sd_dogfood_loop,0.86,1.96,0.73,callee
tests/test_agent.py,test_refused_edit_carries_a_real_conversational_answer,0.86,1.96,0.74,callee
tests/test_capability.py,test_consent_strike_composes_with_apply_strike,0.86,1.96,0.77,callee
tests/test_condenser.py,test_extract_python_signatures,0.79,1.96,0.73,callee
tests/test_hg_extra_coverage.py,test_decompose_repo_context_none_without_files,0.8,1.96,0.73,callee
tests/test_hourglass_execution_budget.py,test_a_stage_the_operator_dropped_is_reported_skipped_not_run,0.84,1.96,0.75,callee
tests/test_hul_mission_record.py,test_build_mission_spec_normalizes,0.82,1.96,0.75,callee
tests/test_jev_repo_envelope.py,test_unknown_axis_in_rows_is_skipped_not_counted,0.84,1.96,0.74,callee
tests/test_jev_repo_judgment.py,test_partial_answers_stay_live_and_report_unmatched,0.87,1.96,0.74,callee
tests/test_panel.py,test_trim_does_not_shortfall_the_gate,0.84,1.96,0.76,callee
tests/test_plat_cmd_runnable.py,test_unittest_gate_is_never_run_from_inside_the_suite,0.76,1.96,0.76,sibling
tests/test_saturation.py,test_engine_429_without_literal_status_in_message,0.81,1.96,0.72,callee
tests/test_hg_cli_resume_coverage.py,execute,0.88,1.9500000000000002,0.75,caller
tests/test_jev_completion.py,test_plat_contract_and_row_resolve_through_phase_id,0.85,1.9500000000000002,0.76,callee
harness/convergence.py,_bill_event,0.88,1.9500000000000002,0.76,caller
tests/test_audit_dimensions.py,test_governor_none_also_fallback,0.85,1.9500000000000002,0.76,callee
tests/test_driver_core/test_tier_chain.py,test_title_and_visible_text_are_extracted,0.83,1.9500000000000002,0.76,callee
tests/test_driver_core/test_wiring.py,test_structured_classes_get_free_pools,0.82,1.9500000000000002,0.76,callee
tests/test_hul_driver_findings_resume.py,reconcile,0.87,1.9500000000000002,0.75,sibling
tests/test_jev_core_hardening.py,plan_resp,0.89,1.9500000000000002,0.72,callee
tests/test_orchestrator.py,evaluate_completion_nouls,0.87,1.9500000000000002,0.76,callee
tests/test_provision.py,test_defaults_come_from_the_real_platform,0.87,1.9500000000000002,0.76,callee
tests/test_provision.py,test_dict_and_jev_facts_exclude_paths,0.86,1.9500000000000002,0.77,callee
tests/test_release_driver.py,test_battery_step_invokes_audit_and_leak_scan,0.83,1.9500000000000002,0.74,sibling
tests/test_dynamic_allocation.py,test_sliding_scale_tier_ceiling_dynamic,0.83,1.95,0.75,callee
tests/test_jev_escalation_driver.py,test_boundary_matches_decision_function,0.81,1.95,0.73,callee
tests/test_jev_repo_judgment.py,test_non_mapping_state_never_crashes,0.87,1.95,0.75,callee
tests/test_convergence.py,test_tally_unanimous_converges,0.82,1.95,0.74,callee
tests/test_driver_core/test_service.py,test_no_response_ever_carries_captured_screen_content,0.87,1.95,0.74,callee
tests/test_escalation.py,make_req,0.85,1.95,0.75,callee
tests/test_jev_core_hardening.py,__init__,0.86,1.95,0.72,callee
tests/test_jev_p4_ops_exit.py,test_settings_model_pin_is_sent_on_live_payload,0.85,1.95,0.75,callee
tests/test_repo_items.py,test_import_cap_breaks_at_twice_display_bound,0.82,1.95,0.76,callee
tests/test_agent.py,chat_fn,0.85,1.9499999999999997,0.71,callee
harness/jev_completion.py,_status_row_for,0.84,1.9400000000000002,0.76,callee
tests/test_agent.py,chat_fn,0.85,1.9400000000000002,0.75,caller
tests/test_jev_ledger_spend.py,test_jev_block_ignores_torn_lines_and_keeps_unflushed_entries,0.87,1.9400000000000002,0.75,callee
tests/test_audit_dimensions.py,test_none_evidence_does_not_raise,0.84,1.9400000000000002,0.73,callee
tests/test_capability.py,fetch,0.87,1.9400000000000002,0.74,callee
tests/test_hourglass_recondense.py,test_an_empty_touched_set_is_evidence_and_produces_a_decision,0.82,1.9400000000000002,0.75,callee
tests/test_jev_issue_sort.py,test_suggested_next_action_always_equals_pack_when_set,0.83,1.9400000000000002,0.76,callee
tests/test_mcp.py,test_confirm_preview_rides_approval,0.86,1.9400000000000002,0.77,callee
tests/test_phase_b_execution.py,setUp,0.84,1.9400000000000002,0.72,callee
tests/test_jev_smoke.py,test_live_contract_and_cost,0.87,1.9400000000000002,0.76,callee
audits/self/audit.py,r_spend_concurrency,0.85,1.94,0.75,callee
tests/test_audit_dimensions.py,test_non_dict_evidence_value_treated_as_zero,0.84,1.94,0.73,callee
tests/test_router_dynamic_rotation.py,test_success_walks_the_error_count_back_down,0.86,1.94,0.75,callee
audits/self/audit.py,sd_exit_codes,0.83,1.94,0.72,callee
tests/test_agent.py,test_discover_verification_gate,0.85,1.94,0.75,callee
tests/test_capability.py,test_hard_gate_zero,0.83,1.94,0.74,callee
tests/test_hg_composed_ceiling.py,test_composed_worst_case_carries_plan_ceiling,0.84,1.94,0.73,callee
tests/test_hourglass_jev_integrations.py,__init__,0.85,1.94,0.71,sibling
tests/test_hul_jev_scope_gate.py,test_low_scope_coverage_blocks_complete,0.87,1.94,0.72,callee
tests/test_jev_issue_sort.py,__init__,0.85,1.94,0.74,sibling
tests/test_mcp.py,readline,0.86,1.94,0.78,caller
tests/test_site_cli_faces.py,test_dict_state_reads_goal_then_other_keys,0.82,1.94,0.73,callee
tests/test_hg_hybrid_isolate.py,create,0.85,1.9300000000000002,0.73,caller
tests/test_jev_answer_lifecycle.py,_noul,0.82,1.9300000000000002,0.68,caller
tests/test_jev_log_pack.py,test_continuation_bounded,0.82,1.9300000000000002,0.74,callee
tests/test_router_dynamic_rotation.py,test_the_declared_head_is_never_displaced,0.85,1.9300000000000002,0.75,callee
tests/test_agent.py,test_execution_directive_resumes_the_prior_dag_plan,0.87,1.9300000000000002,0.76,callee
tests/test_driver_core/test_consensus.py,test_tie_break_is_stable_across_input_order,0.82,1.9300000000000002,0.77,callee
tests/test_hourglass_recondense.py,test_a_failed_gate_triggers_a_refresh_even_when_every_pin_matches,0.86,1.9300000000000002,0.76,callee
tests/test_jev_log_pack.py,test_info_sample_selects_every_nth_info,0.8,1.9300000000000002,0.75,callee
tests/test_jev_escalation_driver.py,_policy,0.87,1.9300000000000002,0.73,callee
harness/render.py,_render,0.87,1.93,0.77,caller
tests/test_jev_answer_lifecycle.py,evaluate_answer,0.86,1.93,0.74,callee
harness/jev_packs.py,axis_merge_evidence,0.87,1.93,0.77,callee
tests/test_capability.py,test_ordered_pool_drops_stale_ids,0.82,1.93,0.74,callee
tests/test_claims.py,test_max_claims_caps_ranked_output,0.84,1.93,0.74,callee
tests/test_driver_core/test_vision.py,test_the_vision_call_uses_the_decision_tier_endpoint,0.85,1.93,0.73,callee
tests/test_mcp.py,test_no_args_falls_through_to_serve,0.85,1.93,0.73,callee
tests/test_osal.py,wait,0.86,1.93,0.78,sibling
tests/test_saturation.py,test_all_tier_conditions_across_lanes_still_saturate,0.81,1.93,0.74,callee
tests/test_trust.py,test_host_only_shape,0.84,1.93,0.74,callee
tests/test_agent.py,test_execution_request_without_any_scope_falls_back_to_test_files,0.87,1.9200000000000002,0.75,callee
tests/test_audit_dimensions.py,test_unmatched_dim_falls_back_to_evidence_calibrated_index_only,0.84,1.9200000000000002,0.75,callee
tests/test_driver_core/test_tier_chain.py,test_a_declared_pool_serves_only_its_class,0.8,1.9200000000000002,0.74,callee
tests/test_events.py,test_run_meta_never_contains_label_or_key,0.83,1.9200000000000002,0.73,callee
tests/test_hourglass_consent_handoff.py,test_a_changed_assignment_forces_consent_renewal,0.86,1.9200000000000002,0.73,none
tests/test_hourglass_consent_stale.py,test_missing_current_assignment,0.83,1.9200000000000002,0.73,callee
tests/test_provision_wiring.py,test_leftovers_are_listed_on_the_result_and_in_the_ledger,0.82,1.9200000000000002,0.75,callee
tests/test_site_aggregate.py,test_failures_count,0.78,1.9200000000000002,0.72,callee
tests/test_web.py,test_ddg_lite_result_count_is_capped,0.83,1.9200000000000002,0.74,callee
tests/test_dogfood_matrix_strict.py,test_missing_flags_score_zero_checks,0.86,1.92,0.73,callee
tests/test_orchestrator.py,chat_fn,0.84,1.92,0.7,caller
harness/mcp.py,sink,0.89,1.92,0.77,callee
tests/test_audit_dimensions.py,test_bar_met_index_at_9_5,0.8,1.92,0.72,callee
tests/test_audit_dimensions.py,test_no_second_jev_client,0.74,1.92,0.73,callee
tests/test_economics_discount.py,test_missing_reported_cost_is_unresolved_not_manufactured,0.85,1.92,0.72,callee
tests/test_hourglass_jev_integrations.py,test_restart_decision_forces_renewal_when_consent_stale,0.86,1.92,0.73,callee
tests/test_jev_completion.py,test_collect_phase_evidence_missing_roadmap_note,0.84,1.92,0.73,sibling
tests/test_jev_core_hardening.py,test_exit_flush_is_bounded_and_survives_a_missing_thread,0.87,1.92,0.71,callee
harness/local_fit/train.py,score,0.89,1.92,0.77,callee
harness/route_pack.py,tier_floor_for_goal,0.79,1.9100000000000001,0.74,caller
tests/test_orchestrator.py,test_no_overlap_returns_empty,0.82,1.9100000000000001,0.71,callee
driver_core/adapters.py,__init__,0.87,1.9100000000000001,0.73,none
driver_core/osal.py,is_supported,0.8,1.9100000000000001,0.71,callee
scripts/validate_handoff_scope.py,_e2e_plumbing,0.84,1.9100000000000001,0.74,sibling
tests/test_audit_d12_coverage.py,test_unreachable_reference_is_a_visible_skip_locally,0.84,1.9100000000000001,0.75,callee
tests/test_audit_dimensions.py,test_unkeyed_all_dims_present,0.85,1.9100000000000001,0.74,callee
tests/test_jev_issue_sort.py,test_question_pack_criteria_are_operator_labels_only,0.8,1.9100000000000001,0.72,callee
tests/test_local_fit_extract.py,test_unusable_missing_content,0.79,1.9100000000000001,0.7,callee
tests/test_repo_items.py,test_symbol_cap_breaks_in_ranking_inputs,0.77,1.9100000000000001,0.71,callee
tests/test_saturation.py,test_panel_failures,0.78,1.9100000000000001,0.73,callee
tests/test_server.py,test_symlink_refusal_without_real_symlinks,0.87,1.9100000000000001,0.74,callee
tests/test_site_export.py,test_abort_and_defer_outcomes,0.86,1.9100000000000001,0.74,callee
tests/dogfood_matrix_suite.py,score_phase_bar,0.82,1.91,0.77,sibling
tests/test_hourglass_brief.py,test_an_unserializable_pack_reports_zero_tokens_instead_of_raising,0.85,1.91,0.72,callee
audits/self/audit.py,sm_test_mirror,0.85,1.91,0.77,callee
tests/test_cli.py,test_tail_honors_positional_count,0.82,1.91,0.73,callee
tests/test_dogfood_matrix_strict.py,test_honest_evaluator_passes,0.84,1.91,0.72,sibling
tests/test_hg_condense_decompose.py,test_plan_lane_records_its_condensation_as_hv2_evidence,0.83,1.91,0.72,sibling
tests/test_hul_jev_scope_gate.py,test_pack_declares_required_typed_questions,0.77,1.91,0.72,callee
tests/test_server.py,fake,0.87,1.91,0.76,callee
audits/self/audit.py,sm_one_owner_policies,0.85,1.9000000000000001,0.74,callee
tests/test_audit_dimensions.py,test_unkeyed_returns_is_fallback_true,0.86,1.9000000000000001,0.72,callee
tests/test_capability.py,test_sparse_evidence_shrinks,0.72,1.9000000000000001,0.72,callee
tests/test_dogfood.py,test_bench_max_cost_reaches_governor,0.84,1.9000000000000001,0.74,callee
tests/test_hourglass_jev_integrations.py,test_a_discarded_call_is_marked_on_the_structural_envelope,0.85,1.9000000000000001,0.72,callee
tests/test_hourglass_jev_integrations.py,test_compose_run_stages_evaluates_selected_context_and_execution,0.87,1.9000000000000001,0.71,callee
tests/test_hourglass_surface_parity.py,test_mcp_token_budget_schema_and_forwarding,0.84,1.9000000000000001,0.73,callee
tests/test_jev_bar_sentiment.py,post,0.89,1.9000000000000001,0.72,caller
tests/test_jev_completion.py,test_an_honest_open_row_is_not_told_to_rewrite_its_wording,0.83,1.9000000000000001,0.73,callee
tests/test_jev_core_hardening.py,test_unkeyed_and_single_job_run_inline,0.82,1.9000000000000001,0.73,callee
tests/test_jev_escalation_driver.py,test_dead_function_wired_low_confidence_escalates,0.84,1.9000000000000001,0.7,callee
tests/test_jev_util_route.py,test_unkeyed_multi_file_without_iterative_is_diff,0.83,1.9000000000000001,0.74,callee
tests/test_jev_claims_support.py,test_enabled_unkeyed_returns_advisory_unknown_flags,0.84,1.9000000000000001,0.74,callee
audits/self/audit.py,sm_no_dead_code,0.84,1.9,0.76,sibling
tests/test_agent.py,capture,0.85,1.9,0.73,callee
tests/test_cost_cli.py,test_cost_report_edge_cases,0.87,1.9,0.77,callee
tests/test_executor.py,discard,0.86,1.9,0.72,caller
tests/test_jev_bar_sentiment.py,test_phase_status_claims_complete,0.75,1.9,0.7,callee
tests/test_repo_cards.py,test_cargo_crate_and_test_command,0.8,1.9,0.75,callee
tests/test_trust.py,__init__,0.87,1.9,0.69,sibling
harness/mission_record.py,load_mission_yaml,0.85,1.8900000000000001,0.76,callee
tests/test_mcp.py,readline,0.83,1.8900000000000001,0.74,caller
tests/test_osal.py,test_oversized_output_is_refused_not_truncated,0.85,1.8900000000000001,0.72,callee
tests/test_perception_client.py,test_a_corrupt_config_file_falls_back_instead_of_crashing,0.89,1.8900000000000001,0.71,callee
tests/test_provision.py,test_disk_probe_failure_and_filesystem_root_are_handled,0.86,1.8900000000000001,0.73,callee
harness/jev.py,_usage_cap,0.82,1.8900000000000001,0.72,caller
harness/trust.py,rationed_session_ceiling,0.82,1.8900000000000001,0.74,callee
tests/test_audit_dimensions.py,test_check_bullets_included,0.79,1.8900000000000001,0.7,callee
tests/test_audit_dimensions.py,test_four_free_models_satisfy_the_guard_wiring_check,0.84,1.8900000000000001,0.74,none
tests/test_driver_core/test_vision.py,test_an_agreeing_pair_of_vision_slots_reaches_no_state_either,0.84,1.8900000000000001,0.73,sibling
tests/test_hourglass_stage_composition.py,test_a_supplied_plan_bypasses_decomposition_with_a_reason,0.84,1.8900000000000001,0.71,callee
tests/test_jev_log_judgment.py,test_unkeyed_keyword_fallback_bucket_from_pack_only,0.87,1.8900000000000001,0.7,callee
tests/test_jev_policy.py,post,0.88,1.8900000000000001,0.72,sibling
tests/test_mcp.py,test_mission_status_returns_pack_summary,0.87,1.8900000000000001,0.74,callee
tests/test_router_dynamic_rotation.py,test_every_pool_is_ordered_not_just_apply,0.8,1.8900000000000001,0.73,callee
tests/test_saturation.py,test_key_near_limit_qualifies_byok_advice,0.84,1.8900000000000001,0.73,callee
tests/test_sliding_scale.py,test_retry_escalation_forces_frontier,0.81,1.8900000000000001,0.71,callee
tests/test_sliding_scale.py,test_engine_for_wires_cheap_judge_when_router_cheap_judge_is_none,0.86,1.8900000000000001,0.71,callee
tests/test_specialist.py,test_specialist_prompt_names_reassurance_polarity,0.8,1.8900000000000001,0.71,callee
tests/test_driver_core/test_auth.py,test_a_generated_token_is_long_enough_to_be_usable,0.84,1.89,0.74,callee
tests/test_dynamic_allocation.py,test_resolve_model_spec_exact_and_family,0.81,1.89,0.71,callee
tests/test_pool_visibility.py,__init__,0.86,1.89,0.6799999999999999,sibling
tests/test_sliding_scale.py,test_planner_ladder_and_decomposition,0.84,1.89,0.71,callee
tests/test_driver_core/test_tier_chain.py,test_a_banner_only_stream_yields_no_reply,0.8,1.8800000000000001,0.7,callee
tests/test_perception_client.py,test_token_is_sent_as_a_bearer_header,0.85,1.8800000000000001,0.72,callee
tests/test_planning_surface.py,test_node_apply_kwargs_explicit_pins_win,0.81,1.8800000000000001,0.7,callee
tests/test_capability.py,test_observed_json_reliability,0.81,1.8800000000000001,0.73,callee
tests/test_capability.py,test_observed_json_none_without_events,0.84,1.8800000000000001,0.71,callee
tests/test_escalation.py,record_actual,0.88,1.8800000000000001,0.72,caller
tests/test_hourglass_recondense.py,test_a_brief_citing_nothing_is_never_fresh,0.83,1.8800000000000001,0.72,callee
tests/test_hul_jev_scope_gate.py,test_unkeyed_cannot_alone_mark_complete,0.85,1.8800000000000001,0.7,callee
tests/test_hul_mission_record.py,test_dispatch_includes_mission,0.8,1.8800000000000001,0.73,sibling
tests/test_jev_bar_sentiment.py,test_openrouter_and_reopened_not_blockers,0.78,1.8800000000000001,0.71,callee
tests/test_jev_completion_nouls.py,test_present_artifacts_unkeyed_do_not_force_cannot_complete,0.83,1.8800000000000001,0.72,callee
tests/test_local_fit_extract.py,test_unusable_status_invalid_output,0.78,1.8800000000000001,0.69,callee
tests/test_repo_cards.py,test_check_mode_passes_when_cards_are_current,0.83,1.8800000000000001,0.72,callee
tests/test_waist.py,test_plan_only_heuristic_preview_optin_degrades_loudly,0.87,1.8800000000000001,0.72,callee
tests/test_waist.py,test_execute_falls_back_to_heuristic_with_note,0.86,1.8800000000000001,0.73,callee
tests/dogfood_matrix_suite.py,test_cat07_edit_planning_waist_guard,0.87,1.8800000000000001,0.73,callee
harness/server.py,run_bench_task,0.9,1.88,0.75,callee
tests/test_apply_gate.py,_run,0.87,1.88,0.71,callee
tests/test_driver_core/test_tier_chain.py,_driver,0.85,1.88,0.71,callee
tests/test_hg_ms_parity.py,test_chat_ladder_last_resort_comes_from_settings_pool_or_config,0.83,1.88,0.71,callee
tests/test_rankings.py,_real_envelope,0.85,1.88,0.75,caller
harness/server.py,run_dogfood_task,0.9,1.88,0.74,callee
tests/test_capability.py,test_missing_keys_tolerated,0.83,1.87,0.72,callee
tests/test_chat.py,test_extraction_garbage,0.86,1.87,0.6900000000000001,callee
tests/test_convergence.py,test_undeclared_reassurance_claim_still_gates,0.83,1.87,0.71,callee
tests/test_jev_core_hardening.py,test_release_tolerates_an_already_settled_token,0.86,1.87,0.73,callee
tests/test_jev_repo_envelope.py,test_foreign_drive_exclude_is_skipped_not_fatal,0.87,1.87,0.71,callee
tests/test_phase_b_dogfood_defects.py,test_tier_reads_the_class_field_the_wire_shape_actually_carries,0.78,1.87,0.69,callee
tests/test_repo_cards.py,test_detects_section_presence,0.77,1.87,0.71,callee
tests/test_repo_items.py,test_config_key_hints_for_yaml_toml_and_malformed_json,0.85,1.87,0.72,callee
tests/test_audit_dimensions.py,test_unkeyed_low_scores_bar_fails,0.86,1.87,0.71,callee
tests/test_capability.py,test_context_score_bounds,0.72,1.87,0.69,callee
tests/test_convergence.py,test_tally_split_does_not_converge,0.8,1.87,0.7,callee
tests/test_driver_core/test_wiring.py,test_the_vision_pool_appears_only_when_enabled,0.83,1.87,0.72,callee
tests/test_events.py,test_run_meta_survives_mock_ceiling,0.85,1.87,0.7,callee
tests/test_hourglass_consent_handoff.py,test_a_walk_back_into_completed_work_is_refused_and_preserved,0.86,1.87,0.71,callee
tests/test_hourglass_planning_budget.py,test_planning_never_spends_from_the_run_budget_it_did_not_reserve,0.86,1.87,0.71,callee
tests/test_jev_context_pack.py,chat_fn,0.85,1.87,0.69,caller
tests/test_jev_repo_envelope.py,test_low_axis_confidence_flags_ambiguous_rows_and_coverage,0.85,1.87,0.71,callee
tests/test_local_fit_wiring.py,test_observe_scores_but_never_reorders,0.84,1.87,0.71,callee
tests/test_mcp.py,test_main_returns_early_on_version_without_touching_serve_setup,0.84,1.87,0.69,callee
tests/test_provision.py,test_approval_is_bound_to_the_plan_digest,0.86,1.87,0.7,callee
tests/test_provision.py,test_ambiguous_ecosystem_lists_all_applicable_recipes,0.85,1.87,0.71,callee
tests/test_jev_repo_envelope.py,test_limit_bounds_the_pilot,0.85,1.8699999999999999,0.73,callee
harness/waist.py,_brief_for,0.86,1.86,0.75,callee
tests/test_hourglass_jev_integrations.py,reserve,0.89,1.86,0.7200000000000001,sibling
tests/test_jev_core_hardening.py,test_site_export_tolerates_a_garbage_repeat_count,0.87,1.86,0.72,callee
tests/test_jev_vision_assessment.py,read,0.87,1.86,0.67,sibling
tests/test_trust.py,test_hostile_denial_costs_four,0.81,1.86,0.69,callee
harness/osal.py,drain_stdout,0.85,1.86,0.76,sibling
tests/test_capability.py,test_one_unusable_strike_does_not_demote,0.84,1.86,0.71,callee
tests/test_claims.py,test_legitimate_absence_claim_with_in_window_refs_passes,0.85,1.86,0.69,callee
tests/test_cli.py,test_cmd_spend_and_cost_with_jev,0.82,1.86,0.7300000000000001,callee
tests/test_driver_core/test_service.py,_source_reader,0.87,1.86,0.72,caller
tests/test_driver_core/test_tier_chain.py,test_the_summary_carries_no_payload,0.82,1.86,0.71,callee
tests/test_hg_plan_consensus.py,test_unsound_consensus_forces_waist_amend_path,0.84,1.86,0.71,sibling
tests/test_hul_driver_findings_resume.py,test_resume_continues_after_partial_interrupt,0.88,1.86,0.72,callee
tests/test_jev_claims_support.py,test_empty_claims_enabled_still_skips_cleanly,0.85,1.86,0.7200000000000001,sibling
tests/test_jev_escalation_driver.py,evaluate_candidate,0.86,1.86,0.7,caller
tests/test_jev_repo_judgment.py,test_undeclared_legend_labels_never_become_a_level,0.86,1.86,0.69,callee
tests/test_jev_vision_assessment.py,__init__,0.84,1.86,0.69,sibling
tests/test_specialist.py,test_reassurance_claim_ids_reach_specialist_prompt,0.84,1.86,0.7,sibling
tests/test_mcp.py,test_panel_verify_tool,0.86,1.86,0.71,sibling
tests/test_jev_core_hardening.py,test_snapshot_survives_concurrent_policy_creation,0.86,1.8599999999999999,0.7,callee
driver_core/adapters.py,can_serve,0.81,1.8599999999999999,0.73,caller
harness/jev_policy.py,event_metadata,0.87,1.8599999999999999,0.74,callee
tests/test_apply_gate.py,test_content_diff_helper_contract,0.83,1.8599999999999999,0.6799999999999999,callee
tests/test_hg_ms_parity.py,test_resolve_frontier_model_default_from_config_constant,0.83,1.8599999999999999,0.69,callee
tests/test_jev_completion.py,test_ms_row_needle_matches,0.82,1.8599999999999999,0.7,callee
harness/jev_packs.py,phase_status_has_language,0.76,1.85,0.69,caller
harness/trust.py,host_trust,0.84,1.85,0.74,callee
tests/test_jev_core_hardening.py,test_analytics_tolerates_garbage_ledger_fields,0.86,1.85,0.71,callee
tests/test_jev_escalation_driver.py,test_budget_noul_abstains_via_should_abstain,0.81,1.85,0.6799999999999999,callee
tests/test_audit_dimensions.py,__init__,0.86,1.85,0.6699999999999999,sibling
tests/test_escalation.py,test_failed_walk_leaves_no_evidence,0.85,1.85,0.71,callee
tests/test_hg_condense_decompose.py,transient_chat,0.83,1.85,0.69,sibling
tests/test_ledger.py,test_chain_status_reports_segments_and_cut,0.85,1.85,0.71,callee
tests/test_local_fit_wiring.py,test_capability_import_stays_lazy,0.84,1.85,0.71,callee
tests/test_repo_cards.py,test_every_row_origin_is_a_file_that_exists,0.8,1.85,0.72,callee
harness/jev_policy.py,choice_value,0.85,1.8499999999999999,0.73,caller
harness/repo_items.py,note,0.84,1.8499999999999999,0.72,caller
harness/agent.py,classify_prompt_intent,0.83,1.8499999999999999,0.73,caller
harness/jev_packs.py,route_tier_hint,0.84,1.84,0.7000000000000001,callee
tests/test_hourglass_execution_budget.py,snapshot,0.84,1.84,0.66,sibling
tests/test_driver_core/test_auth.py,test_nothing_is_announced_when_nobody_asked,0.82,1.84,0.69,callee
tests/test_driver_core/test_jev_client.py,test_a_partial_response_yields_nothing_at_all,0.84,1.84,0.69,callee
tests/test_hourglass_brief.py,_pack,0.86,1.84,0.69,callee
tests/test_jev_answer_lifecycle.py,evaluate_answer,0.87,1.84,0.7,callee
tests/test_jev_bar_sentiment.py,test_cli_all_phases_on_real_repo,0.86,1.84,0.7100000000000001,callee
tests/test_jev_calibration.py,test_empty_ledger_returns_advisory_empty_report,0.83,1.84,0.71,callee
tests/test_jev_repo_envelope.py,test_fallback_with_real_cost_is_persisted_not_a_budget_stop,0.84,1.84,0.68,callee
tests/test_jev_util_coverage.py,test_pure_assess_completion_nouls_none_artifacts_scans_goal,0.84,1.84,0.6799999999999999,sibling
tests/test_jev_util_route.py,test_keyed_route_can_raise_tier_floor,0.86,1.84,0.69,sibling
tests/test_local_fit_extract.py,test_structured_required_parseable_gate,0.81,1.84,0.7,callee
tests/test_local_fit_extract.py,test_specialist_seat_extracted_when_convergence_present,0.83,1.84,0.7200000000000001,callee
tests/test_repo_cards.py,test_agent_context_row_names_its_origin,0.8,1.84,0.71,callee
tests/test_repo_items.py,test_gate_present_for_python_targets,0.79,1.84,0.7,sibling
tests/test_routing_table.py,test_get_tier_route,0.83,1.84,0.71,sibling
tests/test_server.py,fake_panel_judge,0.86,1.84,0.7200000000000001,sibling
tests/test_server_driver.py,test_auto_approve_grants_only_a_declared_read_only_action,0.86,1.84,0.7200000000000001,callee
harness/capability.py,composite_reliability,0.81,1.8399999999999999,0.71,callee
tests/test_cost_cli.py,test_cost_report_time_windows,0.81,1.8399999999999999,0.73,callee
tests/test_lane_policy.py,test_vote_explicit_caller_wins,0.76,1.8399999999999999,0.6799999999999999,callee
tests/test_orchestrator.py,test_jev_native_support_at_threshold_falls_through_to_judge,0.83,1.8399999999999999,0.69,callee
tests/test_route_pack.py,test_normalize_tier,0.77,1.8399999999999999,0.6699999999999999,callee
harness/routing_table.py,get_tier_route,0.86,1.83,0.6900000000000001,callee
tests/test_extra.py,test_discover_drops_prefer_not_free,0.8,1.83,0.6900000000000001,callee
tests/test_repo_items.py,test_summary_never_returns_structural_noise,0.81,1.83,0.71,callee
tests/test_route_pack.py,test_unknown_rung_id_binds_to_none,0.84,1.83,0.69,callee
harness/server.py,install_event_sink,0.88,1.83,0.7100000000000001,callee
harness/waist.py,chunk_oversized_nodes,0.85,1.83,0.72,callee
tests/test_capability.py,test_json_reliable_bridge_max_of_declared_and_observed,0.83,1.83,0.69,sibling
tests/test_economics_cli.py,test_conclusive_verdict_is_recorded,0.84,1.83,0.7100000000000001,callee
tests/test_hardening.py,test_missing_marker_stays_missing,0.82,1.83,0.6799999999999999,callee
tests/test_hourglass_planning_budget.py,test_an_evidence_request_at_confidence_ends_nothing,0.84,1.83,0.69,callee
tests/test_hul_jev_scope_gate.py,test_low_success_definition_met_blocks_complete,0.86,1.83,0.68,callee
tests/test_jev_bar_sentiment.py,test_every_reader_refuses_something_that_is_not_a_row,0.75,1.83,0.6699999999999999,callee
tests/test_jev_completion_nouls.py,test_drive_missing_artifact_with_policy_skips_generative_judge,0.86,1.83,0.6799999999999999,callee
tests/test_jev_issue_sort.py,test_match_keywords_only_uses_pack_keywords,0.84,1.83,0.6699999999999999,sibling
tests/test_jev_log_envelope.py,test_prompt_is_single_user_message_and_declares_draft_status,0.79,1.83,0.68,callee
tests/test_jev_repo_envelope.py,test_complete_run_aggregates_honestly,0.83,1.83,0.69,callee
tests/test_model_envelope.py,test_keyed_issue_sort_face_gets_governor,0.84,1.83,0.7100000000000001,callee
tests/test_phase_b_dogfood_defects.py,test_spend_status_carries_a_jev_credit_block_with_a_month,0.77,1.83,0.68,sibling
tests/test_provision.py,test_manager_whose_version_fails_is_not_usable,0.85,1.83,0.69,sibling
tests/test_provision.py,test_step_approval_is_bound_to_the_step_digest,0.85,1.83,0.68,callee
tests/test_repo_items.py,test_config_state_carries_keys,0.79,1.83,0.7100000000000001,callee
tests/test_server.py,must_not_run,0.85,1.83,0.66,sibling
tests/test_sliding_scale.py,test_classify_task_tier_decomposition_markers,0.78,1.83,0.68,callee
tests/test_trust.py,test_tools_list_includes_trust_status,0.79,1.83,0.6799999999999999,callee
tests/test_pool_visibility.py,test_learned_byok_removal_is_announced,0.86,1.83,0.69,callee
tests/test_executor.py,apply_edit,0.88,1.82,0.68,caller
harness/jev.py,__init__,0.87,1.82,0.67,callee
scripts/validate_handoff_scope.py,_register,0.86,1.82,0.6900000000000001,sibling
tests/test_audit_dimensions.py,test_unkeyed_zero_cost,0.85,1.82,0.6900000000000001,callee
tests/test_burndown.py,test_non_reasoning_models_unchanged,0.76,1.82,0.69,callee
tests/test_dogfood_matrix_strict.py,test_missing_semantic_block_counts_as_not_live,0.8,1.82,0.67,callee
tests/test_hul_mission_record.py,test_jev_evals_append_and_load,0.86,1.82,0.6900000000000001,callee
tests/test_mcp.py,test_initialize_without_client_info_stays_generic,0.84,1.82,0.68,callee
tests/test_osal.py,__init__,0.85,1.82,0.68,callee
tests/test_panel.py,_windowed,0.84,1.82,0.67,caller
tests/test_plat_ci_matrix.py,test_artifact_handoff_between_the_two_package_jobs,0.79,1.82,0.67,callee
tests/test_provision_wiring.py,fake_tree,0.82,1.82,0.6699999999999999,callee
tests/test_provision_wiring.py,test_empty_stale_private_directories_are_cleaned_non_empty_kept,0.85,1.82,0.6900000000000001,callee
tests/test_site_parity_directives.py,__init__,0.85,1.82,0.69,sibling
harness/chat.py,build,0.88,1.8199999999999998,0.71,callee
tests/test_jev_lane_parity.py,__init__,0.84,1.8199999999999998,0.6499999999999999,sibling
tests/test_jev_p4_ops_exit.py,test_session_source_has_no_orphan_jev_evaluator_factory,0.75,1.8199999999999998,0.6699999999999999,sibling
tests/test_model_envelope.py,test_batch_envelope_merges_child_ms_envelopes,0.82,1.8199999999999998,0.72,callee
harness/_http.py,get,0.9,1.81,0.62,sibling
harness/_http.py,redirect_request,0.87,1.81,0.63,caller
tests/test_cost_cli.py,test_cost_report_window_count,0.84,1.81,0.7000000000000001,callee
tests/test_jev_lane_parity.py,post,0.86,1.81,0.6499999999999999,sibling
tests/test_repo_items.py,test_long_summary_truncation_is_visible_not_midword,0.78,1.81,0.69,callee
tests/test_web.py,_gather,0.87,1.81,0.6699999999999999,callee
harness/jev_packs.py,axis_residual_scope,0.83,1.81,0.6900000000000001,callee
harness/ledger_analytics.py,ms,0.86,1.81,0.6699999999999999,caller
harness/site_aggregate.py,_tier_of,0.8,1.81,0.6900000000000001,caller
tests/test_agent.py,test_force_conversation_edit_intent_routes_to_orchestrator,0.86,1.81,0.7000000000000001,sibling
tests/test_agent.py,capture,0.85,1.81,0.6799999999999999,callee
tests/test_agent.py,test_refused_edit_lists_dag_nodes_when_the_conversation_lane_fails,0.87,1.81,0.6799999999999999,callee
tests/test_agent.py,fake_compose_plan,0.84,1.81,0.6799999999999999,callee
tests/test_attest.py,_request,0.86,1.81,0.6799999999999999,callee
tests/test_consent_confidence.py,test_invalid_confidence_does_not_authorize_acceptance,0.82,1.81,0.6799999999999999,sibling
tests/test_driver_core/test_vision.py,test_the_vision_call_uses_the_configured_key,0.84,1.81,0.67,sibling
tests/test_escalation.py,record_actual,0.87,1.81,0.68,caller
tests/test_hourglass_consent_stale.py,test_no_previous_assignment,0.82,1.81,0.66,callee
tests/test_jev_answer_lifecycle.py,test_default_entrypoints_route_apply_edits_to_jev_completion,0.87,1.81,0.6699999999999999,callee
tests/test_jev_core_hardening.py,test_concurrent_acquire_reserves_once_and_consume_needs_a_token,0.85,1.81,0.68,callee
tests/test_jev_ledger_spend.py,test_jev_fallback_and_tokenless_entries_cost_nothing,0.81,1.81,0.69,callee
tests/test_jev_log_judgment.py,post,0.88,1.81,0.67,sibling
tests/test_jev_p4_ops_exit.py,post,0.88,1.81,0.6699999999999999,sibling
tests/test_local_fit_guard.py,score,0.86,1.81,0.6900000000000001,caller
tests/test_local_fit_wiring.py,test_demotion_boundary_never_crossed,0.85,1.81,0.6799999999999999,callee
tests/test_morph.py,test_morph_verify_only_continuation_stays_gate_free,0.84,1.81,0.69,sibling
tests/test_plat_cmd_runnable.py,test_gate_listing_names_every_gate,0.78,1.81,0.7000000000000001,callee
tests/test_provision.py,test_npm_plan,0.85,1.81,0.7000000000000001,callee
tests/test_router.py,test_route_tier_and_classify_and_route,0.86,1.81,0.69,callee
tests/test_saturation.py,test_healthy_ledger_stays_silent,0.83,1.81,0.7000000000000001,callee
tests/test_specialist.py,_entry,0.84,1.81,0.65,caller
tests/test_audit_dimensions.py,test_none_evidence_treated_as_empty,0.81,1.8000000000000003,0.66,callee
tests/test_hourglass_consent_handoff.py,reserve,0.89,1.8,0.6699999999999999,sibling
tests/test_jev_core_hardening.py,test_waist_issue_sort_exception_degrades_to_empty_combo,0.85,1.8,0.6799999999999999,callee
tests/test_jev_core_hardening.py,test_a_broken_cache_probe_never_blocks_a_call,0.86,1.8,0.6900000000000001,callee
tests/test_mcp.py,test_unrecognized_args_fall_through_to_serve,0.85,1.8,0.66,callee
tests/test_server.py,test_generates_and_persists_a_token,0.85,1.8,0.6900000000000001,callee
tests/test_agent.py,chat_fn,0.84,1.8,0.68,caller
tests/test_apply_gate.py,__init__,0.83,1.8,0.66,sibling
tests/test_driver_core/test_tier_chain.py,test_source_order_declares_pixels_last,0.64,1.8,0.66,sibling
tests/test_hg_condense_decompose.py,chat_fn,0.85,1.8,0.65,caller
tests/test_hg_extra_coverage.py,governed,0.85,1.8,0.6799999999999999,callee
tests/test_hourglass_jev_integrations.py,test_every_dimension_can_be_suppressed,0.83,1.8,0.68,callee
tests/test_jev_bar_sentiment.py,test_blocking_axis_fails_bar_even_if_hard_gates_pass,0.85,1.8,0.68,callee
tests/test_jev_core_hardening.py,test_distinct_sites_and_reasons_are_tracked_separately,0.82,1.8,0.6699999999999999,callee
tests/test_jev_log_judgment.py,test_keyed_live_judgment_uses_pack_fields_and_one_jev_eval,0.85,1.8,0.66,callee
tests/test_local_fit_extract.py,test_severity_order_truncated_over_usable,0.8,1.8,0.68,callee
tests/test_provision.py,test_first_line_and_ancestor_helpers,0.8,1.8,0.65,callee
tests/test_provision.py,test_windows_venv_interpreter_path,0.83,1.8,0.68,callee
tests/test_provision_structural.py,test_goal_derived_archive_names_never_become_a_plan,0.8,1.8,0.6699999999999999,callee
tests/test_repo_cards.py,test_contributing_row_names_its_origin,0.81,1.8,0.69,callee
tests/test_repo_items.py,test_symbol_rank_is_deterministic_and_bounded,0.78,1.8,0.6799999999999999,sibling
tests/test_site_aggregate.py,test_no_frontier_runs_is_clean_zero,0.82,1.8,0.6699999999999999,callee
tests/test_site_aggregate.py,test_empty_aggregate_is_honest,0.78,1.8,0.6799999999999999,callee
tests/test_site_export.py,test_ungated_run_flagged,0.83,1.8,0.6799999999999999,callee
tests/test_sliding_scale.py,test_resolve_sliding_scale_route,0.85,1.8,0.66,callee
driver_core/extractors.py,_extraction_questions,0.85,1.7999999999999998,0.7,caller
tests/test_jev_log_judgment.py,test_no_second_jev_client,0.85,1.7999999999999998,0.6499999999999999,callee
tests/test_jev_p4_ops_exit.py,test_agent_composes_via_session_jev_for,0.79,1.7999999999999998,0.6499999999999999,sibling
tests/test_hourglass_jev_integrations.py,test_unknown_consent_state_does_not_invent_a_renewal,0.86,1.79,0.66,callee
tests/test_hourglass_jev_integrations.py,test_intake_brief_degrades_gracefully_when_unkeyed,0.88,1.79,0.66,callee
tests/test_ledger.py,test_degenerate_consent_flagged,0.84,1.79,0.66,sibling
tests/test_local_fit_extract.py,test_usable_stop_basic,0.79,1.79,0.66,callee
tests/test_model_envelope.py,_route_pack,0.82,1.79,0.6599999999999999,caller
tests/test_osal.py,wait,0.84,1.79,0.6599999999999999,callee
tests/test_saturation.py,test_warns_once_per_process,0.82,1.79,0.6699999999999999,callee
tests/test_server.py,test_chat_server_direct_synchronous_execution,0.88,1.79,0.6900000000000001,sibling
tests/test_sliding_scale.py,test_ling_in_rotation_but_never_default,0.79,1.79,0.6699999999999999,sibling
harness/provision.py,_looks_like_artifact,0.81,1.79,0.68,caller
tests/test_agent.py,fake_chat_fn,0.82,1.79,0.6599999999999999,sibling
tests/test_brief_cli_mcp.py,test_schema_and_lane_registration,0.78,1.79,0.6699999999999999,callee
tests/test_cli.py,test_tail_default_is_20,0.79,1.79,0.6699999999999999,callee
tests/test_driver_core/test_consensus.py,test_agreed_state_is_the_canonical_form_the_tally_actually_verified,0.82,1.79,0.68,callee
tests/test_driver_core/test_tier_chain.py,test_script_and_style_bodies_are_dropped,0.8,1.79,0.67,callee
tests/test_hg_composed_ceiling.py,chat_fn,0.86,1.79,0.63,sibling
tests/test_hourglass_stage_composition.py,_files,0.85,1.79,0.61,caller
tests/test_jev_core_hardening.py,test_tracked_state_keys_are_bounded,0.83,1.79,0.68,callee
tests/test_jev_decision_gate.py,test_destructive_escalates_at_any_confidence,0.83,1.79,0.64,callee
tests/test_jev_escalation_driver.py,__init__,0.82,1.79,0.64,sibling
tests/test_jev_issue_sort.py,test_keyed_out_of_pack_refused_never_invents_bucket,0.86,1.79,0.67,callee
tests/test_jev_log_judgment.py,__init__,0.83,1.79,0.65,sibling
tests/test_jev_util_route.py,test_unkeyed_none_keeps_existing_heuristic,0.83,1.79,0.6699999999999999,callee
tests/test_perception_client.py,test_config_token_falls_back_to_environment,0.87,1.79,0.6599999999999999,callee
tests/test_plat_cmd_runnable.py,test_command_form_round_trips_through_the_tokenizer,0.83,1.79,0.66,callee
tests/test_repo_items.py,test_measured_facts_only,0.77,1.79,0.66,sibling
tests/test_site_aggregate.py,test_histogram_shares,0.8,1.79,0.68,callee
tests/test_site_aggregate.py,test_small_pool_flattens_proportionally,0.74,1.79,0.66,callee
tests/test_specialist.py,test_specialist_prompt_discloses_caps,0.82,1.79,0.64,callee
tests/test_specialist.py,test_specialist_trims_to_smallest_candidate_window,0.84,1.79,0.6699999999999999,sibling
tests/test_trust.py,test_hostile_strikes_are_never_forgiven,0.84,1.79,0.6499999999999999,callee
tests/test_worktree.py,other_worker,0.88,1.79,0.64,caller
harness/mission_driver.py,_terminal,0.87,1.7899999999999998,0.69,callee
tests/test_condenser.py,test_heuristic_signatures_fallback,0.77,1.7800000000000002,0.66,callee
tests/test_jev_escalation_driver.py,test_lane_directive_beats_abstain,0.84,1.7800000000000002,0.65,callee
tests/test_convergence.py,test_convergence_step_overrides_consensus_when_converged,0.84,1.7800000000000002,0.66,sibling
tests/test_jev_completion.py,test_real_canon_open_rows_are_found_but_not_complete,0.81,1.7800000000000002,0.65,callee
tests/test_panel.py,test_no_trim_reports_empty_list,0.84,1.7800000000000002,0.65,sibling
tests/test_hourglass_planning_budget.py,test_a_sufficient_answer_stops_without_a_plan,0.78,1.78,0.64,callee
tests/test_local_fit_guard.py,test_influence_stands_down_with_degenerate_reason,0.85,1.78,0.67,callee
tests/test_repo_items.py,test_empty_rel_path_has_no_test_counterpart,0.78,1.78,0.65,callee
harness/jev_completion.py,rank,0.84,1.78,0.68,callee
harness/site_aggregate.py,aggregate_bundles,0.87,1.78,0.68,callee
tests/test_demotion_auth.py,test_order_pool_demotes_repeated_minority_dissent,0.81,1.78,0.66,callee
tests/test_driver_core/test_declarations.py,test_a_fingerprint_does_not_leak_the_payload,0.83,1.78,0.6599999999999999,callee
tests/test_driver_core/test_service.py,_reader,0.85,1.78,0.68,sibling
tests/test_hourglass_consent_handoff.py,__init__,0.83,1.78,0.63,sibling
tests/test_hourglass_stage_composition.py,test_a_fresh_supplied_brief_bypasses_context_only,0.82,1.78,0.6599999999999999,sibling
tests/test_hourglass_surface_parity.py,mock_verify_saturated,0.83,1.78,0.6599999999999999,sibling
tests/test_jev_core_hardening.py,test_billed_fallbacks_are_never_deduped,0.85,1.78,0.66,callee
tests/test_jev_core_hardening.py,test_cost_report_skips_cache_hits_and_weights_deduped_rows,0.83,1.78,0.6699999999999999,callee
tests/test_jev_escalation_driver.py,test_very_low_confidence_takes_top_rung,0.77,1.78,0.65,callee
tests/test_jev_escalation_driver.py,test_engine_parks_no_directive_when_jev_refuses,0.85,1.78,0.66,callee
tests/test_local_fit_features.py,test_prompt_chars_estimate,0.71,1.78,0.65,callee
tests/test_repo_cards.py,test_base_repo_is_kept_when_a_planning_sibling_exists,0.8,1.78,0.68,callee
tests/test_tokens.py,test_empty_and_prose,0.75,1.78,0.67,callee
tests/test_trust.py,test_host_trust_breaks_out_per_caller,0.82,1.78,0.66,callee
tests/test_driver_core/test_vision.py,_keyed,0.86,1.78,0.64,callee
harness/provision.py,_jev_review,0.86,1.7799999999999998,0.69,callee
tests/test_jev_bar_sentiment.py,test_merge_word_is_word_boundary,0.77,1.7799999999999998,0.6499999999999999,callee
examples/oc_handoff/worker.py,_sign_payload,0.86,1.7799999999999998,0.69,callee
harness/capability.py,capabilities_payload,0.89,1.7799999999999998,0.69,callee
harness/jev_packs.py,phase_status_has_blocker,0.78,1.77,0.65,caller
harness/server.py,_on_event,0.88,1.77,0.69,sibling
tests/test_events.py,test_duplicate_sink_refused,0.84,1.77,0.66,callee
tests/test_events.py,test_ledger_tail_and_bench_shapes,0.83,1.77,0.66,callee
harness/jev.py,_bounded_usage,0.8,1.77,0.68,callee
tests/test_agent.py,test_execute_plan_continuation_from_prior_turn,0.85,1.77,0.6699999999999999,callee
tests/test_agent.py,test_scope_is_recovered_from_prior_turns_when_triage_finds_nothing,0.84,1.77,0.68,callee
tests/test_agent_run_limits.py,test_a_research_prompt_asks_for_the_web_lane,0.84,1.77,0.6599999999999999,callee
tests/test_architecture.py,test_no_reexport_facades,0.8,1.77,0.65,callee
tests/test_driver_core/test_tier_chain.py,recorder,0.83,1.77,0.64,caller
tests/test_driver_core/test_wiring.py,test_a_pool_is_sized_by_the_quorum_it_has_to_satisfy,0.8,1.77,0.67,callee
tests/test_jev_core_hardening.py,test_shared_board_registry_is_capped,0.84,1.77,0.65,none
tests/test_jev_escalation_driver.py,record_actual,0.87,1.77,0.64,caller
tests/test_jev_lane_parity.py,reserve,0.89,1.77,0.6599999999999999,caller
tests/test_provision.py,test_verb_form_with_ecosystem_hint,0.81,1.77,0.6499999999999999,callee
tests/test_provision_wiring.py,test_windows_kill_uses_taskkill_on_the_tree_and_survives_its_absence,0.83,1.77,0.66,callee
tests/test_reasoning_disable.py,test_auto_on_reasoning_model_sends_low_with_cap,0.83,1.77,0.6599999999999999,callee
tests/test_saturation.py,test_401_faults_do_not_count,0.81,1.77,0.6599999999999999,sibling
tests/test_server.py,test_spend_endpoint_carries_the_same_jev_block,0.87,1.77,0.67,callee
tests/test_site_aggregate.py,test_no_gated_runs_is_none_not_zero,0.8,1.77,0.64,callee
tests/test_site_parity_directives.py,evaluate_candidate,0.87,1.77,0.64,caller
harness/waist.py,read,0.88,1.7600000000000002,0.68,callee
tests/test_claims.py,test_absence_style,0.7,1.7600000000000002,0.64,callee
tests/test_jev_policy.py,test_invalid_question_pack_returns_fail_not_exception,0.86,1.7600000000000002,0.65,callee
tests/test_jev_repo_judgment.py,reserve,0.88,1.7600000000000002,0.65,sibling
tests/test_site_cli_faces.py,test_dict_without_text_is_empty,0.78,1.7600000000000002,0.65,callee
harness/jev_policy.py,local_result,0.82,1.7600000000000002,0.68,callee
tests/test_hul_jev_scope_gate.py,test_false_done_blocked_when_fallback_despite_claim,0.87,1.7600000000000002,0.64,callee
tests/test_jev_answer_lifecycle.py,test_out_of_range_noul_is_treated_as_unparseable,0.84,1.7600000000000002,0.65,sibling
harness/cli.py,_cmd_spend,0.9,1.7600000000000002,0.67,callee
tests/test_jev_escalation_driver.py,test_mapper_rejects_non_numeric_ladder_size,0.84,1.76,0.64,callee
tests/test_repo_cards.py,test_reads_scalar_from_named_section,0.81,1.76,0.6499999999999999,callee
tests/test_sliding_scale.py,test_router_classify_and_route_with_jev_policy,0.83,1.76,0.67,callee
harness/repo_cards.py,scan_repo,0.85,1.76,0.65,callee
tests/test_burndown.py,test_prose_with_embedded_json_is_not_truncated,0.78,1.76,0.64,callee
tests/test_capability.py,test_probe_counts_json_and_correctness,0.82,1.76,0.65,callee
tests/test_claims.py,test_below_thresholds_and_noise_yield_nothing,0.81,1.76,0.6699999999999999,callee
tests/test_claims.py,test_curated_manifest_round_trips_through_the_lint,0.85,1.76,0.6599999999999999,callee
tests/test_hourglass_stage_composition.py,test_a_caller_that_actually_ran_a_stage_reports_it,0.83,1.76,0.65,callee
tests/test_jev_issue_sort.py,post,0.88,1.76,0.65,sibling
tests/test_jev_repo_pack.py,test_types_and_declared_keys_only,0.77,1.76,0.63,callee
tests/test_local_fit_wiring.py,test_flagging_last_place_is_a_noop,0.82,1.76,0.6499999999999999,callee
tests/test_model_envelope.py,test_single_apply_result_carries_ms_envelope,0.84,1.76,0.66,callee
tests/test_osal.py,__init__,0.83,1.76,0.63,sibling
tests/test_perception_client.py,test_a_refusal_summarizes_to_the_tier_and_reason,0.82,1.76,0.64,callee
tests/test_repo_cards.py,test_requirements_txt_is_a_build_row,0.81,1.76,0.67,callee
tests/test_saturation.py,test_advise_prints_on_saturation,0.82,1.76,0.65,callee
tests/test_site_export.py,test_full_run_shape,0.84,1.76,0.63,callee
tests/test_web.py,test_ddg_lite_markup_is_parsed_with_snippets_optional,0.8,1.76,0.6599999999999999,callee
harness/capability.py,demotion,0.83,1.75,0.66,caller
harness/escalation.py,jev_escalation_directive,0.81,1.75,0.65,callee
harness/jev_packs.py,axis_verification,0.84,1.75,0.67,sibling
tests/test_driver_core/test_budget_audit.py,test_racing_settlements_never_double_charge,0.84,1.75,0.65,callee
tests/test_escalation.py,__init__,0.83,1.75,0.64,sibling
tests/test_hg_condense_decompose.py,broken_chat,0.82,1.75,0.63,sibling
tests/test_jev_bar_sentiment.py,test_heuristic_status_honesty,0.79,1.75,0.63,callee
tests/test_jev_repo_judgment.py,post,0.88,1.75,0.63,caller
tests/test_orchestrator.py,test_keyword_overlap_ranks_and_caps,0.81,1.75,0.65,none
harness/trust.py,gate_for_write_exec,0.82,1.75,0.66,caller
tests/test_agent.py,fake,0.83,1.75,0.63,callee
tests/test_executor.py,test_run_batch_parallel,0.84,1.75,0.66,callee
tests/test_hourglass_consent_handoff.py,test_an_undeclared_recommendation_is_discarded_not_forwarded,0.86,1.75,0.63,callee
tests/test_jev.py,test_malformed_live_answer_keeps_valid_usage_cost,0.85,1.75,0.64,callee
tests/test_ledger.py,test_pruned_prefix_reported_not_silent,0.83,1.75,0.67,callee
tests/test_local_fit_wiring.py,test_hook_not_called_when_disabled,0.83,1.75,0.66,callee
tests/test_orchestrator.py,test_value_is_clamped_to_unit_range,0.83,1.75,0.63,callee
tests/test_provision.py,test_classes_match_driver_core_consent_classes,0.75,1.75,0.63,callee
tests/test_repo_cards.py,test_keeps_a_repo_whose_name_merely_contains_v,0.81,1.75,0.65,callee
tests/test_server.py,test_the_persisted_token_file_is_owner_only,0.85,1.75,0.66,callee
tests/test_agent_run_limits.py,test_a_plain_question_does_not,0.82,1.7400000000000002,0.64,callee
tests/test_trust.py,test_gate_bands,0.75,1.7400000000000002,0.62,callee
driver_core/adapters.py,can_serve,0.79,1.7400000000000002,0.66,caller
harness/jev_packs.py,claim_support_question_pack,0.87,1.7400000000000002,0.66,callee
harness/provision.py,extract_requests,0.85,1.7400000000000002,0.67,callee
tests/test_jev_completion.py,test_hv0_contract_finds_open_row_and_requires_its_named_artifacts,0.82,1.7400000000000002,0.64,callee
tests/test_ledger.py,test_rotation_writes_chained_segment_anchor,0.84,1.7400000000000002,0.66,callee
tests/test_perception_client.py,test_summarize_survives_a_bare_envelope,0.84,1.7400000000000002,0.64,callee
tests/test_events.py,test_seq_increases_across_events,0.82,1.74,0.64,callee
tests/test_jev_escalation_driver.py,test_marginal_signal_de_esclates_one_rung,0.8,1.74,0.62,callee
tests/test_ledger.py,test_participation_report_refuse_band_soft_denies_are_not_evidence,0.83,1.74,0.65,callee
tests/test_panel.py,_capable,0.85,1.74,0.63,caller
tests/test_sliding_scale.py,test_router_classify_and_route_falls_back_when_jev_route_raises,0.85,1.74,0.64,callee
tests/test_audit_d12_coverage.py,test_unreachable_reference_fails_closed_in_ci,0.85,1.74,0.66,callee
tests/test_audit_dimensions.py,test_exemplary_index_at_10,0.74,1.74,0.62,callee
tests/test_cost_cli.py,test_cost_report_structure,0.81,1.74,0.65,sibling
tests/test_hourglass_surface_parity.py,test_mcp_plan_and_execute_stage_selection_parity,0.84,1.74,0.65,callee
tests/test_jev_answer_lifecycle.py,test_plan_required_stops_before_any_write,0.84,1.74,0.64,callee
tests/test_jev_completion.py,_row,0.79,1.74,0.62,callee
tests/test_jev_core_hardening.py,test_calibration_honors_repeat_count_and_excludes_cache_hits,0.81,1.74,0.66,callee
tests/test_jev_issue_sort.py,test_no_second_jev_client,0.84,1.74,0.6399999999999999,callee
tests/test_jev_repo_judgment.py,__init__,0.84,1.74,0.62,sibling
tests/test_jev_repo_judgment.py,test_axis_confidence_is_empty_on_unkeyed_fallback,0.86,1.74,0.63,callee
tests/test_orchestrator.py,test_non_dict_answers_is_none,0.8,1.74,0.63,callee
tests/test_routing_table.py,test_classify_task_tier,0.75,1.74,0.61,callee
tests/test_saturation.py,test_below_threshold_stays_silent,0.81,1.74,0.64,callee
harness/jev_packs.py,phase_status_has_verdict,0.78,1.73,0.64,caller
harness/provision.py,_jev_select,0.85,1.73,0.66,callee
harness/repo_items.py,config_keys,0.81,1.73,0.6599999999999999,sibling
tests/test_audit_dimensions.py,test_none_evidence_keeps_all_zero_fallback_not_not_evaluated,0.83,1.73,0.61,callee
tests/test_jev_bar_sentiment.py,test_a_pr_that_is_open_never_counts_as_merged,0.74,1.73,0.63,callee
tests/test_agent.py,fake_compose_plan,0.84,1.73,0.64,callee
tests/test_audit_dimensions.py,test_keyed_live_valid_answers_use_declared_levels_only,0.84,1.73,0.64,callee
tests/test_driver_core/test_wiring.py,test_an_mcp_command_without_a_tool_enables_nothing,0.81,1.73,0.63,callee
tests/test_hourglass_consent_handoff.py,test_a_walk_back_is_allowed_when_nothing_is_recorded_complete,0.83,1.73,0.63,callee
tests/test_hul_mission_record.py,test_write_budget_normalizes_and_record_spend,0.87,1.73,0.64,callee
tests/test_jev_calibration.py,test_no_silent_threshold_magic,0.82,1.73,0.65,sibling
tests/test_jev_escalation_lifecycle.py,evaluate_candidate,0.85,1.73,0.63,callee
tests/test_jev_repo_envelope.py,test_a_clean_run_reports_zero_discarded,0.84,1.73,0.65,callee
tests/test_panel.py,test_judge_sees_full_votes,0.82,1.73,0.62,sibling
tests/test_phase_b_execution.py,fake_run_verify,0.84,1.73,0.63,callee
tests/test_jev_policy.py,evaluate,0.84,1.7200000000000002,0.5900000000000001,caller
tests/test_dogfood_matrix_strict.py,_legacy_cat08,0.78,1.7200000000000002,0.62,caller
tests/test_hourglass_jev_integrations.py,test_restart_target_yields_only_a_declared_key,0.85,1.7200000000000002,0.63,callee
tests/test_router.py,test_route_verify_and_code,0.85,1.7200000000000002,0.62,sibling
harness/capability.py,json_reliable,0.87,1.72,0.62,callee
tests/test_agent.py,test_armed_lane_dispatches_a_free_node_under_the_default_ceiling,0.84,1.72,0.6399999999999999,callee
tests/test_audit_dimensions.py,test_all_dims_unmatched_yields_whole_call_fallback,0.85,1.72,0.63,callee
tests/test_driver_core/test_auth.py,test_no_declared_token_still_gets_a_generated_one,0.87,1.72,0.64,callee
tests/test_driver_core/test_tier_chain.py,test_the_last_well_formed_response_wins,0.83,1.72,0.62,callee
tests/test_jev_log_judgment.py,test_score_level_is_declared_string_with_highest_probability,0.84,1.72,0.63,callee
tests/test_jev_util_coverage.py,test_compose_plan_keyed_route_feeds_plan_task,0.83,1.72,0.64,sibling
tests/test_local_fit_guard.py,test_single_candidate_is_never_degenerate,0.73,1.72,0.63,callee
tests/test_server_driver.py,test_schema_walks_the_tiers_to_screen,0.84,1.72,0.62,callee
tests/test_site_server.py,test_route_ok,0.84,1.72,0.65,callee
tests/test_service_closeout.py,__init__,0.85,1.7100000000000002,0.6000000000000001,sibling
tests/test_hourglass_brief.py,test_token_estimate_is_measured_on_the_shipped_bytes,0.82,1.71,0.63,callee
tests/test_server.py,test_reuses_the_persisted_token,0.86,1.71,0.65,callee
harness/routing_table.py,classify_task_tier,0.78,1.71,0.63,caller
harness/site_export.py,_allow,0.83,1.71,0.64,caller
tests/test_capability.py,test_probe_persists_model_result_events,0.84,1.71,0.64,callee
tests/test_chat_reasoning_memory.py,test_the_first_call_asks_with_reasoning_and_retries,0.83,1.71,0.61,callee
tests/test_chat_reasoning_memory.py,test_the_memory_can_be_forgotten,0.83,1.71,0.63,callee
tests/test_chat_reasoning_memory.py,test_a_non_reasoning_model_still_never_sends_the_key,0.81,1.71,0.62,callee
tests/test_cli.py,fake_compose_plan,0.82,1.71,0.6,sibling
tests/test_dogfood_matrix_strict.py,test_score_cases_counts_only_matches,0.79,1.71,0.6000000000000001,callee
tests/test_driver_core/test_consent.py,test_a_blanket_grant_still_allows_observation,0.82,1.71,0.61,sibling
tests/test_driver_core/test_tier_chain.py,test_a_text_only_result_is_refused_rather_than_parsed,0.8,1.71,0.62,callee
tests/test_economics_discount.py,test_absent_verdict_loads_as_none,0.81,1.71,0.61,callee
tests/test_escalation.py,test_successful_walk_carries_family_evidence,0.84,1.71,0.63,callee
tests/test_hg_extra_coverage.py,test_chat_ladder_settings_judge_head,0.83,1.71,0.62,callee
tests/test_hourglass_brief.py,test_pruned_condensation_still_cites_every_source,0.82,1.71,0.63,callee
tests/test_hul_driver_findings_resume.py,record_actual,0.86,1.71,0.62,sibling
tests/test_hul_jev_scope_gate.py,reconcile,0.85,1.71,0.63,sibling
tests/test_jev_answer_lifecycle.py,test_live_jev_conversation_routes_to_hourglass,0.88,1.71,0.63,callee
tests/test_jev_core_hardening.py,build,0.84,1.71,0.61,callee
tests/test_jev_escalation_driver.py,_walk,0.84,1.71,0.62,callee
tests/test_jev_ledger_spend.py,test_compute_spend_summary_with_jev_tokens,0.83,1.71,0.63,callee
tests/test_local_fit_extract.py,test_truncated,0.78,1.71,0.62,callee
tests/test_osal.py,test_windows_answers_not_modelled_rather_than_insecure,0.81,1.71,0.62,callee
tests/test_output.py,test_warn_always_audible,0.81,1.71,0.64,callee
tests/test_perception_client.py,__init__,0.84,1.71,0.5800000000000001,sibling
tests/test_planning_surface.py,__init__,0.85,1.71,0.62,sibling
tests/test_provision.py,test_interactive_ask_approves_during_the_run,0.86,1.71,0.63,callee
tests/test_provision_hardening.py,test_case_sensitive_volumes_keep_their_own_normalization,0.79,1.71,0.63,callee
tests/test_provision_wiring.py,test_only_listed_names_survive,0.78,1.71,0.61,callee
tests/test_repo_cards.py,test_gate_runner_is_recognised_as_the_gate_registry,0.79,1.71,0.64,callee
tests/test_site_aggregate.py,test_snapshot_sessions_carry_traces,0.8,1.71,0.64,callee
harness/routing_table.py,classify_model_tier,0.8,1.7000000000000002,0.64,sibling
tests/test_jev.py,_answer,0.84,1.7000000000000002,0.62,sibling
tests/test_jev_core_hardening.py,test_governor_without_reservations_still_settles_billed_fallback,0.86,1.7000000000000002,0.61,callee
harness/provision.py,_recipe_system_pm,0.87,1.7000000000000002,0.63,callee
tests/test_hourglass_planning_budget.py,test_a_declared_conflict_becomes_a_bounded_evidence_request,0.85,1.7000000000000002,0.62,callee
tests/test_jev_answer_lifecycle.py,__init__,0.84,1.7000000000000002,0.6,sibling
tests/test_server_driver.py,test_tokens_in_urls_are_redacted_from_the_log,0.8,1.7000000000000002,0.62,callee
harness/jev.py,shared_breakers,0.86,1.7000000000000002,0.64,callee
harness/executor.py,execute,0.87,1.7,0.6499999999999999,callee
tests/test_agent.py,_truncated,0.84,1.7,0.59,caller
tests/test_jev_triage_files.py,chat_fn,0.84,1.7,0.6,caller
tests/test_jev_vision_assessment.py,_response,0.86,1.7,0.62,callee
audits/self/audit.py,_classify_suite_output,0.84,1.7,0.62,caller
harness/server.py,log_message,0.79,1.7,0.62,callee
tests/test_apply.py,test_hermetic_make_env_with_jev,0.85,1.7,0.62,callee
tests/test_audit_dimensions.py,test_all_four_dims_appear,0.76,1.7,0.61,callee
tests/test_cli.py,test_verify_without_panel_flag_uses_configured_default,0.82,1.7,0.63,sibling
tests/test_cli.py,fake_panel_judge,0.82,1.7,0.6,sibling
tests/test_dogfood.py,test_confirmed_defect_reaches_apply_with_gate_and_instruction,0.85,1.7,0.61,callee
tests/test_economics_discount.py,test_charge_matching_no_offer_is_unresolved,0.83,1.7,0.62,callee
tests/test_hourglass_stage_composition.py,test_a_brief_over_no_readable_source_buys_no_bypass,0.83,1.7,0.62,sibling
tests/test_jev_bar_sentiment.py,reserve,0.87,1.7,0.61,sibling
tests/test_jev_bar_sentiment.py,test_out_of_pack_primary_gap_refused,0.87,1.7,0.63,callee
tests/test_jev_log_envelope.py,record_actual,0.85,1.7,0.61,caller
tests/test_jev_repo_envelope.py,test_budget_stop_persists_progress_and_resumes,0.84,1.7,0.62,callee
tests/test_phase_b_execution.py,fake_run_verify,0.84,1.7,0.61,callee
tests/test_planning_surface.py,test_mcp_plan_and_execute_parallel_isolated,0.86,1.7,0.63,callee
tests/test_site_server.py,test_route_unmatched_goal_honest_fallback,0.85,1.7,0.63,callee
tests/test_waist.py,test_plan_task_id_deterministic,0.79,1.7,0.61,callee
harness/agent.py,_triage_scope,0.87,1.6900000000000002,0.64,callee
tests/test_saturation.py,test_empty_is_not_saturated,0.76,1.6900000000000002,0.5900000000000001,callee
harness/repo_summary.py,aggregate_repo_summary,0.79,1.69,0.62,caller
tests/test_capability.py,test_gate_waste_fail_open_with_no_evidence,0.82,1.69,0.62,callee
tests/test_hul_driver_findings_resume.py,second_leg,0.85,1.69,0.6,none
tests/test_jev_escalation_driver.py,test_lane_directive_keeps_priority,0.82,1.69,0.6,callee
tests/test_prompts.py,test_no_marker_unchanged_behavior,0.8,1.69,0.62,callee
harness/rankings.py,aggregate_rankings,0.83,1.69,0.6599999999999999,callee
harness/web.py,find_urls,0.81,1.69,0.62,caller
tests/test_agent.py,test_execution_directive_resumes_a_prior_turn_with_only_targets,0.85,1.69,0.63,callee
tests/test_claims.py,test_window_limits_scan,0.82,1.69,0.63,callee
tests/test_cli.py,test_continue_face_with_instruction_overrides_continuation_scope,0.82,1.69,0.61,callee
tests/test_driver_core/test_wiring.py,test_configured_sources_become_live_sources,0.83,1.69,0.61,callee
tests/test_hg_hourglass_defaults.py,test_explicit_flag_and_settings_win,0.8,1.69,0.62,callee
tests/test_hourglass_jev_integrations.py,test_no_signal_is_ever_a_completion_or_readiness_claim,0.79,1.69,0.61,callee
tests/test_hourglass_recondense.py,test_covered_paths_read_both_declared_places,0.74,1.69,0.59,callee
tests/test_jev_calibration_analysis.py,test_renders_empty_advisory,0.81,1.69,0.61,sibling
tests/test_jev_completion.py,test_hv4_row_matching_ignores_non_row_mentions,0.8,1.69,0.59,callee
tests/test_jev_completion.py,test_oc_handoff_file_alone_cannot_replace_verified_receipt,0.83,1.69,0.61,sibling
tests/test_jev_core_hardening.py,test_cache_hit_after_an_overrun_stays_a_cache_hit,0.85,1.69,0.62,callee
tests/test_jev_issue_sort.py,__init__,0.84,1.69,0.6,sibling
tests/test_jev_triage.py,test_unkeyed_triage_uses_heuristic_without_claiming_live,0.82,1.69,0.61,sibling
tests/test_model_slates.py,test_escalation_ladder_is_verified_deep_think_tier,0.75,1.69,0.61,sibling
tests/test_planning_surface.py,test_rebase_gate_is_host_independent,0.75,1.69,0.61,callee
tests/test_provision.py,test_step_digest_tracks_content,0.8,1.69,0.62,callee
tests/test_provision.py,test_review_failure_is_recorded_not_raised,0.86,1.69,0.62,callee
tests/test_repo_cards.py,test_render_is_pure,0.76,1.69,0.61,callee
tests/test_repo_items.py,test_xml_declaration_and_titleless_html_reach_content,0.82,1.69,0.63,callee
tests/test_saturation.py,test_engine_reasoning_only_exhaustion,0.78,1.69,0.6,callee
tests/test_waist.py,test_target_splits_by_range_only_when_one_pass_cannot_read_it,0.81,1.69,0.62,callee
harness/saturation.py,pre_run_warning,0.78,1.6800000000000002,0.61,sibling
tests/test_hourglass_jev_integrations.py,test_compose_plan_context_stage_exception_handling,0.85,1.6800000000000002,0.62,callee
tests/test_route_pack.py,__init__,0.84,1.6800000000000002,0.59,sibling
harness/cli.py,_run_mission_driver,0.85,1.6800000000000002,0.62,callee
tests/test_driver_core/test_tier_chain.py,test_the_vision_extractor_declares_it_serves_only_gui,0.79,1.6800000000000002,0.6,callee
tests/test_hourglass_jev_integrations.py,test_intake_brief_handles_non_tuple_and_exception,0.84,1.6800000000000002,0.62,callee
tests/test_jev_log_judgment.py,test_invalid_pack_refuses_without_inventing,0.85,1.6800000000000002,0.5900000000000001,callee
tests/test_local_fit_wiring.py,__init__,0.84,1.6800000000000002,0.5900000000000001,none
tests/test_sliding_scale.py,test_classify_tier_1_distiller,0.76,1.6800000000000002,0.6000000000000001,callee
harness/local_fit/schema.py,resolve_label,0.81,1.68,0.59,callee
tests/test_chat_reasoning_memory.py,__init__,0.84,1.68,0.6,sibling
harness/prompts.py,_preamble,0.82,1.68,0.6,caller
tests/test_driver_core/test_tier_chain.py,test_an_undeclared_target_falls_back_to_the_default_pool,0.81,1.68,0.63,callee
tests/test_hg_extra_coverage.py,test_resolve_frontier_paid_constant,0.79,1.68,0.59,callee
tests/test_hourglass_brief.py,test_a_pack_whose_sources_still_match_is_fresh,0.82,1.68,0.61,callee
tests/test_jev_completion.py,test_phase_contract_completion_required_artifacts,0.82,1.68,0.61,callee
tests/test_jev_completion.py,test_git_parent_diff_content_and_ancestry_checks,0.83,1.68,0.61,callee
tests/test_jev_policy.py,test_fallback_reason_is_recorded_in_ledger,0.86,1.68,0.61,callee
tests/test_jev_repo_judgment.py,__init__,0.84,1.68,0.5800000000000001,none
tests/test_output.py,test_ledger_prefix_audible,0.82,1.68,0.62,callee
tests/test_provision.py,test_no_pip_at_all,0.83,1.68,0.61,sibling
tests/test_route_pack.py,record_actual,0.87,1.68,0.61,caller
tests/test_waist.py,test_large_target_is_one_node_with_the_diff_hint,0.8,1.68,0.61,callee
harness/router.py,classify_and_route,0.86,1.6700000000000002,0.63,callee
tests/test_driver_core/test_vision.py,test_a_capture_summary_still_carries_no_payload,0.82,1.6700000000000002,0.6000000000000001,callee
tests/test_provision.py,test_plan_level_decline_beats_step_level_approve,0.84,1.6700000000000002,0.6000000000000001,callee
tests/test_saturation.py,test_mixed_evidence_is_not_saturation,0.71,1.6700000000000002,0.5900000000000001,callee
harness/mcp.py,_invoke,0.86,1.67,0.61,caller
harness/render.py,pretty_print,0.85,1.67,0.62,callee
harness/repo_items.py,_module_summary,0.85,1.67,0.62,callee
tests/test_repo_cards.py,test_malformed_package_json_is_survivable,0.85,1.67,0.62,callee
harness/jev_packs.py,declared_restart_targets,0.76,1.67,0.5700000000000001,caller
tests/test_agent.py,test_refused_edit_ignores_a_canned_gate_refusal_and_lists_stages,0.84,1.67,0.61,callee
tests/test_audit_dimensions.py,test_main_writes_the_receipt_through_that_seam,0.79,1.67,0.59,callee
tests/test_chat_reasoning_memory.py,test_the_second_call_skips_the_doomed_attempt,0.82,1.67,0.6,callee
tests/test_convergence.py,test_convergence_step_keeps_consensus_when_split,0.83,1.67,0.6,sibling
tests/test_escalation.py,test_rust_and_python_defs_are_detected,0.68,1.67,0.6,callee
tests/test_gap_diff_authorization.py,__init__,0.86,1.67,0.58,sibling
tests/test_hg_waist_unreachable_refuses.py,test_confirm_off_does_not_require_waist,0.81,1.67,0.61,callee
tests/test_hourglass_end_to_end.py,test_supplied_plan_bypasses_planning_stage,0.8,1.67,0.6,sibling
tests/test_hourglass_planning_budget.py,test_a_round_with_nothing_to_curate_does_not_repay_for_a_verdict,0.82,1.67,0.59,callee
tests/test_local_fit_wiring.py,setUp,0.83,1.67,0.57,callee
tests/test_local_fit_wiring.py,test_no_flags_no_change,0.81,1.67,0.61,callee
tests/test_osal.py,__init__,0.81,1.67,0.59,sibling
tests/test_phase_b_execution.py,test_try_finally_does_not_double_remove_a_nested_scope,0.8,1.67,0.59,sibling
tests/test_router_dynamic_rotation.py,test_a_failure_is_counted,0.85,1.67,0.61,callee
tests/test_server.py,test_cached_collapses_calls_within_ttl,0.75,1.67,0.6,callee
tests/test_server.py,fake,0.86,1.67,0.6,callee
tests/test_site_aggregate.py,test_session_traces_sample_escalating_runs_newest_last,0.79,1.67,0.61,callee
tests/test_waist.py,test_plan_lane_hints_large_targets_and_chunks_long_goals,0.84,1.67,0.61,callee
harness/site_export.py,write_bundle,0.83,1.67,0.61,callee
harness/agent.py,_plan_round,0.85,1.6600000000000001,0.62,callee
tests/test_apply_gate.py,test_outcome_defaults_are_honest,0.7,1.6600000000000001,0.59,callee
harness/jev_policy.py,_clear_dispatch_state,0.86,1.6600000000000001,0.61,caller
tests/test_cli.py,fake_compose_plan,0.83,1.6600000000000001,0.5800000000000001,sibling
tests/test_dogfood_matrix_strict.py,test_real_ok_step_with_clean_audit_passes,0.84,1.6600000000000001,0.5800000000000001,callee
tests/test_hourglass_stage_composition.py,test_the_plan_envelope_carries_the_composition,0.81,1.6600000000000001,0.5800000000000001,callee
tests/test_hul_driver_findings_resume.py,__init__,0.83,1.6600000000000001,0.5800000000000001,sibling
tests/test_ledger.py,test_participation_report_breaks_out_per_caller,0.82,1.6600000000000001,0.61,callee
tests/test_local_fit_wiring.py,score,0.84,1.6600000000000001,0.61,callee
tests/test_phase_b_dogfood_defects.py,test_task_max_cost_wraps_the_injected_governor,0.71,1.6600000000000001,0.59,sibling
harness/agent.py,_gather_web_context,0.85,1.6600000000000001,0.62,callee
tests/test_economics_ingest.py,test_strips_variant_suffix_before_requesting,0.83,1.66,0.6,sibling
tests/test_jev_bar_sentiment.py,test_single_phase_local_only_does_not_compose_provider,0.84,1.66,0.59,callee
harness/claims.py,_code_identifiers,0.81,1.66,0.59,caller
tests/test_agent.py,__init__,0.84,1.66,0.61,sibling
tests/test_agent.py,test_plan_round_curates_the_intake_brief_against_its_own_tree,0.83,1.66,0.6,callee
tests/test_agent.py,test_conversation_capability_marker_defer,0.85,1.66,0.61,callee
tests/test_escalation.py,_router,0.86,1.66,0.57,callee
tests/test_extra.py,test_panel_judge_includes_consensus,0.83,1.66,0.59,callee
tests/test_hourglass_planning_budget.py,test_a_covered_brief_stops_the_ladder_as_sufficient,0.83,1.66,0.58,callee
tests/test_jev_decision_gate.py,test_keyed_destructive_action_escalates_but_still_ledgers,0.85,1.66,0.6,callee
tests/test_reserve_call_parity.py,finish_fn,0.81,1.66,0.61,caller
tests/test_server.py,test_one_phase_scores_without_any_key_or_network,0.86,1.66,0.6,callee
tests/test_spend.py,setUp,0.81,1.66,0.59,callee
driver_core/ev.py,call_service,0.86,1.6500000000000001,0.61,callee
examples/too_hard/crypto_verify.py,__init__,0.83,1.6500000000000001,0.56,sibling
tests/test_economics_cli.py,test_ambiguous_verdict_is_not_recorded,0.83,1.6500000000000001,0.5900000000000001,callee
tests/test_hourglass_jev_integrations.py,test_context_intake_keys_signals_and_settles_exactly_once,0.85,1.6500000000000001,0.5700000000000001,callee
tests/test_hourglass_planning_budget.py,test_a_narrower_round_can_change_the_verdict,0.84,1.6500000000000001,0.5800000000000001,callee
tests/test_jev_context_pack.py,test_decomposition_prompt_includes_pack,0.78,1.6500000000000001,0.56,callee
tests/test_provision_wiring.py,runner,0.84,1.6500000000000001,0.5900000000000001,callee
tests/test_site_aggregate.py,test_median_per_tier_gated_only,0.77,1.6500000000000001,0.5700000000000001,callee
tests/test_server.py,test_settings_never_leak_secrets,0.84,1.6500000000000001,0.5900000000000001,callee
harness/router.py,route_tier,0.86,1.65,0.59,callee
tests/test_capability.py,test_hard_gate_excludes_incapable,0.81,1.65,0.61,callee
tests/test_jev_escalation_driver.py,test_high_budget_noul_does_not_abstain,0.76,1.65,0.59,callee
tests/test_jev_escalation_driver.py,test_abstain_directive_retires_the_walk,0.82,1.65,0.59,callee
tests/test_ledger.py,test_participation_report_counts,0.79,1.65,0.6,callee
tests/test_orchestrator.py,test_non_numeric_or_bool_value_is_none,0.79,1.65,0.6,callee
tests/test_service_closeout.py,test_authoritative_judge_has_no_artifact,0.83,1.65,0.6,callee
harness/local_fit/dispatch.py,sort_key,0.81,1.65,0.6,callee
harness/site_aggregate.py,cost_per_gated_task,0.84,1.65,0.61,callee
tests/test_burndown.py,test_empty_ledger_is_json_safe_zeroes,0.81,1.65,0.59,callee
tests/test_capability.py,test_gate_waste_demotes_repeat_gate_waster,0.82,1.65,0.6,callee
tests/test_convergence.py,test_reassurance_claims_excluded_from_gate,0.82,1.65,0.59,sibling
tests/test_driver_core/test_consensus.py,test_two_agree_one_silent_with_quorum_three_is_insufficient,0.8,1.65,0.6,sibling
tests/test_events.py,test_force_pretty_renders_apply_timeline,0.8,1.65,0.59,callee
tests/test_hourglass_consent_handoff.py,test_the_stage_is_judged_not_dispatched,0.83,1.65,0.59,callee
tests/test_hourglass_stage_composition.py,test_unselected_planning_does_not_invoke_owner,0.79,1.65,0.5800000000000001,callee
tests/test_hul_mission_record.py,test_status_regenerates_after_attempts,0.85,1.65,0.6,callee
tests/test_jev_bar_sentiment.py,__init__,0.84,1.65,0.58,none
tests/test_jev_bar_sentiment.py,test_code_vs_jev_authority_in_score_phase_completion,0.84,1.65,0.6,callee
tests/test_jev_claims_support.py,test_enabled_keyed_returns_typed_support_flags,0.85,1.65,0.6,sibling
tests/test_jev_escalation_driver.py,test_none_and_malformed_results_are_no_signal,0.82,1.65,0.59,callee
tests/test_jev_escalation_driver.py,evaluate,0.82,1.65,0.6,callee
tests/test_mcp.py,test_initialize_captures_client_caller,0.84,1.65,0.6,callee
tests/test_provision.py,test_unkeyed_is_an_honest_fallback_with_one_ledger_event,0.84,1.65,0.61,callee
tests/test_route_pack.py,post,0.86,1.65,0.5800000000000001,sibling
tests/test_routing_table.py,test_next_tier_ladder,0.82,1.65,0.59,callee
tests/test_saturation.py,test_no_evidence_keeps_capability_order,0.79,1.65,0.61,callee
tests/test_server.py,test_explicit_token_writes_nothing,0.85,1.65,0.6,callee
tests/test_tokens.py,test_symbol_dense_text_not_undercounted,0.68,1.65,0.6,callee
tests/test_waist.py,test_prompt_carries_verdict_contract,0.8,1.65,0.56,callee
harness/mission_record.py,is_terminal,0.76,1.6400000000000001,0.6000000000000001,callee
harness/provision.py,add,0.85,1.6400000000000001,0.6200000000000001,callee
tests/test_extra.py,test_reasoning_param_caps_tokens,0.76,1.6400000000000001,0.5800000000000001,callee
tests/test_jev_bar_sentiment.py,test_core_verdict_is_deliberately_narrower_than_verdict,0.76,1.6400000000000001,0.5900000000000001,callee
harness/agent.py,_refusal_reason,0.81,1.6400000000000001,0.6,caller
harness/agent.py,_compose_run_stages,0.85,1.6400000000000001,0.6100000000000001,caller
harness/capability.py,capability_fitness,0.85,1.6400000000000001,0.59,callee
harness/jev.py,jev_credit_status,0.83,1.6400000000000001,0.59,callee
harness/trust.py,ceiling_fraction,0.77,1.6400000000000001,0.6,caller
harness/trust.py,rationed_task_ceiling,0.81,1.6400000000000001,0.61,callee
tests/test_audit_dimensions.py,test_at_most_five_check_bullets_per_dim,0.75,1.6400000000000001,0.5800000000000001,callee
tests/test_dogfood_matrix_strict.py,test_real_pass_keeps_the_real_score,0.79,1.6400000000000001,0.5900000000000001,callee
tests/test_jev_policy.py,test_aggregate_empty_and_mixed_models,0.82,1.6400000000000001,0.5900000000000001,callee
tests/test_jev_repo_judgment.py,__init__,0.83,1.6400000000000001,0.5700000000000001,none
tests/test_local_fit_wiring.py,test_paid_tier_respects_price_order,0.81,1.6400000000000001,0.61,sibling
tests/test_perception_client.py,test_allow_unstable_inverts_require_stable,0.81,1.6400000000000001,0.5900000000000001,callee
tests/test_repo_items.py,test_css_block_opener_is_not_a_summary,0.79,1.6400000000000001,0.6,callee
tests/test_jev_core_hardening.py,test_unusable_usage_fields_are_zeroed_when_a_response_is_discarded,0.86,1.64,0.59,callee
tests/test_jev_log_pack.py,test_max_items_cap,0.8,1.64,0.58,callee
tests/test_osal.py,__init__,0.82,1.64,0.59,callee
tests/test_brief.py,test_truncation_is_honest_and_span_labeled,0.79,1.64,0.6,sibling
tests/test_cli.py,fake_panel_judge,0.82,1.64,0.57,sibling
tests/test_driver_core/test_consensus.py,test_one_field_contested_is_named_not_merged,0.79,1.64,0.59,callee
tests/test_jev_answer_lifecycle.py,test_budget_deferred_before_a_second_round,0.85,1.64,0.59,callee
tests/test_jev_calibration_analysis.py,test_band_within_observed_range,0.77,1.64,0.59,callee
tests/test_jev_issue_sort.py,test_sort_notes_empty_input_is_honest_empty,0.84,1.64,0.58,sibling
tests/test_jev_util_coverage.py,test_assess_completion_nouls_keyed_semantic_refuse,0.83,1.64,0.59,callee
tests/test_phase_b_execution.py,test_no_task_max_cost_forwards_none_rather_than_a_stale_value,0.83,1.64,0.59,sibling
tests/test_planning_surface.py,test_hourglass_mapping_has_one_owner,0.83,1.64,0.58,callee
tests/test_prompts.py,test_ready_marker_anywhere_never_lands_in_file,0.79,1.64,0.58,callee
tests/test_provision.py,test_jev_choice_among_declared_recipes_is_used,0.81,1.64,0.59,callee
tests/test_web.py,test_extract_query_empty,0.78,1.64,0.58,callee
tests/test_chat.py,test_mock_governor_without_assert_no_tools,0.83,1.6300000000000001,0.5900000000000001,callee
tests/test_condenser.py,test_distill_context_budget_truncation,0.8,1.6300000000000001,0.5800000000000001,callee
tests/test_jev_core_hardening.py,test_a_junk_stored_cost_cannot_erase_a_real_keyed_call,0.84,1.6300000000000001,0.5900000000000001,callee
tests/test_jev_core_hardening.py,post_once,0.85,1.6300000000000001,0.5700000000000001,caller
tests/test_local_fit_wiring.py,test_scorer_crash_degrades_to_baseline,0.85,1.6300000000000001,0.5900000000000001,callee
tests/test_phase_b_dogfood_defects.py,test_normalisers_is_never_joined_as_if_it_were_an_array,0.72,1.6300000000000001,0.55,callee
driver_core/parsing.py,handle_endtag,0.85,1.6300000000000001,0.6000000000000001,sibling
tests/test_agent.py,test_disarmed_lane_stays_serial_single_tree,0.84,1.6300000000000001,0.5800000000000001,sibling
tests/test_driver_core/test_auth.py,test_a_declared_token_is_the_one_the_service_presents,0.83,1.6300000000000001,0.5800000000000001,callee
tests/test_hourglass_consent_stale.py,test_budget_exceeded,0.73,1.6300000000000001,0.5700000000000001,callee
tests/test_hourglass_execution_budget.py,test_a_refused_run_still_reports_what_it_did,0.84,1.6300000000000001,0.5800000000000001,callee
tests/test_jev_context_pack.py,test_compose_plan_passes_distilled_repo_context_to_decompose,0.84,1.6300000000000001,0.5700000000000001,sibling
tests/test_jev_ledger_spend.py,test_jev_block_tolerates_naive_clocks_junk_tokens_and_unlistable_dir,0.85,1.63,0.6,callee
tests/test_server.py,test_unreadable_or_unwritable_state_still_yields_a_token,0.87,1.63,0.6,callee
harness/waist.py,rung_read_budgets,0.82,1.63,0.59,caller
tests/test_audit_env_isolation.py,fake_run,0.83,1.63,0.58,callee
tests/test_driver_core/test_wiring.py,test_configured_sources_follow_the_declared_tier_order,0.75,1.63,0.59,callee
tests/test_jev_core_hardening.py,test_other_sites_keep_the_global_threshold,0.83,1.63,0.59,callee
tests/test_ledger.py,test_repair_on_healthy_pruned_ledger_is_noop,0.8,1.63,0.59,callee
tests/test_local_fit_extract.py,test_unusable_finish_error,0.81,1.63,0.58,callee
tests/test_planning_surface.py,test_cli_cmd_plan_preview,0.83,1.63,0.6,callee
tests/test_reserve_call_parity.py,test_fallback_reserve_sized_to_undispatched_tail_only,0.8,1.63,0.6,callee
tests/test_service_closeout.py,fake_panel_judge,0.82,1.63,0.59,sibling
tests/test_waist.py,test_oversized_instruction_becomes_ordered_in_budget_chunks,0.8,1.63,0.59,sibling
harness/site_aggregate.py,hourglass_savings,0.83,1.62,0.58,callee
tests/test_jev_log_judgment.py,test_out_of_pack_choice_refused_and_score_never_invented,0.84,1.62,0.5800000000000001,callee
tests/test_jev_util_coverage.py,test_panel_judge_attaches_claim_support_when_flag_on,0.83,1.62,0.5700000000000001,callee
tests/test_reserve_call_parity.py,fake_chat,0.84,1.62,0.56,sibling
harness/condenser.py,to_brief_pack,0.82,1.62,0.56,caller
harness/provision.py,fits,0.82,1.62,0.57,caller
harness/repo_items.py,_headings,0.8,1.62,0.5900000000000001,callee
harness/web.py,gather_web_context,0.84,1.62,0.6000000000000001,caller
tests/test_apply_instruction_override.py,test_instruction_override_does_not_mutate_original_continuation,0.79,1.62,0.5700000000000001,callee
tests/test_attest.py,__init__,0.86,1.62,0.56,sibling
tests/test_batch_burndown.py,test_tally_exposes_real_and_not_real_votes,0.79,1.62,0.56,callee
tests/test_driver_core/test_consensus.py,test_repeated_tally_is_byte_identical,0.81,1.62,0.5800000000000001,callee
tests/test_hg_extra_coverage.py,test_partition_empty_targets_serialize,0.69,1.62,0.59,callee
tests/test_hg_plan_consensus.py,chat_fn,0.84,1.62,0.56,caller
tests/test_hourglass_end_to_end.py,test_partial_stage_context_and_planning_only,0.83,1.62,0.56,callee
tests/test_jev_completion_nouls.py,test_assess_completion_nouls_pure_missing_blocks_complete,0.84,1.62,0.5800000000000001,none
tests/test_jev_context_pack.py,test_compose_plan_without_decompose_does_not_require_pack,0.85,1.62,0.5800000000000001,sibling
tests/test_jev_triage_files.py,test_keyed_noul_relevance_validates_against_real_listing,0.83,1.62,0.5800000000000001,sibling
tests/test_planning_surface.py,apply_edit,0.86,1.62,0.5700000000000001,caller
tests/test_server_driver.py,test_validate_dispatch_driver_task,0.84,1.62,0.5900000000000001,callee
tests/test_waist.py,chat_fn,0.8,1.62,0.5800000000000001,sibling
driver_core/consensus.py,__init__,0.83,1.6199999999999999,0.58,sibling
tests/test_escalation.py,test_load_settings_ships_escalation_pool_and_judge_top,0.83,1.6199999999999999,0.58,callee
tests/test_jev_log_judgment.py,__init__,0.83,1.6199999999999999,0.5599999999999999,sibling
tests/test_jev_util_route.py,test_keyed_choice_is_vocabulary_and_not_fallback,0.82,1.6199999999999999,0.58,callee
tests/test_server.py,test_chat_runner_uses_classifier_for_lane_selection,0.83,1.6199999999999999,0.58,callee
tests/test_events.py,test_emit_with_no_sinks_is_silent_noop,0.85,1.61,0.5700000000000001,callee
tests/test_server.py,test_list_skips_corrupt_pack_without_failing_page,0.85,1.61,0.5800000000000001,callee
harness/escalation.py,__init__,0.85,1.61,0.59,callee
tests/test_agent.py,test_jev_answer_envelope_preserves_fallback_reason,0.83,1.61,0.56,callee
tests/test_driver_core/test_driver.py,test_agreed_state_reaches_the_decision_tier,0.83,1.61,0.5700000000000001,callee
tests/test_driver_core/test_driver.py,test_a_refusal_is_a_normal_successful_outcome_of_the_system,0.83,1.61,0.5700000000000001,callee
tests/test_driver_core/test_tier_chain.py,test_a_bare_string_is_accepted_and_is_explicitly_weaker,0.77,1.61,0.5800000000000001,callee
tests/test_driver_core/test_vision.py,test_there_is_no_way_to_declare_a_second_endpoint_or_key,0.72,1.61,0.56,sibling
tests/test_economics_cli.py,test_the_probe_without_record_writes_nothing,0.81,1.61,0.6,callee
tests/test_economics_ingest.py,test_endpoint_url_is_the_documented_feed,0.66,1.61,0.55,none
tests/test_events.py,test_verify_tally_rendered,0.79,1.61,0.5800000000000001,callee
tests/test_jev_issue_sort.py,test_cli_envelope_carries_combo_and_structural,0.86,1.61,0.5800000000000001,sibling
tests/test_mcp.py,test_initialize_notification_has_no_response,0.79,1.61,0.5700000000000001,callee
tests/test_model_slates.py,test_paid_apply_pool_leads_with_operator_pick,0.77,1.61,0.56,sibling
tests/test_provision.py,ambiguous_probe,0.85,1.61,0.5800000000000001,callee
tests/test_repo_cards.py,test_results_are_sorted_by_name,0.79,1.61,0.5800000000000001,callee
driver_core/server.py,do_GET,0.87,1.61,0.5800000000000001,callee
harness/_http.py,post,0.79,1.61,0.5800000000000001,callee
harness/dynamic_allocation.py,resolve_model_spec,0.81,1.6099999999999999,0.59,caller
tests/test_agent.py,test_resolve_lane_max_tokens_pricing_exception_handled,0.85,1.6099999999999999,0.56,callee
harness/provision.py,_unsafe_chars,0.81,1.6099999999999999,0.57,callee
harness/repo_items.py,element_kind,0.76,1.6099999999999999,0.58,caller
tests/test_driver_core/test_vision.py,_capture,0.84,1.6099999999999999,0.58,callee
tests/test_hg_extra_coverage.py,test_parse_plan_consensus_reasons_coerced,0.83,1.6099999999999999,0.55,callee
tests/test_jev_vision_assessment.py,to_dict,0.81,1.6099999999999999,0.57,sibling
tests/test_local_fit_wiring.py,test_flagged_model_moves_after_healthy_peers,0.82,1.6099999999999999,0.57,callee
tests/test_planning_surface.py,settings_without_planning,0.78,1.6099999999999999,0.55,sibling
tests/test_plat_ci_matrix.py,test_no_file_is_forced_to_text_that_git_calls_binary,0.77,1.6099999999999999,0.5700000000000001,callee
tests/test_web.py,fake_get,0.82,1.6099999999999999,0.57,sibling
harness/mcp.py,main,0.87,1.6099999999999999,0.57,callee
harness/server.py,_api_dispatch,0.87,1.6099999999999999,0.58,callee
tests/test_events.py,test_emit_reaches_every_sink_with_seq_and_type,0.83,1.6,0.56,callee
tests/test_events.py,test_broken_sink_is_dropped_not_raised,0.84,1.6,0.5800000000000001,callee
tests/test_providers.py,execute_node,0.86,1.6,0.5700000000000001,caller
harness/chat.py,reasoning_param_rejected,0.75,1.6,0.5700000000000001,callee
harness/ui.py,main,0.83,1.6,0.5900000000000001,callee
tests/test_agent.py,test_resolve_lane_max_tokens_unconstrained,0.8,1.6,0.55,callee
tests/test_audit_dimensions.py,test_header_present,0.77,1.6,0.55,callee
tests/test_audit_env_isolation.py,test_ledger_variable_is_not_dropped,0.8,1.6,0.5800000000000001,callee
tests/test_hg_extra_coverage.py,chat_fn,0.84,1.6,0.55,caller
tests/test_hourglass_jev_integrations.py,test_stale_consent_forces_renewal_and_blocks_the_restart,0.87,1.6,0.5700000000000001,none
tests/test_hourglass_planning_budget.py,_plan,0.82,1.6,0.55,caller
tests/test_hourglass_recondense.py,test_the_trigger_set_is_declared_and_every_trigger_has_a_reason,0.69,1.6,0.54,sibling
tests/test_isolated_request_runner.py,test_result_reports_model_from_cli_usage_envelope,0.82,1.6,0.5700000000000001,sibling
tests/test_jev_repo_envelope.py,evaluate_repo_summary,0.85,1.6,0.5700000000000001,caller
tests/test_jev_util_coverage.py,__init__,0.82,1.6,0.56,sibling
tests/test_jev_vision_assessment.py,test_tied_probabilities_choose_lower_level_and_require_review,0.79,1.6,0.5700000000000001,callee
tests/test_provision.py,__init__,0.84,1.6,0.55,sibling
tests/test_provision_hardening.py,test_policy_for_probe_trusts_exactly_the_probed_interpreter,0.84,1.6,0.56,callee
tests/test_site_export.py,test_v1_events_get_honest_defaults,0.81,1.6,0.58,callee
tests/test_local_fit_infer.py,test_loader_returns_none_for_empty_dir,0.84,1.5999999999999999,0.57,callee
tests/test_provision.py,test_decline_and_defer_are_first_class_records,0.83,1.5999999999999999,0.57,callee
tests/test_escalation.py,fake_chat,0.84,1.59,0.55,sibling
tests/test_jev_util_paths.py,test_claims_from_payload_dict_and_plain,0.83,1.59,0.55,callee
harness/provision.py,_probe_body,0.85,1.59,0.56,callee
tests/test_dogfood_matrix_strict.py,_result,0.79,1.59,0.56,caller
tests/test_driver_core/test_budget_audit.py,test_two_independent_runs_record_the_same_facts,0.79,1.59,0.5700000000000001,callee
tests/test_extra.py,test_chat_auto_omits_for_non_reasoning,0.82,1.59,0.55,sibling
tests/test_jev_bar_sentiment.py,test_cli_all_stays_local_even_when_settings_are_available,0.84,1.59,0.56,callee
tests/test_jev_completion_nouls.py,test_missing_named_artifact_cannot_complete_code_owned,0.8,1.59,0.5700000000000001,sibling
tests/test_jev_core_hardening.py,test_plan_requirements_carry_cache_hit_through,0.82,1.59,0.56,callee
tests/test_jev_log_envelope.py,test_cli_requires_valid_pack,0.82,1.59,0.56,sibling
tests/test_jev_p4_ops_exit.py,test_freeze_jev_settings_pins_model_and_threshold,0.83,1.59,0.56,callee
tests/test_mcp.py,test_refusal_is_terminal,0.83,1.59,0.5700000000000001,callee
tests/test_rankings.py,test_slug_matches_catalog_tail,0.71,1.59,0.53,callee
tests/test_server.py,test_settings_view_reports_paid_posture_without_secrets,0.84,1.59,0.5700000000000001,callee
tests/test_server_driver.py,test_second_call_reuses_the_running_daemon,0.85,1.59,0.5700000000000001,callee
tests/test_dogfood_matrix_strict.py,runner,0.84,1.59,0.55,callee
harness/jev_policy.py,_scope_determination,0.76,1.5899999999999999,0.57,caller
audits/self/audit.py,sd_docs_current,0.8,1.5899999999999999,0.58,callee
harness/jev_packs.py,heuristic_route,0.8,1.5899999999999999,0.57,caller
tests/test_jev_repo_pack.py,test_no_hit_yields_none_never_a_guess,0.82,1.5899999999999999,0.55,callee
harness/site_aggregate.py,_frontier_blend,0.83,1.58,0.55,callee
tests/test_escalation.py,finish_fn,0.82,1.58,0.5599999999999999,caller
tests/test_jev_util_paths.py,test_heuristic_file_relevance_empty_goal,0.75,1.58,0.55,callee
tests/test_ledger.py,test_calibration_tracks_readiness_vs_verify,0.78,1.58,0.56,sibling
harness/agent.py,_handle_driver_task,0.87,1.58,0.5700000000000001,caller
tests/test_agent.py,test_edge_cases_and_defaults,0.86,1.58,0.56,callee
tests/test_audit_dimensions.py,__init__,0.83,1.58,0.55,sibling
tests/test_capability.py,test_structured_json_boosts_fitness,0.74,1.58,0.55,callee
tests/test_cli.py,test_max_cost_help_documents_preflight_reserve_sizing,0.73,1.58,0.55,callee
tests/test_driver_core/test_consensus.py,test_distribution_is_reported_so_a_disagreement_is_legible,0.8,1.58,0.5700000000000001,callee
tests/test_hardening.py,test_trailing_defer_after_diff_body_is_honored,0.78,1.58,0.56,callee
tests/test_hg_cli_resume_coverage.py,spy,0.81,1.58,0.55,sibling
tests/test_hourglass_stage_composition.py,test_a_bypass_of_an_omitted_stage_is_not_invented,0.78,1.58,0.55,callee
tests/test_hul_mission_record.py,test_ensure_findings_idempotent,0.81,1.58,0.55,callee
tests/test_jev.py,test_jev_credit_status,0.81,1.58,0.55,callee
tests/test_jev_completion.py,test_oc_handoff_contract_detects_artifacts_and_stays_gated_while_open,0.82,1.58,0.56,callee
tests/test_jev_lane_parity.py,test_waist_triage_non_iterative_route,0.81,1.58,0.56,callee
tests/test_lane_policy.py,test_apply_unchanged,0.74,1.58,0.54,callee
tests/test_mcp.py,fake_run_verify,0.83,1.58,0.54,sibling
tests/test_repo_cards.py,test_plain_gate_runner_without_gates_emits_no_gate_row,0.78,1.58,0.56,callee
tests/test_sliding_scale.py,test_hermetic_fake_transport_jev_integration,0.83,1.58,0.56,callee
tests/test_waist.py,test_heuristic_default_untouched,0.82,1.58,0.55,callee
tests/test_zz_network_guard.py,test_violations_are_reported_at_exit,0.81,1.58,0.55,callee
harness/server.py,run_plan_task,0.88,1.58,0.5700000000000001,callee
harness/capability.py,order_pool,0.81,1.57,0.55,callee
tests/test_burndown.py,test_balanced_fenced_json_is_not_truncated,0.74,1.57,0.55,callee
tests/test_judge_fallback.py,test_parse_consensus_unparseable_fallback_fields,0.81,1.57,0.54,callee
harness/jev.py,record,0.82,1.57,0.5700000000000001,callee
tests/test_claims.py,test_plain_defect_and_reassurance_claims_need_no_refs,0.79,1.57,0.55,callee
tests/test_driver_core/test_consensus.py,test_partial_agreement_below_threshold_is_contested,0.8,1.57,0.56,sibling
tests/test_jev_completion_nouls.py,test_keyed_nouls_pass_when_both_affirmed,0.85,1.57,0.55,sibling
tests/test_jev_util_route.py,_gov,0.84,1.57,0.54,callee
tests/test_local_fit_extract.py,test_severity_order_unusable_over_truncated,0.8,1.57,0.55,callee
tests/test_local_fit_features.py,test_lane_and_task_mapping,0.8,1.57,0.54,callee
tests/test_plat_cmd_runnable.py,test_timeout_budgets_are_ordered,0.58,1.57,0.56,none
tests/test_provision.py,test_dry_run_reports_approval_state_without_asking,0.85,1.57,0.56,callee
tests/test_server.py,test_environment_token_is_used_as_given,0.82,1.57,0.56,callee
harness/repo_items.py,add,0.84,1.5699999999999998,0.55,callee
harness/apply_policy.py,_round_context,0.79,1.5699999999999998,0.5499999999999999,caller
harness/dynamic_allocation.py,compute_dynamic_tier_ceiling,0.84,1.5699999999999998,0.55,sibling
tests/test_audit_dimensions.py,test_unkeyed_exactly_one_ledger_jev_eval,0.85,1.5699999999999998,0.55,callee
tests/test_consent.py,test_token_budget_settles_reported_usage,0.84,1.5699999999999998,0.55,callee
tests/test_phase_b_dogfood_defects.py,_session,0.82,1.5699999999999998,0.54,callee
tests/test_hourglass_consent_handoff.py,_real_policy,0.85,1.5699999999999998,0.52,callee
harness/jev_policy.py,envelope_payload,0.83,1.5699999999999998,0.5499999999999999,caller
driver_core/ev.py,__init__,0.85,1.56,0.54,sibling
harness/ledger_analytics.py,add_cost,0.83,1.56,0.55,caller
tests/test_hourglass_execution_budget.py,get,0.83,1.56,0.54,callee
tests/test_hul_jev_scope_gate.py,test_scope_answer_helpers_edge_shapes,0.84,1.56,0.53,callee
harness/mcp.py,_register_progress,0.86,1.56,0.54,callee
harness/site_aggregate.py,build_snapshot,0.86,1.56,0.54,callee
tests/test_agent.py,test_large_file_nodes_route_to_diff_backend,0.83,1.56,0.56,callee
tests/test_audit_dimensions.py,test_score_format_in_output,0.72,1.56,0.53,callee
tests/test_capability.py,test_consent_unusable_events_count_as_strikes,0.83,1.56,0.56,callee
tests/test_capability.py,test_observed_evidence_demotes_overdeclared_and_raises_proven,0.82,1.56,0.55,callee
tests/test_cli.py,fake_compose_plan,0.83,1.56,0.52,sibling
tests/test_cli.py,test_engine_receives_the_verified_api_key,0.83,1.56,0.55,callee
tests/test_cli_gates.py,test_listing_names_every_gate,0.78,1.56,0.56,callee
tests/test_hourglass_consent_stale.py,test_model_upgraded,0.77,1.56,0.54,callee
tests/test_hourglass_end_to_end.py,test_supplied_brief_bypasses_context_stage,0.8,1.56,0.55,sibling
tests/test_jev.py,test_plan_requirement_wrapper_preserves_fallback_provenance,0.86,1.56,0.56,callee
tests/test_jev_decision_gate.py,test_pack_declares_exactly_three_typed_questions,0.74,1.56,0.55,callee
tests/test_jev_escalation_driver.py,jev_result,0.81,1.56,0.55,callee
tests/test_jev_ledger_spend.py,test_jev_block_reads_rotated_segments_and_other_writers,0.86,1.56,0.56,callee
tests/test_jev_util_paths.py,test_validate_candidates_without_listing_keeps_unique,0.8,1.56,0.54,callee
tests/test_orchestrator.py,test_renders_node_statuses_and_notes_bounded,0.82,1.56,0.54,callee
tests/test_server.py,test_static_ui_served_without_token,0.85,1.56,0.54,callee
tests/test_plan_http_batch.py,test_post_runs_plan_asynchronous,0.85,1.56,0.56,callee
tests/test_provision.py,test_approved_run_executes_in_order_and_ledgers_everything,0.85,1.56,0.55,callee
tests/test_planning_surface.py,single_node_plan,0.81,1.5599999999999998,0.5499999999999999,sibling
tests/test_apply_gate.py,test_run_state_defaults,0.69,1.5500000000000003,0.54,callee
harness/web.py,redirect_request,0.83,1.55,0.52,caller
tests/test_jev_completion.py,test_named_track_ids_are_not_rewritten_to_jev_prefixes,0.72,1.55,0.54,callee
tests/test_jev_escalation_driver.py,test_extractor_rejects_non_dict_answers,0.84,1.55,0.53,callee
tests/test_local_fit_guard.py,test_dispatch_result_carries_degenerate_reason,0.82,1.55,0.54,callee
tests/test_osal.py,test_open_url_reports_failure_instead_of_raising,0.81,1.55,0.54,callee
tests/test_provision_wiring.py,test_a_probe_directory_that_cannot_be_removed_does_not_fail_the_probe,0.83,1.55,0.55,sibling
audits/self/audit.py,r_suite_green,0.85,1.55,0.55,callee
harness/chat.py,note_reasoning_param_rejection,0.84,1.55,0.55,caller
tests/test_agent.py,test_node_targets_resolve_against_agent_root_not_cwd,0.81,1.55,0.55,callee
tests/test_driver_core/test_driver.py,_source,0.84,1.55,0.52,callee
tests/test_hardening.py,test_first_line_confident_still_works,0.79,1.55,0.54,callee
tests/test_jev_completion.py,test_hul_open_row_cannot_mark_complete,0.83,1.55,0.53,callee
tests/test_jev_escalation_driver.py,test_jev_directive_starts_walk_at_deeper_rung,0.83,1.55,0.55,callee
tests/test_jev_issue_sort.py,test_unmatched_keyword_yields_none_bucket,0.84,1.55,0.54,callee
tests/test_jev_p4_ops_exit.py,test_participation_report_embeds_jev_calibration,0.79,1.55,0.54,callee
tests/test_jev_policy.py,_response,0.83,1.55,0.54,sibling
tests/test_jev_repo_envelope.py,test_envelope_reports_its_own_billed_but_discarded_rate,0.81,1.55,0.54,callee
tests/test_perception_client.py,test_no_consent_is_sent_when_none_was_given,0.83,1.55,0.54,callee
tests/test_perception_client.py,test_prefer_and_stability_are_forwarded,0.79,1.55,0.55,callee
tests/test_perception_client.py,test_vocabulary_prints_the_closed_action_vocabulary,0.82,1.55,0.55,callee
tests/test_reasoning_disable.py,test_build_param_disable_has_no_cap,0.77,1.55,0.53,callee
tests/test_reasoning_disable.py,test_chat_none_equals_off,0.79,1.55,0.54,sibling
tests/test_site_aggregate.py,test_snapshot_shape,0.78,1.55,0.54,callee
tests/test_specialist.py,test_specialist_unknown_fallback_is_skipped_not_fatal,0.83,1.55,0.54,sibling
tests/test_server_driver.py,test_cancel_is_reported_as_cancelled,0.83,1.5499999999999998,0.53,callee
harness/waist.py,_decompose_repo_context,0.81,1.54,0.54,callee
tests/test_claims.py,test_verify_claims_mode_rejects_before_any_network,0.82,1.54,0.54,callee
tests/test_jev_answer_lifecycle.py,test_reconcile_failure_after_a_mid_evaluation_error_is_swallowed,0.84,1.54,0.55,sibling
tests/test_server.py,test_blank_token_file_is_replaced,0.86,1.54,0.54,callee
audits/self/audit.py,sm_no_facades,0.78,1.54,0.53,callee
driver_core/observation.py,structured,0.77,1.54,0.52,sibling
driver_core/parsing.py,handle_starttag,0.85,1.54,0.54,sibling
harness/jev.py,_noul,0.82,1.54,0.53,caller
harness/token_budget.py,__init__,0.84,1.54,0.5599999999999999,sibling
tests/test_agent.py,_agent,0.86,1.54,0.51,callee
tests/test_agent.py,test_truncation_defer_does_not_auto_escalate,0.83,1.54,0.54,callee
tests/test_demotion_auth.py,_panel,0.84,1.54,0.51,caller
tests/test_driver_core/test_wiring.py,test_caller_supplied_pools_are_the_only_pools,0.78,1.54,0.53,callee
tests/test_dynamic_allocation.py,test_token_budget_for_model_and_proportional_stage,0.83,1.54,0.53,callee
tests/test_hourglass_brief.py,test_a_source_the_budget_cannot_fit_is_recorded_as_omitted,0.81,1.54,0.54,callee
tests/test_hourglass_brief.py,test_a_conflict_must_cite_the_sources_it_came_from,0.81,1.54,0.53,callee
tests/test_hourglass_stage_composition.py,test_the_envelope_view_is_json_serialisable,0.78,1.54,0.53,callee
tests/test_jev_bar_sentiment.py,setUp,0.84,1.54,0.51,callee
tests/test_jev_completion.py,__init__,0.81,1.54,0.54,none
tests/test_jev_decision_gate.py,test_destructive_boundary_is_half,0.8,1.54,0.54,callee
tests/test_jev_freeze.py,_run,0.84,1.54,0.53,callee
tests/test_lane_policy.py,test_answer_explicit_caller_wins,0.7,1.54,0.51,callee
tests/test_local_fit_wiring.py,test_threshold_is_inclusive_and_configurable,0.84,1.54,0.54,callee
tests/test_orchestrator.py,chat_fn,0.82,1.54,0.53,caller
tests/test_planning_surface.py,test_rebase_gate_replaces_root_once,0.78,1.54,0.53,callee
tests/test_provision.py,gate_for,0.83,1.54,0.52,callee
tests/test_server_driver.py,test_consent_is_off_by_default,0.82,1.54,0.54,callee
tests/test_server_driver.py,test_token_is_random_and_not_the_old_fixed_literal,0.82,1.54,0.54,callee
tests/test_server_driver.py,test_health_does_not_leak_the_driver_token,0.8,1.54,0.54,callee
tests/test_sliding_scale.py,test_classify_tier_0_scout,0.77,1.54,0.52,sibling
tests/test_extra.py,test_parse_consensus_json,0.83,1.53,0.53,callee
tests/test_jev_completion_nouls.py,__init__,0.81,1.53,0.53,sibling
tests/test_jev_core_hardening.py,test_snapshot_retries_a_transient_iteration_error,0.82,1.53,0.54,none
tests/test_repo_cards.py,test_no_rows_says_so_instead_of_inventing_one,0.78,1.53,0.52,callee
tests/test_repo_items.py,test_unreadable_path_yields_empty_facts_and_label,0.85,1.53,0.53,callee
tests/test_cli.py,test_a_plan_only_settings_object_defaults_to_every_stage,0.81,1.53,0.53,callee
tests/test_economics_discount.py,get,0.85,1.53,0.53,sibling
tests/test_hul_driver_findings_resume.py,first_leg,0.83,1.53,0.52,none
tests/test_jev_issue_sort.py,test_issue_sort_text_edge_shapes,0.82,1.53,0.53,callee
tests/test_jev_p4_ops_exit.py,test_freeze_keeps_alias_unpinned_when_omitted,0.81,1.53,0.55,callee
tests/test_jev_triage_files.py,test_empty_candidates_returns_honest_empty,0.84,1.53,0.53,sibling
tests/test_output.py,test_fatal_always_audible,0.81,1.53,0.53,callee
tests/test_panel.py,_entry,0.81,1.53,0.51,sibling
tests/test_perception_client.py,test_no_harness_state_file_is_written,0.84,1.53,0.54,callee
tests/test_site_aggregate.py,test_cap_bounds_dominant_session,0.75,1.53,0.53,callee
tests/test_sliding_scale.py,test_tier_recommended_models,0.81,1.53,0.52,callee
tests/test_server_driver.py,test_operator_declared_token_is_honoured,0.84,1.53,0.54,callee
tests/test_apply_gate.py,__init__,0.84,1.53,0.52,sibling
tests/test_router.py,test_no_escalation_by_default,0.8,1.5299999999999998,0.51,sibling
audits/self/audit.py,sd_mcp_parity,0.81,1.5299999999999998,0.52,callee
tests/test_hourglass_consent_handoff.py,test_undeclared_restart_target_is_discarded,0.85,1.5299999999999998,0.53,callee
tests/test_provision.py,test_read_step_with_network_still_needs_approval,0.85,1.5299999999999998,0.53,callee
tests/test_saturation.py,test_demotion_reorders_pool,0.82,1.5299999999999998,0.53,sibling
harness/waist.py,compose_arguments,0.85,1.52,0.52,callee
tests/test_capability.py,test_paid_tier_cost_first,0.73,1.52,0.52,sibling
tests/test_cost_cli.py,test_unparseable_cost_counts_as_a_free_call_not_a_crash,0.84,1.52,0.52,callee
tests/test_jev.py,live_response,0.84,1.52,0.53,caller
tests/test_osal.py,test_undecodable_output_does_not_raise,0.81,1.52,0.53,callee
tests/test_repo_cards.py,test_rationale_omitted_when_absent,0.77,1.52,0.51,callee
tests/test_route_pack.py,__init__,0.83,1.52,0.53,sibling
tests/test_site_cli_faces.py,test_none_is_empty_and_other_types_are_stringified,0.77,1.52,0.52,callee
harness/ledger.py,tail,0.84,1.52,0.51,caller
harness/routing_table.py,strip_variant_suffix,0.79,1.52,0.51,sibling
harness/sliding_scale.py,resolve_frontier_model,0.81,1.52,0.52,caller
tests/test_agent.py,test_chat_history_persistence,0.83,1.52,0.53,none
tests/test_agent.py,test_disarmed_defer_stays_deferred,0.84,1.52,0.53,callee
tests/test_agent.py,test_new_file_node_gets_a_compile_gate,0.82,1.52,0.52,callee
tests/test_cli.py,test_parser_registers_exactly_the_dispatchable_commands,0.72,1.52,0.52,callee
tests/test_condenser.py,test_distill_context,0.82,1.52,0.52,sibling
tests/test_driver_core/test_executability.py,test_needs_present_and_empty_on_a_successful_step,0.79,1.52,0.53,callee
tests/test_economics_discount.py,__init__,0.84,1.52,0.53,sibling
tests/test_events.py,test_unknown_shape_falls_back_to_json_not_hidden,0.81,1.52,0.53,callee
tests/test_hourglass_consent_stale.py,test_jev_freshness_expired,0.74,1.52,0.51,callee
tests/test_hourglass_execution_budget.py,_states,0.76,1.52,0.52,caller
tests/test_model_envelope.py,test_unkeyed_face_stays_governor_free,0.83,1.52,0.52,callee
tests/test_plan_http_batch.py,test_run_plan_task_execute_no_dag,0.82,1.52,0.53,sibling
tests/test_plan_http_batch.py,test_run_plan_task_execute_with_dag,0.82,1.52,0.53,sibling
tests/test_planning_surface.py,test_plan_hourglass_flags_resolve_to_settings_defaults,0.8,1.52,0.52,callee
tests/test_provision_structural.py,test_the_process_directory_is_never_a_steps_directory,0.78,1.52,0.52,sibling
tests/test_server.py,test_claims_lane_builds_prompt_and_runs_engine,0.86,1.52,0.5,callee
harness/provision.py,_recipe_venv_pip,0.86,1.52,0.51,callee
tests/dogfood_matrix_suite.py,_noul_of,0.82,1.51,0.51,caller
tests/test_audit_dimensions.py,test_empty_dict_evidence_marks_all_dims_not_evaluated,0.75,1.51,0.52,callee
tests/test_extra.py,test_unparseable_falls_back_unknown,0.83,1.51,0.52,callee
tests/test_local_fit_wiring.py,test_dispatch_crash_degrades_to_baseline,0.84,1.51,0.52,callee
tests/test_provision_wiring.py,test_a_group_that_is_already_gone_is_not_an_error,0.81,1.51,0.53,callee
harness/provision.py,locate,0.82,1.51,0.51,callee
harness/repo_scope.py,gate_for_targets,0.83,1.51,0.51,callee
tests/test_agent.py,capture,0.85,1.51,0.53,caller
tests/test_chat.py,_gov,0.84,1.51,0.5,callee
tests/test_claims.py,codes,0.81,1.51,0.5,none
tests/test_economics_discount.py,test_aliased_prices_are_ambiguous_not_guessed,0.82,1.51,0.51,callee
tests/test_economics_ingest.py,__init__,0.85,1.51,0.53,sibling
tests/test_economics_ingest.py,test_parses_discount_overrides_cache_and_uptime,0.82,1.51,0.52,callee
tests/test_hourglass_consent_stale.py,test_renew_records_staleness_reason_accept,0.84,1.51,0.52,sibling
tests/test_hourglass_jev_integrations.py,test_a_suppressed_call_reports_every_signal_as_none,0.82,1.51,0.51,callee
tests/test_hourglass_surface_parity.py,test_server_update_config_allows_token_budgets,0.82,1.51,0.52,callee
tests/test_jev_completion.py,test_hul_row_with_merge_evidence_can_mark_complete,0.82,1.51,0.52,callee
tests/test_jev_completion_nouls.py,test_keyed_nouls_can_refuse_when_goal_not_achieved,0.84,1.51,0.53,sibling
tests/test_jev_escalation_driver.py,fake_chat,0.85,1.51,0.5,sibling
tests/test_jev_ledger_spend.py,test_legacy_per_mtok_cost_in_old_entries_is_normalized,0.8,1.51,0.54,callee
tests/test_jev_vision_assessment.py,__init__,0.83,1.51,0.51,sibling
harness/provision.py,__init__,0.86,1.5,0.51,caller
tests/test_jev_escalation_driver.py,test_fallback_result_is_no_signal,0.78,1.5,0.5,callee
tests/test_jev_escalation_driver.py,test_driver_out_of_ladder_escalate_directive_is_ignored,0.83,1.5,0.52,callee
tests/test_provision.py,test_ask_hook_outcomes,0.8,1.5,0.52,callee
audits/self/audit.py,sm_vocabulary_one_site,0.79,1.5,0.51,callee
audits/self/audit.py,sd_config_table,0.8,1.5,0.5,callee
harness/token_budget.py,_release,0.84,1.5,0.51,caller
tests/test_audit_dimensions.py,test_reasons_list_present,0.79,1.5,0.51,callee
tests/test_demotion_auth.py,test_tally_names_minority_models,0.78,1.5,0.51,callee
tests/test_driver_core/test_declarations.py,test_the_executor_a_driver_builds_shares_its_chain,0.77,1.5,0.52,callee
tests/test_hardening.py,_models,0.82,1.5,0.49,caller
tests/test_hourglass_consent_stale.py,test_goal_amended,0.78,1.5,0.5,callee
tests/test_hourglass_surface_parity.py,test_schema_registers_dogfood_tool,0.76,1.5,0.51,sibling
tests/test_jev_issue_sort.py,record_actual,0.84,1.5,0.5,caller
tests/test_planning_surface.py,test_cli_cmd_plan_preview_with_governor,0.8,1.5,0.53,callee
tests/test_provision_structural.py,test_the_environment_is_scrubbed_of_loader_proxy_and_tool_config,0.74,1.5,0.51,callee
tests/test_rankings.py,test_fetch_drops_malformed_rows,0.8,1.5,0.51,callee
tests/test_server_driver.py,test_api_driver_drive_dispatches_run,0.85,1.5,0.51,callee
tests/test_waist.py,test_approve,0.8,1.5,0.5,callee
tests/test_jev_completion.py,_install_test_oc_receipt,0.84,1.5,0.51,callee
harness/provision.py,_builtin_mkdir,0.82,1.5,0.5,callee
harness/jev_policy.py,_scope_choice,0.83,1.49,0.5,callee
tests/test_agent.py,apply_edit,0.83,1.49,0.5,caller
tests/test_ledger.py,test_gate_wasted_runs_counts_rounds_exhausted_aborts,0.81,1.49,0.51,callee
tests/test_repo_cards.py,test_absent_section_and_key_are_none,0.75,1.49,0.51,callee
tests/test_repo_cards.py,test_package_without_test_script_emits_no_test_row,0.79,1.49,0.53,callee
driver_core/observation.py,ok,0.8,1.49,0.5,sibling
harness/apply_gate.py,finish_escalation,0.84,1.49,0.5,caller
tests/test_agent.py,test_resolve_lane_max_tokens_bounded_by_token_budget,0.81,1.49,0.49,callee
tests/test_agent.py,test_force_conversation_driver_and_audit_intents,0.83,1.49,0.51,callee
tests/test_agent_run_limits.py,test_a_healthy_budget_does_not_trip_the_ceiling,0.82,1.49,0.5,callee
tests/test_chat.py,test_reported_cost_passes_through_untouched,0.82,1.49,0.5,callee
tests/test_economics_ingest.py,get,0.8,1.49,0.51,sibling
tests/test_hg_cli_resume_coverage.py,test_resume_empty_pending_short_circuits,0.79,1.49,0.51,callee
tests/test_hg_plan_consensus.py,governed,0.82,1.49,0.5,sibling
tests/test_jev_answer_lifecycle.py,test_deferred_when_answer_judgment_is_not_native,0.81,1.49,0.52,sibling
tests/test_local_fit_guard.py,test_saturated_top_class_is_degenerate,0.72,1.49,0.5,callee
tests/test_osal.py,test_is_within_follows_a_symlinked_parent,0.76,1.49,0.52,callee
tests/test_route_faces.py,test_cli_route_requires_pack_and_valid_pack,0.82,1.49,0.52,sibling
harness/server.py,_api_cost,0.86,1.49,0.5,callee
bench/tasks/fizz/fizz.py,fizzbuzz,0.54,1.48,0.52,none
harness/jev.py,_diff_state,0.82,1.48,0.5,caller
harness/spend.py,record_byok,0.86,1.48,0.49,callee
tests/test_chat.py,test_extract_json_skips_unparseable_think_wrapped_object,0.83,1.48,0.49,callee
tests/test_jev_completion.py,test_merge_pending_without_open_word_is_not_merge_evidence,0.78,1.48,0.51,callee
tests/test_jev_core_hardening.py,test_a_fallback_row_claims_no_credit_even_when_it_settled,0.82,1.48,0.52,callee
tests/test_min_confidence_gating.py,test_threshold_rejects_out_of_range_confidence,0.8,1.48,0.49,sibling
audits/self/audit.py,_pass,0.82,1.48,0.5,sibling
harness/claims.py,_defined_in,0.76,1.48,0.5,caller
harness/sliding_scale.py,decide_probe_verify_escalate,0.8,1.48,0.48,callee
tests/test_capability.py,test_in_unit_range,0.73,1.48,0.51,callee
tests/test_driver_core/test_consensus.py,test_one_answers_two_silent_at_quorum_one_agrees_but_records_shortfall,0.8,1.48,0.52,sibling
tests/test_driver_core/test_declarations.py,test_there_is_no_null_log_to_sneak_past_it_with,0.78,1.48,0.5,callee
tests/test_economics_discount.py,post,0.84,1.48,0.49,sibling
tests/test_escalation.py,is_free,0.8,1.48,0.5,caller
tests/test_events.py,test_no_color_strips_ansi,0.81,1.48,0.51,callee
tests/test_hardening.py,test_hijacked_backup_dir_refused,0.83,1.48,0.51,callee
tests/test_hourglass_token_budget.py,test_usage_tuple_compatibility_and_attributes,0.74,1.48,0.52,callee
tests/test_jev_claims_support.py,post,0.85,1.48,0.5,sibling
tests/test_jev_completion.py,test_jev_log_needles_find_each_open_row,0.79,1.48,0.5,callee
tests/test_jev_core_hardening.py,test_unkeyed_never_reads_the_cache,0.81,1.48,0.5,callee
tests/test_perception_client.py,test_a_step_without_an_action_sends_no_consent,0.8,1.48,0.5,callee
tests/test_provision_structural.py,test_a_directory_swapped_for_a_link_after_the_plan_is_refused,0.81,1.48,0.5,sibling
tests/test_repo_cards.py,test_missing_root_is_empty_not_an_error,0.82,1.48,0.5,callee
tests/test_server.py,test_open_window_falls_back_to_browser_without_pywebview,0.83,1.48,0.51,callee
harness/jev.py,_cache_key,0.84,1.48,0.48,callee
tests/test_plat_cmd_runnable.py,test_verify_gate_returns_exit_code_and_output,0.81,1.48,0.52,callee
tests/test_agent.py,test_enumerate_repo_files_bounded_and_junk_free,0.72,1.4700000000000002,0.52,none
tests/test_provision_wiring.py,test_plain_non_ascii_names_that_nfkc_keeps_are_allowed,0.83,1.4700000000000002,0.49,callee
tests/test_driver_core/test_driver.py,_extractor_reader,0.82,1.47,0.5,sibling
tests/test_jev_completion.py,test_safe_path_read_and_git_errors_fail_closed,0.8,1.47,0.49,callee
tests/test_jev_repo_pack.py,repo_pack,0.83,1.47,0.49,sibling
tests/test_agent.py,test_agent_lane_measures_its_own_root,0.82,1.47,0.51,callee
tests/test_audit_dimensions.py,test_partial_run_unkeyed_never_false_passes,0.82,1.47,0.5,callee
tests/test_audit_dimensions.py,test_partial_run_keyed_marks_missing_dim_not_evaluated_and_fails_closed,0.83,1.47,0.5,callee
tests/test_batch_burndown.py,test_verdict_string_uses_RNR_and_shortfall_word,0.79,1.47,0.5,sibling
tests/test_driver_core/test_driver.py,test_a_shortfall_never_reaches_the_decision_tier,0.83,1.47,0.5,callee
tests/test_driver_core/test_vision.py,test_the_vision_audit_record_is_metadata_only,0.8,1.47,0.5,callee
tests/test_events.py,broken,0.83,1.47,0.48,sibling
tests/test_hourglass_consent_stale.py,test_restart_targeted,0.72,1.47,0.49,callee
tests/test_jev_calibration.py,test_participation_report_embeds_jev_calibration,0.8,1.47,0.49,callee
tests/test_jev_core_hardening.py,noul_resp,0.82,1.47,0.49,sibling
tests/test_local_fit_guard.py,test_constant_scores_are_degenerate,0.76,1.47,0.48,callee
tests/test_prompts.py,test_ready_marker_after_blank_lines_is_parsed_and_stripped,0.82,1.47,0.49,callee
tests/test_trust.py,test_trust_status_names_caller_and_table,0.8,1.47,0.5,callee
harness/jev_policy.py,_release,0.83,1.46,0.48,callee
harness/local_fit/dispatch.py,unusable_threshold,0.8,1.46,0.47,caller
harness/waist.py,composed_worst_case,0.84,1.46,0.47,callee
harness/waist.py,intake_brief,0.83,1.46,0.49,callee
tests/test_mcp_driver.py,test_other_caller_labels_pass_through_trimmed,0.83,1.46,0.49,callee
tests/test_plan_http_batch.py,test_runners_contains_plan,0.71,1.46,0.48,sibling
tests/test_provision.py,test_ambiguous_hints_and_stopwords_yield_nothing_invented,0.8,1.46,0.49,callee
harness/jev_completion.py,live_valid,0.82,1.46,0.48,callee
harness/provision.py,record_event,0.81,1.46,0.49,caller
tests/test_batch_burndown.py,_panel,0.8,1.46,0.47,caller
tests/test_capability.py,test_roundtrip_dict,0.78,1.46,0.47,callee
tests/test_hourglass_brief.py,test_a_budget_below_one_character_omits_rather_than_overruns,0.81,1.46,0.49,callee
tests/test_hourglass_stage_composition.py,test_a_stale_supplied_brief_buys_no_bypass,0.82,1.46,0.49,callee
tests/test_jev_core_hardening.py,test_high_confidence_behaviour_is_unchanged,0.8,1.46,0.49,callee
tests/test_jev_policy.py,__init__,0.84,1.46,0.49,sibling
tests/test_mcp.py,test_main_passes_the_settings_seam_to_the_server,0.8,1.46,0.49,sibling
tests/test_plat_cmd_runnable.py,test_phase_is_a_parameter_not_a_hardcoded_id,0.79,1.46,0.49,callee
tests/test_router.py,test_escalation_gated_on_allow,0.82,1.46,0.49,sibling
tests/test_site_aggregate.py,test_empty_is_empty,0.74,1.46,0.49,callee
tests/test_site_cli_faces.py,test_out_of_ladder_choice_is_refused_not_invented,0.84,1.46,0.5,callee
tests/test_judge.py,test_shipped_ids_resolve_in_live_catalog,0.84,1.46,0.49,callee
tests/test_agent.py,test_classify_prompt_intent,0.73,1.4500000000000002,0.48000000000000004,callee
tests/test_cli.py,test_settings_ceilings_and_stage_subset_reach_compose_plan,0.82,1.4500000000000002,0.5,callee
tests/test_hourglass_consent_stale.py,test_renew_records_staleness_reason_defer,0.84,1.4500000000000002,0.49,sibling
tests/test_hardening.py,test_apply_without_consent_does_not_crash_on_renewal,0.84,1.4500000000000002,0.5,callee
harness/brief.py,estimate_brief_tokens,0.78,1.45,0.45999999999999996,callee
harness/jev_policy.py,_flush_at_exit,0.79,1.45,0.47,callee
harness/providers.py,name,0.82,1.45,0.47,sibling
tests/test_repo_cards.py,test_rationale_is_appended_when_present,0.71,1.45,0.47,callee
tests/test_trust.py,_host_report,0.8,1.45,0.47,sibling
driver_core/ev.py,action_answer,0.82,1.45,0.48,callee
driver_core/wiring.py,read,0.82,1.45,0.48,callee
harness/ledger.py,chain_status,0.84,1.45,0.48,callee
tests/test_capability.py,test_minimax_has_larger_context,0.7,1.45,0.47,callee
tests/test_cli.py,test_verify_panel_flag_reaches_run_verify,0.81,1.45,0.48,sibling
tests/test_dogfood_matrix_strict.py,test_status_string_is_not_an_ok_step,0.79,1.45,0.5,callee
tests/test_driver_core/test_auth.py,test_an_explicit_argument_beats_the_declared_token,0.81,1.45,0.5,callee
tests/test_driver_core/test_driver.py,test_settings_ignore_foreign_environment_variables,0.83,1.45,0.49,callee
tests/test_jev_completion.py,test_rank_prefers_the_row_carrying_merge_proof,0.82,1.45,0.49,callee
tests/test_orchestrator.py,test_noul_wrapped_and_bare_values,0.76,1.45,0.48,callee
tests/test_plat_cmd_runnable.py,test_forward_slash_windows_path_survives,0.76,1.45,0.49,callee
tests/test_repo_cards.py,test_prose_edits_do_not_churn_the_card,0.77,1.45,0.5,callee
tests/test_server.py,_main,0.83,1.45,0.47000000000000003,callee
tests/test_trust.py,_report,0.82,1.45,0.47000000000000003,sibling
tests/test_zz_network_guard.py,test_loopback_is_ip_literals_only_not_names_that_look_like_it,0.69,1.45,0.48,callee
tests/test_providers.py,test_register_and_get,0.8,1.4400000000000002,0.5,sibling
harness/local_fit/features.py,build_feature_vector,0.79,1.44,0.45999999999999996,sibling
harness/route_pack.py,tier_rank,0.77,1.44,0.46,callee
harness/web.py,_parse_results,0.86,1.44,0.47,callee
tests/test_route_faces.py,_route_pack,0.79,1.44,0.46,sibling
tests/test_router_dynamic_rotation.py,test_a_single_model_pool_is_never_reordered,0.77,1.44,0.49,sibling
harness/jev_packs.py,validate_restart_request,0.75,1.44,0.47000000000000003,callee
harness/jev_policy.py,_account,0.84,1.44,0.45999999999999996,callee
tests/test_agent.py,test_plan_round_reaches_the_composed_path,0.8,1.44,0.48,callee
tests/test_apply_gate.py,test_preview_result_carries_diff_and_file,0.8,1.44,0.48,callee
tests/test_apply_gate.py,test_escalation_pass_writes_through_gate,0.87,1.44,0.48,callee
tests/test_dogfood_matrix_strict.py,_phase,0.81,1.44,0.48,caller
tests/test_driver_core/test_budget_audit.py,test_an_unmeasurable_call_is_charged_the_full_reservation,0.8,1.44,0.48,sibling
tests/test_driver_core/test_consensus.py,test_malformed_answer_is_excluded_from_the_denominator,0.79,1.44,0.5,sibling
tests/test_economics_ingest.py,_transport,0.78,1.44,0.46,caller
tests/test_escalation.py,saturated_chat,0.82,1.44,0.5,sibling
tests/test_hg_composed_ceiling.py,test_refuses_when_waist_cost_alone_exceeds_remaining,0.8,1.44,0.48,sibling
tests/test_hourglass_jev_integrations.py,test_intake_brief_invokes_context_intake_dimension,0.83,1.44,0.48,callee
tests/test_hul_jev_scope_gate.py,test_stalled_is_a_terminal_status,0.81,1.44,0.48,callee
tests/test_jev.py,__init__,0.82,1.44,0.48,sibling
tests/test_jev_answer_lifecycle.py,evaluate_answer,0.86,1.44,0.48,callee
tests/test_jev_core_hardening.py,test_overrun_is_booked_only_for_positive_cost,0.79,1.44,0.48,callee
tests/test_media_client.py,test_cli_dispatch_from_harness_cli_main,0.82,1.44,0.49,callee
tests/test_model_envelope.py,test_defaults_are_honest_empty,0.75,1.44,0.49,callee
tests/test_providers.py,name,0.64,1.44,0.47,sibling
tests/test_provision_wiring.py,test_probes_run_in_an_empty_private_directory_with_a_clean_env,0.79,1.44,0.49,sibling
tests/test_server.py,test_cached_expires_after_ttl,0.81,1.44,0.5,callee
harness/server.py,ensure_driver_daemon,0.85,1.44,0.47,caller
harness/agent.py,_hourglass_request_context,0.83,1.4300000000000002,0.44,callee
tests/test_jev_lane_parity.py,test_evaluate_triage_keyed_exception_releases_reservation,0.82,1.4300000000000002,0.49,callee
tests/test_plat_cmd_runnable.py,test_detect_version_fallback,0.83,1.4300000000000002,0.47,callee
harness/jev_packs.py,_noul,0.81,1.4300000000000002,0.47000000000000003,sibling
tests/test_audit_env_isolation.py,test_r_suite_runner_passes_the_scrubbed_env_to_the_child,0.76,1.4300000000000002,0.47,sibling
tests/test_cli.py,test_driver_early_intercept_dispatches_to_perception_client,0.8,1.4300000000000002,0.48,callee
tests/test_hourglass_end_to_end.py,test_cli_plan_stage_and_budget_envelope_parity,0.84,1.4300000000000002,0.46,callee
tests/test_mcp_driver.py,test_mcp_driver_verify,0.82,1.4300000000000002,0.46,callee
tests/test_morph.py,test_morph_verify_only_capability_deferral_does_not_write_partial,0.81,1.4300000000000002,0.48,sibling
tests/test_site_cli_faces.py,test_demo_snapshot_degrades_on_read_error,0.84,1.4300000000000002,0.47000000000000003,callee
harness/capability.py,ordered_pool,0.79,1.43,0.45999999999999996,callee
tests/test_driver_core/test_budget_audit.py,test_racing_workers_cannot_collectively_overspend,0.81,1.43,0.49,callee
tests/test_economics_ingest.py,test_parses_long_context_override_step,0.81,1.43,0.48,callee
tests/__init__.py,_report_violations_at_exit,0.84,1.43,0.47,caller
driver_core/audit.py,verify,0.82,1.43,0.45999999999999996,callee
harness/provision.py,_recipe_npm_prefix,0.86,1.43,0.45999999999999996,callee
harness/saturation.py,is_saturated,0.72,1.43,0.49,caller
scripts/validate_handoff_scope.py,_block_fields,0.84,1.43,0.45999999999999996,caller
tests/test_agent_run_limits.py,test_an_exhausted_budget_stops_before_another_model_call,0.83,1.43,0.48,callee
tests/test_demotion_auth.py,_server,0.85,1.43,0.45,callee
tests/test_driver_core/test_declarations.py,test_a_declined_source_produces_a_named_capture_not_a_crash,0.82,1.43,0.48,callee
tests/test_driver_core/test_vision.py,__init__,0.83,1.43,0.47,sibling
tests/test_jev_core_hardening.py,test_hits_are_defensive_copies,0.81,1.43,0.48,callee
tests/test_osal.py,test_a_hung_child_is_killed_and_its_pipe_closed,0.76,1.43,0.49,sibling
tests/test_safety_burndown.py,test_tampered_hash_is_quarantined,0.82,1.4200000000000002,0.49,callee
harness/web.py,_parse_bing_results,0.86,1.42,0.45999999999999996,callee
harness/web.py,_parse_ddg_lite_results,0.85,1.42,0.45999999999999996,callee
tests/test_hourglass_execution_budget.py,post,0.83,1.42,0.46,callee
tests/test_agent_run_limits.py,test_edits_are_not_research_questions,0.63,1.42,0.45999999999999996,callee
tests/test_capability.py,test_model_reliability_single_owner_uses_observed_json_for_structured,0.83,1.42,0.48000000000000004,callee
tests/test_events.py,test_sink_cap_enforced,0.8,1.42,0.47,callee
tests/test_hg_composed_ceiling.py,test_cli_plan_composed_ceiling_honors_task_max_cost,0.8,1.42,0.47,sibling
tests/test_jev_escalation_driver.py,__init__,0.8,1.42,0.46,sibling
tests/test_jev_vision_assessment.py,__exit__,0.8,1.42,0.45999999999999996,sibling
tests/test_local_fit_extract.py,test_feature_order_matches_schema,0.54,1.42,0.45999999999999996,none
tests/test_local_fit_guard.py,test_all_healthy_with_real_spread_is_NOT_degenerate,0.7,1.42,0.44999999999999996,callee
tests/test_orchestrator.py,test_incomplete_verdict_carries_remaining_scope,0.82,1.42,0.48,callee
tests/test_waist_response_shapes.py,test_an_unbalanced_brace_in_a_reasoning_trace_is_skipped,0.81,1.42,0.47,callee
tests/test_site_fold_parity.py,_eval,0.84,1.42,0.45999999999999996,callee
driver_core/policy.py,__init__,0.79,1.4100000000000001,0.45999999999999996,sibling
harness/mcp.py,_forget_start,0.84,1.4100000000000001,0.44,caller
harness/orchestrator.py,triage_files_keyword,0.83,1.4100000000000001,0.44000000000000006,callee
tests/test_agent_run_limits.py,test_a_stopped_run_still_reports_a_response_field,0.8,1.4100000000000001,0.49,callee
tests/test_apply.py,test_run_level_continuation_param_reaches_payload,0.83,1.4100000000000001,0.48,sibling
tests/test_hg_extra_coverage.py,test_cli_plan_compose_resolves_hourglass_decompose,0.83,1.4100000000000001,0.47,callee
tests/test_hg_final_gate.py,failing_runner,0.8,1.4100000000000001,0.46,sibling
tests/test_hg_final_gate.py,test_final_gate_opt_out_keeps_node_verdict,0.79,1.4100000000000001,0.48000000000000004,sibling
tests/test_jev_repo_envelope.py,setUp,0.81,1.4100000000000001,0.45999999999999996,callee
tests/test_mcp.py,test_tool_notification_has_no_response,0.78,1.4100000000000001,0.47000000000000003,callee
tests/test_mcp.py,test_progress_token_streams_typed_events_as_progress_frames,0.81,1.4100000000000001,0.45999999999999996,sibling
tests/test_repo_cards.py,test_ruff_and_project_slots_cite_toml_sections,0.74,1.4100000000000001,0.48,callee
tests/test_jev_log_envelope.py,_unkeyed_policy,0.83,1.4100000000000001,0.45999999999999996,callee
harness/repo_cards.py,discover_repos,0.75,1.41,0.47,caller
harness/server.py,_driver_adapter,0.81,1.41,0.44999999999999996,caller
driver_core/server.py,_wrapped,0.83,1.41,0.44,sibling
harness/site_aggregate.py,frontier_warrant_rate,0.79,1.41,0.45999999999999996,callee
tests/test_audit_dimensions.py,test_result_has_required_keys,0.74,1.41,0.46,callee
tests/test_driver_core/test_consent.py,test_the_default_driver_is_an_observer,0.78,1.41,0.45,callee
tests/test_escalation.py,fake_chat,0.84,1.41,0.47,sibling
tests/test_hg_cli_resume_coverage.py,test_resume_skips_completed_and_persists_state,0.81,1.41,0.47,callee
tests/test_jev_p4_ops_exit.py,test_disable_switch_absent_key_still_resolves_normally,0.83,1.41,0.45,callee
tests/test_local_fit_guard.py,_report,0.73,1.41,0.45999999999999996,caller
harness/server.py,run_chat_task,0.87,1.41,0.44999999999999996,callee
tests/test_jev_p4_ops_exit.py,__init__,0.82,1.4000000000000001,0.46,sibling
driver_core/ev.py,unavailable,0.8,1.4,0.44,callee
tests/dogfood_matrix_suite.py,run_category,0.78,1.4,0.43,callee
tests/test_jev_decision_gate.py,_decision_wire_response,0.8,1.4,0.45,sibling
tests/test_jev_util_coverage.py,test_calibration_handles_bad_numeric_and_mid_bucket,0.82,1.4,0.48,callee
tests/test_router_dynamic_rotation.py,test_an_unrecorded_model_has_no_health,0.82,1.4,0.44999999999999996,callee
driver_core/policy.py,__bool__,0.69,1.4,0.47,sibling
harness/mcp.py,_write_tool_response,0.82,1.4,0.44,callee
harness/server.py,uninstall_event_sink,0.84,1.4,0.44,callee
harness/token_budget.py,max_input_tokens,0.81,1.4,0.45,sibling
tests/test_driver_core/test_budget_audit.py,setUp,0.78,1.4,0.45,callee
tests/test_driver_core/test_budget_audit.py,test_an_unaltered_record_is_byte_stable,0.78,1.4,0.46,callee
tests/test_hourglass_stage_composition.py,test_the_arguments_hand_the_brief_only_when_context_is_selected,0.79,1.4,0.47000000000000003,callee
tests/test_trust.py,test_weakest_link_wins,0.75,1.4,0.45999999999999996,callee
harness/local_fit/dispatch.py,maybe_order_pool,0.76,1.3900000000000001,0.43,callee
harness/mcp_lanes.py,lane_for,0.8,1.3900000000000001,0.45,caller
harness/orchestrator.py,note_artifact,0.84,1.3900000000000001,0.43000000000000005,caller
driver_core/consensus.py,ratio,0.81,1.3900000000000001,0.45,sibling
harness/perception_client.py,_default_base,0.8,1.3900000000000001,0.43,sibling
tests/test_extra.py,test_panel_uses_up_to_max_panelists,0.83,1.3900000000000001,0.46,callee
tests/test_jev_lane_parity.py,test_consent_low_confidence_accept_defer_path_executes,0.85,1.3900000000000001,0.46,callee
tests/test_local_fit_features.py,test_hash_matches_legacy_extractor_hash,0.64,1.3900000000000001,0.45,callee
tests/test_planning_surface.py,test_cli_plan_lane_passes_its_run_ceiling_to_the_executor,0.79,1.3900000000000001,0.47000000000000003,callee
tests/test_plat_cmd_runnable.py,test_gates_are_argv_data_not_command_strings,0.79,1.3900000000000001,0.45,sibling
tests/test_rankings.py,_report_gov,0.8,1.3900000000000001,0.43,caller
tests/test_repo_cards.py,test_requires_python_without_a_name_still_names_the_package,0.78,1.3900000000000001,0.47000000000000003,callee
tests/test_repo_items.py,test_long_signature_truncation_is_visible,0.74,1.3900000000000001,0.47,callee
tests/test_server.py,fake_panel_judge,0.84,1.3900000000000001,0.45,sibling
tests/test_site_aggregate.py,test_trace_carries_directed_provenance_not_context,0.82,1.3900000000000001,0.47000000000000003,callee
tests/test_waist.py,tearDown,0.84,1.3900000000000001,0.43,callee
driver_core/jev_client.py,decide,0.81,1.3900000000000001,0.43,callee
harness/mcp.py,_refuse,0.83,1.3900000000000001,0.43000000000000005,caller
harness/jev_packs.py,clamp,0.76,1.3900000000000001,0.46,caller
harness/local_fit/config.py,load_scorer,0.82,1.39,0.43999999999999995,callee
driver_core/extractors.py,__init__,0.8,1.39,0.45999999999999996,sibling
harness/jev_policy.py,policy_for,0.84,1.39,0.45,callee
tests/test_jev_ledger_spend.py,test_jev_credit_counts_only_current_utc_month,0.79,1.39,0.47,callee
tests/test_orchestrator.py,test_picks_validated_against_real_listing,0.81,1.39,0.44999999999999996,callee
harness/escalation.py,_ledger,0.83,1.3800000000000001,0.44,sibling
harness/provision.py,resolve_or_ask,0.8,1.3800000000000001,0.42000000000000004,callee
tests/test_driver_core/test_consent.py,test_an_empty_param_set_is_a_real_param_set,0.78,1.3800000000000001,0.47000000000000003,callee
tests/test_hourglass_brief.py,test_ledger_fields_omit_the_pack_number_when_there_is_no_pack,0.75,1.3800000000000001,0.46,callee
tests/test_hourglass_end_to_end.py,test_mcp_plan_and_execute_stage_and_budget_parity,0.85,1.3800000000000001,0.46,callee
tests/test_hul_jev_scope_gate.py,__init__,0.83,1.3800000000000001,0.44,sibling
tests/test_hul_mission_record.py,test_interrupt_loses_no_receipts,0.84,1.3800000000000001,0.44,callee
tests/test_jev_calibration_analysis.py,test_empty_returns_none,0.75,1.3800000000000001,0.44,callee
tests/test_repo_items.py,test_bom_never_reaches_summary_or_breaks_heading_strip,0.8,1.38,0.44999999999999996,callee
tests/test_apply_instruction_override.py,test_no_instruction_kwarg_keeps_saved_scope,0.79,1.38,0.47000000000000003,callee
tests/test_cli.py,test_flag_true_reaches_compose_plan,0.77,1.38,0.45999999999999996,callee
tests/test_driver_core/test_service.py,test_health_reports_whether_writes_are_allowed,0.81,1.38,0.45,callee
tests/test_economics_cli.py,test_command_is_dispatchable,0.7,1.38,0.44999999999999996,sibling
tests/test_hourglass_brief.py,test_the_rendered_brief_names_the_scope_that_was_excluded,0.79,1.38,0.45,callee
tests/test_hourglass_jev_integrations.py,test_the_three_outcomes_never_alias,0.81,1.38,0.45,callee
tests/test_jev_claims_support.py,__init__,0.75,1.38,0.43999999999999995,sibling
tests/test_local_fit_model.py,test_flag_off_is_inert,0.75,1.38,0.45999999999999996,callee
tests/test_mcp.py,test_apply_tool_schema_allows_continuation_without_file,0.78,1.38,0.45,callee
tests/test_phase_b_execution.py,test_spend_status_returns_a_jev_credit_block_with_a_month,0.8,1.38,0.45,callee
harness/repo_items.py,_is_noise_line,0.73,1.37,0.43,caller
tests/test_escalation.py,test_word_boundary_not_backspace,0.65,1.37,0.44000000000000006,sibling
tests/test_jev_repo_judgment.py,repo_pack,0.8,1.37,0.47000000000000003,none
tests/test_mcp_driver.py,test_mcp_driver_health,0.82,1.37,0.44,sibling
examples/too_hard/crypto_verify.py,hash_message,0.8,1.37,0.44,caller
tests/test_dag.py,test_parse_decomposition_response_markdown,0.81,1.37,0.45999999999999996,callee
tests/test_dogfood_matrix_strict.py,_legacy_cat06,0.8,1.37,0.44000000000000006,caller
tests/test_driver_core/test_service.py,test_health_reports_the_version_the_wheel_was_built_from,0.69,1.37,0.46,none
tests/test_jev_claims_support.py,test_panel_judge_flag_defaults_off_so_lint_ownership_untouched,0.78,1.37,0.44,sibling
tests/test_jev_util_route.py,__init__,0.83,1.37,0.45999999999999996,sibling
tests/test_ledger.py,test_chain_builds_and_verifies,0.85,1.37,0.45,callee
tests/test_media_client.py,test_image_success_wait,0.82,1.37,0.44999999999999996,callee
tests/test_server.py,test_a_loose_token_file_from_an_older_build_is_tightened,0.84,1.37,0.45,callee
tests/test_server_driver.py,test_auto_approve_false_sends_no_consent,0.8,1.37,0.43999999999999995,callee
tests/test_validation.py,test_numbers_and_numeric_strings_survive,0.75,1.37,0.43,callee
tests/test_jev_bar_sentiment.py,__init__,0.81,1.3699999999999999,0.43,sibling
tests/test_plat_cmd_runnable.py,test_unc_path_survives,0.74,1.3699999999999999,0.43999999999999995,callee
tests/test_audit_dimensions.py,_evidence,0.79,1.36,0.41000000000000003,caller
harness/rankings.py,build_rankings_report,0.83,1.36,0.42000000000000004,callee
tests/test_audit_dimensions.py,test_checks_satisfied_in_output,0.7,1.36,0.44000000000000006,callee
tests/test_hourglass_consent_stale.py,test_instruction_amended,0.76,1.36,0.45,callee
tests/test_hourglass_jev_integrations.py,test_restart_vocabulary_is_the_three_declared_stages,0.74,1.36,0.45,callee
tests/test_web.py,test_default_search_endpoint_is_bing,0.78,1.36,0.43000000000000005,sibling
harness/ledger.py,repair,0.81,1.3599999999999999,0.41,caller
tests/dogfood_matrix_suite.py,score_driver_loop,0.76,1.3599999999999999,0.41,sibling
tests/test_driver_core/test_driver.py,_source_reader,0.81,1.3599999999999999,0.44,caller
tests/test_cli.py,_catalog,0.8,1.3599999999999999,0.42,callee
tests/test_events.py,tearDown,0.8,1.3599999999999999,0.41,sibling
tests/test_hourglass_consent_stale.py,test_file_path_changed,0.7,1.3599999999999999,0.44999999999999996,callee
tests/test_jev_util_route.py,post,0.85,1.3599999999999999,0.43,sibling
tests/test_plat_parity_jev_report.py,test_report_is_lf_only,0.73,1.3599999999999999,0.41,callee
tests/test_provision.py,test_system_plan_is_irreversible_per_package,0.8,1.3599999999999999,0.44,callee
harness/web.py,_http_get,0.82,1.3599999999999999,0.39999999999999997,sibling
tests/test_jev_vision_assessment.py,post,0.77,1.35,0.42,sibling
tests/test_mcp.py,test_non_object_cancellation_notification_is_ignored,0.81,1.35,0.44999999999999996,callee
tests/test_repo_items.py,test_frontmatter_and_heading_markers_are_clean,0.77,1.35,0.43000000000000005,callee
tests/test_repo_items.py,test_jsonl_first_record_keys_with_malformed_first_line,0.82,1.35,0.45999999999999996,callee
tests/test_router_dynamic_rotation.py,test_health_is_copied_out_not_shared,0.81,1.35,0.46,callee
tests/test_validation.py,test_absent_and_garbage_are_none,0.68,1.35,0.43,callee
harness/benchmark_ingest.py,_normalize_benchmark,0.81,1.35,0.4,callee
harness/dynamic_allocation.py,rank_models_dynamically,0.83,1.35,0.39,sibling
harness/site_aggregate.py,session_traces,0.81,1.35,0.4,callee
tests/test_agent.py,test_web_never_kills_the_chat_lane,0.83,1.35,0.43,sibling
tests/test_cli.py,test_verify_default_ceiling_when_flag_absent,0.78,1.35,0.43,sibling
tests/test_extra.py,test_discover_free_models_prefers_curated,0.78,1.35,0.46,callee
tests/test_jev_answer_lifecycle.py,test_reads_discovered_candidate_files,0.82,1.35,0.44,callee
tests/test_plan_http_batch.py,test_panes_registered,0.54,1.35,0.42000000000000004,none
tests/test_provision.py,mutating_plan,0.8,1.35,0.42,callee
tests/test_safety_burndown.py,test_refuses_existing_destination,0.77,1.35,0.43,callee
tests/test_server.py,test_spend_endpoint_omits_jev_when_report_has_none,0.82,1.35,0.43,callee
tests/test_waist_response_shapes.py,test_a_fenced_block_that_is_not_json_is_skipped_not_trusted,0.8,1.35,0.43,sibling
tests/test_web.py,test_extract_query_drops_stopwords_and_caps_words,0.75,1.35,0.42,callee
examples/oc_handoff/worker.py,_receipt,0.84,1.35,0.39999999999999997,callee
tests/test_planning_surface.py,test_node_apply_kwargs_malformed_route_degrades_never_fails_open,0.78,1.3499999999999999,0.44999999999999996,callee
tests/test_rankings.py,_gov,0.82,1.3499999999999999,0.43,callee
harness/__init__.py,_detect_version,0.76,1.34,0.41000000000000003,caller
harness/local_fit/dispatch.py,degenerate_reason,0.67,1.34,0.43,caller
harness/site_aggregate.py,_flag_anomalies,0.8,1.34,0.38,callee
harness/waist.py,_passes_to_read,0.75,1.34,0.42,callee
tests/test_provision.py,test_package_request_specs,0.73,1.34,0.44,callee
harness/local_fit/extract.py,extract,0.81,1.34,0.39,callee
tests/test_hardening.py,test_planted_destination_link_is_bypassed_not_followed,0.8,1.34,0.44,callee
tests/test_hourglass_recondense.py,test_a_fresh_brief_with_no_stage_evidence_needs_no_refresh,0.8,1.34,0.42000000000000004,callee
tests/test_jev_escalation_driver.py,_jev_evals,0.82,1.34,0.41000000000000003,callee
tests/test_ledger.py,test_reload_resumes_chain,0.84,1.34,0.42,callee
tests/test_osal.py,test_a_child_with_no_stdout_pipe_is_not_leaked,0.77,1.34,0.44000000000000006,sibling
tests/test_server.py,test_chat_post_and_history,0.84,1.34,0.41000000000000003,callee
harness/provision.py,_answer,0.81,1.3399999999999999,0.42,caller
harness/site_export.py,_model_tier,0.78,1.3399999999999999,0.42,callee
tests/test_convergence.py,test_extract_claim_verdicts_ignores_non_claim_json,0.78,1.3399999999999999,0.41,callee
tests/test_jev_issue_sort.py,__init__,0.82,1.3399999999999999,0.43,sibling
tests/test_jev_lane_parity.py,test_evaluate_triage_keyed_transport_error_falls_back,0.83,1.3399999999999999,0.44,sibling
tests/test_repo_items.py,test_gate_failure_degrades_to_none,0.82,1.3399999999999999,0.42,callee
tests/test_router_dynamic_rotation.py,test_a_blank_model_is_ignored,0.83,1.3399999999999999,0.43,callee
tests/test_hourglass_surface_parity.py,test_budget_from_settings_overrides,0.76,1.3399999999999999,0.43,callee
tests/test_routing_table.py,test_floor_model,0.76,1.3399999999999999,0.43,callee
harness/local_fit/model_loader.py,LocalScorer,0.82,1.33,0.4,callee
harness/repo_items.py,element_state,0.75,1.33,0.38,callee
tests/test_batch_burndown.py,test_unanimous_real_is_unanimous,0.73,1.33,0.43,callee
tests/test_byok.py,_byok_body,0.8,1.33,0.42000000000000004,caller
tests/test_claims.py,test_unresolved_identifier_is_warning_not_error,0.78,1.33,0.42000000000000004,callee
tests/test_cost_cli.py,test_cost_report_filtered_flags,0.74,1.33,0.42,callee
tests/test_escalation.py,test_ladder_finishes_through_gate_on_second_rung,0.81,1.33,0.45,callee
tests/test_hg_hybrid_isolate.py,test_declared_overlap_across_different_files_in_same_stage,0.68,1.33,0.45000000000000007,callee
tests/test_jev_util_route.py,post,0.86,1.33,0.43,sibling
tests/test_provision_wiring.py,test_the_posix_launch_path_starts_a_new_session,0.78,1.33,0.44999999999999996,none
tests/test_waist_response_shapes.py,test_a_fenced_block_without_a_language_tag,0.78,1.33,0.41000000000000003,sibling
driver_core/config.py,load_settings,0.82,1.33,0.38,sibling
tests/test_audit_dimensions.py,test_audit_dimensions_site_constant,0.62,1.32,0.42000000000000004,none
harness/dynamic_allocation.py,compute_dynamic_terminal_reserve,0.8,1.32,0.4,callee
tests/test_agent.py,_defer_agent,0.85,1.32,0.4,callee
tests/test_hardening.py,test_atomic_write_none_is_byte_exact,0.79,1.32,0.45,callee
tests/test_jev_calibration.py,test_joins_jev_confidence_with_verify_outcomes,0.81,1.32,0.43,sibling
tests/test_mcp.py,test_apply_tool_accepts_file_list_for_batch,0.8,1.32,0.42000000000000004,callee
tests/test_hardening.py,test_never_below_chars_over_4,0.66,1.3199999999999998,0.42,callee
tests/test_hourglass_surface_parity.py,test_cli_token_budget_flags_forwarding,0.81,1.3199999999999998,0.42,callee
tests/test_routing_table.py,test_strip_variant_suffix,0.59,1.3199999999999998,0.42,callee
driver_core/executor.py,execute,0.82,1.31,0.38,callee
harness/capability.py,load_profiles,0.76,1.31,0.38,caller
tests/test_batch_burndown.py,test_engine_rejects_unbalanced_quotes,0.79,1.31,0.43999999999999995,callee
tests/test_jev_chaos.py,runTest,0.72,1.31,0.43000000000000005,sibling
examples/too_hard/crypto_verify.py,__init__,0.8,1.31,0.39,sibling
harness/ledger.py,_load,0.8,1.31,0.38,callee
harness/local_fit/config.py,is_enabled,0.79,1.31,0.39999999999999997,callee
harness/osal.py,combined,0.79,1.31,0.41000000000000003,sibling
harness/repo_items.py,build_elements,0.82,1.31,0.37,callee
tests/test_chat_reasoning_memory.py,test_a_non_reasoning_failure_is_not_learned,0.8,1.31,0.42000000000000004,callee
tests/test_claims.py,test_reassurance_kind_is_marked_in_prompt,0.77,1.31,0.41000000000000003,callee
tests/test_driver_core/test_consent.py,test_a_blanket_grant_authorises_nothing_that_has_consequences,0.72,1.31,0.41000000000000003,sibling
tests/test_economics_discount.py,_offer,0.82,1.31,0.41000000000000003,sibling
tests/test_escalation.py,test_paid_key_defaults_escalation_on_with_saturation_ladder,0.79,1.31,0.42000000000000004,sibling
tests/test_gap_diff_authorization.py,append,0.84,1.31,0.4,sibling
tests/test_hourglass_consent_stale.py,test_identical_assignment_fresh,0.75,1.31,0.43000000000000005,callee
tests/test_mcp.py,test_no_progress_token_means_no_progress_frames,0.8,1.31,0.4,callee
tests/test_media_client.py,read,0.8,1.31,0.41,sibling
tests/test_orchestrator.py,test_jev_completion_threshold_requires_another_round,0.79,1.31,0.42000000000000004,callee
tests/test_perception_client.py,test_explicit_args_beat_environment,0.74,1.31,0.43000000000000005,callee
tests/test_planning_surface.py,test_plan_isolation_flags_parse,0.79,1.31,0.42000000000000004,callee
tests/test_provision.py,fake_which,0.81,1.31,0.38,caller
tests/test_router_dynamic_rotation.py,test_setting_a_pool_reads_back_as_set,0.71,1.31,0.44000000000000006,callee
tests/test_routing_table.py,test_chat_floor_and_provider_payload,0.8,1.31,0.41000000000000003,callee
tests/test_waist_response_shapes.py,test_prose_before_the_object,0.76,1.31,0.4,callee
harness/server.py,_api_models,0.81,1.31,0.37,callee
tests/test_repo_items.py,test_unparse_failure_keeps_an_empty_signature,0.81,1.3,0.41000000000000003,callee
audits/self/audit.py,sm_lint,0.76,1.3,0.41000000000000003,callee
driver_core/parsing.py,handle_data,0.81,1.3,0.36000000000000004,sibling
harness/site_aggregate.py,cohort_splits,0.8,1.3,0.37,caller
tests/test_apply_gate.py,test_round_entry_shape_is_stable,0.69,1.3,0.43,callee
tests/test_audit_dimensions.py,test_partial_evidence_marks_absent_dim_not_evaluated,0.8,1.3,0.41000000000000003,callee
tests/test_cli.py,fake_governor,0.77,1.3,0.39,sibling
tests/test_cli.py,test_the_early_intercepts_do_not_displace_each_other,0.79,1.3,0.43,callee
tests/test_driver_core/test_consent.py,test_consent_for_one_path_does_not_transfer_to_another,0.75,1.3,0.41000000000000003,sibling
tests/test_escalation.py,test_not_allowed_returns_none,0.8,1.3,0.42,callee
tests/test_jev_lane_parity.py,scripted_run,0.78,1.3,0.41000000000000003,sibling
tests/test_jev_log_judgment.py,test_unmatched_keyword_yields_none_bucket,0.83,1.3,0.42000000000000004,callee
tests/test_local_fit_wiring.py,_enable,0.8,1.3,0.39,callee
tests/dogfood_matrix_suite.py,current_spend,0.79,1.2999999999999998,0.39999999999999997,callee
tests/test_server_driver.py,test_api_driver_verify,0.82,1.2999999999999998,0.39999999999999997,callee
harness/apply_policy.py,_candidate_models,0.81,1.29,0.37,caller
harness/waist.py,brief_covered_paths,0.76,1.29,0.41000000000000003,callee
tests/test_hourglass_consent_handoff.py,evaluate_plan_requirements,0.8,1.29,0.39,caller
tests/test_jev_repo_envelope.py,repo_pack,0.8,1.29,0.41000000000000003,sibling
tests/test_ledger.py,test_calibration_ignores_unmatched_readiness,0.78,1.29,0.42,callee
tests/test_mcp_driver.py,test_mcp_driver_vocabulary,0.8,1.29,0.39,callee
tests/test_provision.py,test_missing_disk_figure_is_none,0.79,1.29,0.43000000000000005,callee
tests/test_agent.py,test_run_prompt_driver_intent,0.82,1.29,0.4,callee
tests/test_agent.py,test_conversation_assesses_completion_complete,0.81,1.29,0.4,callee
tests/test_agent_run_limits.py,test_the_default_budget_is_a_positive_ceiling,0.59,1.29,0.42,sibling
tests/test_attest.py,tearDown,0.8,1.29,0.4,callee
tests/test_burndown.py,test_defer_stats_endpoint,0.79,1.29,0.41,none
tests/test_driver_core/test_budget_audit.py,test_a_leaked_reservation_is_visible_rather_than_silent,0.79,1.29,0.42000000000000004,callee
tests/test_driver_core/test_tier_chain.py,test_a_dom_target_uses_the_dom_pool_not_the_vision_pool,0.73,1.29,0.42000000000000004,callee
tests/test_jev_answer_lifecycle.py,test_loop_reiterates_until_native_threshold,0.82,1.29,0.41000000000000003,callee
tests/test_jev_repo_envelope.py,setUp,0.76,1.29,0.41000000000000003,sibling
tests/test_mcp.py,test_help_flag_prints_usage_and_returns_exit_code,0.75,1.29,0.41000000000000003,callee
tests/test_min_confidence_gating.py,test_threshold_allows_confident_accept,0.8,1.29,0.39,sibling
tests/test_oc_handoff_worker.py,__init__,0.78,1.29,0.41000000000000003,callee
tests/test_perception_client.py,__exit__,0.73,1.29,0.39,sibling
tests/test_provision_wiring.py,test_posix_kill_takes_the_whole_process_group,0.77,1.29,0.41000000000000003,callee
harness/provision.py,resumable,0.76,1.28,0.41000000000000003,none
tests/test_jev_core_hardening.py,bodies,0.73,1.28,0.37,caller
tests/test_local_fit_features.py,test_safe_div,0.74,1.28,0.39,callee
audits/self/audit.py,sd_version_single_source,0.78,1.28,0.37,callee
driver_core/extractors.py,ok,0.73,1.28,0.39,sibling
harness/jev_completion.py,live_index,0.82,1.28,0.39,caller
harness/repo_cards.py,_agent_context_rows,0.73,1.28,0.38,none
harness/site_aggregate.py,run_depth_distribution,0.76,1.28,0.35000000000000003,callee
tests/test_dag.py,test_node_creation_and_defaults,0.7,1.28,0.4,callee
tests/test_demotion_auth.py,test_unanimous_has_no_minority,0.74,1.28,0.41000000000000003,callee
tests/test_hourglass_consent_stale.py,test_target_files_changed,0.68,1.28,0.4,callee
tests/test_jev_decision_gate.py,_unkeyed_settings,0.79,1.28,0.37,callee
tests/test_ledger.py,test_real_rotation_suffix_still_recognized,0.78,1.28,0.4,callee
tests/test_local_fit_features.py,test_public_dispatch_call_shape,0.77,1.28,0.39,sibling
tests/test_mcp.py,test_main_returns_early_on_help,0.77,1.28,0.4,callee
tests/test_panel.py,_uncapable,0.79,1.28,0.41000000000000003,caller
tests/test_perception_client.py,__exit__,0.72,1.28,0.38,sibling
tests/test_repo_items.py,test_audits_doc_kind_is_audit,0.66,1.28,0.39,callee
tests/test_server.py,_settings,0.81,1.28,0.4,caller
tests/test_site_aggregate.py,_pricing,0.69,1.28,0.39,caller
driver_core/extractors.py,_state_from_payload,0.76,1.27,0.37,callee
driver_core/ev.py,no_usage_response,0.81,1.27,0.38,caller
harness/provision.py,_scrubbed_env,0.76,1.27,0.37,caller
harness/rankings.py,_norm_row,0.79,1.27,0.35000000000000003,sibling
harness/render.py,_render_ledger_report,0.82,1.27,0.33,caller
tests/test_cli.py,fake_plan_compose,0.78,1.27,0.36,sibling
tests/test_driver_core/test_consent.py,test_a_wildcard_cannot_authorise_irreversible_even_when_params_match,0.73,1.27,0.4,callee
tests/test_driver_core/test_tier_chain.py,test_an_empty_document_yields_nothing_rather_than_inventing,0.76,1.27,0.39,callee
tests/test_driver_core/test_wiring.py,test_no_expansion_happens,0.77,1.27,0.41,callee
tests/test_hg_condense_decompose.py,append,0.84,1.27,0.39,sibling
tests/test_ledger.py,test_torn_trailing_line_quarantined_not_crash,0.84,1.27,0.39,callee
tests/test_local_fit_features.py,test_vector_length_from_dispatch_features,0.69,1.27,0.39,callee
tests/test_server.py,w,0.83,1.27,0.36,caller
tests/test_waist_response_shapes.py,test_trailing_text_after_the_object,0.72,1.27,0.38,callee
harness/agent.py,_refused_edit,0.8,1.26,0.36000000000000004,callee
harness/orchestrator.py,triage_files,0.79,1.26,0.34,callee
tests/test_driver_conformance.py,tearDownClass,0.81,1.26,0.34,sibling
tests/test_ledger.py,test_success_rate_and_model_result_samples,0.77,1.26,0.41000000000000003,callee
tests/test_mcp.py,test_non_scalar_cancellation_id_notification_is_ignored,0.79,1.26,0.39,callee
tests/test_osal.py,test_small_output_comes_back_as_bytes,0.79,1.26,0.4,callee
tests/test_perception_client.py,test_read_routes_hit_their_own_paths,0.78,1.26,0.39,callee
tests/test_repo_cards.py,test_npm_test_script_is_cited_at_its_key,0.78,1.26,0.42000000000000004,callee
driver_core/actions.py,requires_consent,0.72,1.26,0.35,sibling
driver_core/consensus.py,tally,0.73,1.26,0.36,caller
driver_core/driver.py,_pool_for,0.8,1.26,0.37,caller
harness/jev.py,is_passing,0.78,1.26,0.38,caller
harness/routing_table.py,floor_model,0.72,1.26,0.38,sibling
harness/web.py,extract_query,0.76,1.26,0.35,caller
tests/test_audit_dimensions.py,test_has_all_four_dim_keys,0.76,1.26,0.37,callee
tests/test_audit_dimensions.py,_full_evidence,0.77,1.26,0.36,caller
tests/test_cli.py,test_media_early_intercept_dispatches_to_media_client,0.76,1.26,0.4,callee
tests/test_driver_core/test_wiring.py,test_a_quoted_windows_path_still_works_exactly_as_before,0.75,1.26,0.41000000000000003,callee
tests/test_hg_cli_resume_coverage.py,_settings,0.8,1.26,0.35,sibling
tests/test_hg_hourglass_defaults.py,test_inactive_hourglass_defaults_decompose_off,0.69,1.26,0.38,callee
tests/test_jev_core_hardening.py,test_cache_is_bounded_lru_with_ttl,0.77,1.26,0.41,callee
tests/test_jev_decision_gate.py,test_calibration_fixtures_are_internally_coherent,0.65,1.26,0.38,sibling
tests/test_jev_vision_assessment.py,_answer,0.79,1.26,0.38,sibling
tests/test_ledger.py,test_lifecycle_owner,0.66,1.26,0.38,sibling
tests/test_model_envelope.py,test_dedupes_and_drops_empty_models,0.72,1.26,0.39,callee
tests/test_perception_client.py,test_unset_fields_are_absent_rather_than_null,0.74,1.26,0.39,callee
tests/test_perception_client.py,test_a_trailing_slash_is_not_doubled,0.73,1.26,0.42,callee
tests/test_sliding_scale.py,test_settings_frontier_model_wiring,0.79,1.26,0.38,callee
harness/spend.py,declared_ceiling,0.81,1.25,0.36000000000000004,callee
harness/spend.py,_dollar_amount,0.77,1.25,0.35,callee
tests/test_hg_final_gate.py,runner,0.77,1.25,0.39,sibling
tests/test_isolated_request_runner.py,test_explicit_arbitrary_model_is_forwarded,0.79,1.25,0.38,callee
harness/endpoint_pricing.py,rates_for,0.78,1.25,0.35000000000000003,caller
harness/results.py,terminal_exit_code,0.67,1.25,0.37,sibling
tests/test_cli_gates.py,test_command_is_registered,0.67,1.25,0.38,sibling
tests/test_driver_core/test_consent.py,test_the_audit_record_carries_the_resolved_parameters,0.8,1.25,0.39,callee
tests/test_hg_condense_decompose.py,sink,0.78,1.25,0.36000000000000004,caller
tests/test_jev_ledger_spend.py,test_jev_cost_normalizes_legacy_rate_entries,0.8,1.25,0.39999999999999997,callee
tests/test_local_fit_features.py,__init__,0.74,1.25,0.41000000000000003,sibling
tests/test_media_client.py,test_cli_provider_and_model_are_free_strings_not_choices,0.79,1.25,0.39,callee
tests/test_osal.py,test_display_path_keeps_the_root_separator,0.54,1.25,0.39999999999999997,callee
driver_core/transport.py,__init__,0.81,1.24,0.33,sibling
tests/test_jev_completion_nouls.py,post,0.84,1.24,0.37,sibling
tests/test_jev_repo_envelope.py,test_resume_state_tolerates_blank_lines_and_a_broken_tail,0.8,1.24,0.41,callee
tests/test_specialist.py,test_specialist_no_trim_without_known_windows,0.78,1.24,0.38,callee
audits/self/audit.py,sm_construction_owner,0.79,1.24,0.36,sibling
harness/pyramid_state.py,node_routes_for_pending,0.81,1.24,0.32,callee
tests/_fake.py,chat_payload,0.79,1.24,0.37,sibling
tests/test_apply_instruction_override.py,_make_continuation,0.8,1.24,0.36,caller
tests/test_driver_core/test_consensus.py,test_case_difference_is_not_a_disagreement,0.73,1.24,0.4,callee
tests/test_driver_core/test_consent.py,test_consent_for_one_action_does_not_transfer_to_another,0.7,1.24,0.4,callee
tests/test_hourglass_token_budget.py,test_estimation_markers_honestly_reflect_sources,0.76,1.24,0.39,callee
tests/test_jev_issue_sort.py,sample_pack,0.72,1.24,0.37,caller
tests/test_plat_cmd_runnable.py,test_drive_letter_path_survives_shlex,0.68,1.24,0.37,callee
tests/test_repo_cards.py,test_ci_workflows_are_listed_in_sorted_order,0.73,1.24,0.41000000000000003,callee
harness/media_client.py,wait,0.84,1.24,0.33,callee
harness/local_fit/extract.py,guess_task_type,0.77,1.23,0.35000000000000003,callee
tests/test_driver_core/test_consent.py,test_the_read_only_registry_still_exists_unchanged,0.73,1.23,0.36000000000000004,callee
tests/test_routing_table.py,__init__,0.78,1.23,0.37,sibling
harness/apply_policy.py,_capability_deferral,0.83,1.23,0.32999999999999996,callee
harness/site_export.py,_totals,0.82,1.23,0.36000000000000004,caller
tests/test_apply_instruction_override.py,test_empty_instruction_kwarg_keeps_saved_scope,0.77,1.23,0.38,callee
tests/test_cli.py,test_cmd_plan_reads_opts_flag_into_plan_compose,0.77,1.23,0.39,callee
tests/test_dag.py,test_empty_dag,0.7,1.23,0.38,callee
tests/test_dogfood.py,_argv,0.77,1.23,0.32999999999999996,sibling
tests/test_driver_core/test_driver.py,test_the_default_audit_path_is_namespaced,0.75,1.23,0.41000000000000003,sibling
tests/test_driver_core/test_tier_chain.py,test_entities_are_decoded,0.78,1.23,0.38,callee
tests/test_jev_decision_gate.py,test_calibration_set_has_at_least_twenty_labeled_cases,0.65,1.23,0.39,sibling
tests/test_jev_vision_assessment.py,getcode,0.77,1.23,0.37,sibling
tests/test_server.py,test_list_sessions_direct,0.79,1.23,0.38,callee
harness/site_aggregate.py,fold_rollup,0.65,1.2200000000000002,0.32,caller
tests/test_jev_ledger_spend.py,test_completion_state_text_variants,0.62,1.2200000000000002,0.38,callee
driver_core/observation.py,capture,0.8,1.22,0.33999999999999997,callee
harness/media_client.py,_load_endpoint,0.77,1.22,0.33,caller
audits/self/audit.py,sm_layering,0.79,1.22,0.35000000000000003,callee
driver_core/executor.py,__init__,0.85,1.22,0.34,sibling
harness/render.py,_render_bench,0.82,1.22,0.30000000000000004,caller
harness/repo_scope.py,discover_verification_gate,0.8,1.22,0.33,callee
tests/test_agent.py,test_no_web_flag_discloses_no_web_access,0.77,1.22,0.37,callee
tests/test_agent.py,_waist_seam,0.74,1.22,0.33999999999999997,caller
tests/test_apply_gate.py,test_unchanged_proposal_diffs_to_none,0.79,1.22,0.38,callee
tests/test_events.py,test_piped_mode_returns_false_without_rendering,0.72,1.22,0.4,sibling
tests/test_hg_hybrid_isolate.py,test_overlapping_nodes_serialize_shared_tree,0.73,1.22,0.37,callee
tests/test_jev.py,test_model_setting_and_endpoint,0.82,1.22,0.37,callee
tests/test_jev_answer_lifecycle.py,test_fallback_reason_is_visible_and_independent_judge_can_verify_fulfillment,0.81,1.22,0.4,sibling
tests/test_jev_context_pack.py,test_pack_preserves_existing_repo_context,0.74,1.22,0.36000000000000004,callee
tests/test_jev_p4_ops_exit.py,test_unkeyed_policy_marks_is_fallback_and_zero_cost,0.82,1.22,0.39,callee
tests/test_jev_repo_envelope.py,setUp,0.76,1.22,0.35,sibling
tests/test_ledger.py,test_various_non_rotation_suffixes_all_ignored,0.77,1.22,0.38,callee
tests/test_planning_surface.py,test_cli_refusal_from_planning_outcome_never_builds_executor,0.74,1.22,0.39,callee
harness/escalation.py,_annotate_escalation,0.79,1.21,0.31,callee
harness/site_aggregate.py,jev_leverage,0.75,1.21,0.32,callee
tests/test_jev_vision_assessment.py,post,0.84,1.21,0.34,callee
tests/test_server.py,test_list_sessions_unreadable_file_is_skipped,0.82,1.21,0.37,callee
tests/test_web.py,test_failed_enrichment_keeps_the_snippet,0.82,1.21,0.38,callee
driver_core/extractors.py,run,0.77,1.21,0.33,callee
driver_core/jev_client.py,guard_true,0.78,1.21,0.36,caller
harness/log_items.py,_selected,0.76,1.21,0.35,caller
harness/mission_record.py,validate_resume,0.67,1.21,0.32,caller
tests/test_architecture.py,test_no_unconditional_test_disables,0.65,1.21,0.36,callee
tests/test_jev_core_hardening.py,assert_named_reasons,0.74,1.21,0.34,caller
tests/test_planning_surface.py,fake_apply,0.82,1.21,0.36,sibling
tests/test_repo_items.py,test_python_docstring_summary_for_test_kind,0.7,1.21,0.38,callee
harness/server.py,_api_mission_detail,0.86,1.21,0.32,callee
harness/jev_completion.py,_git_bytes,0.82,1.2000000000000002,0.32,callee
driver_core/consensus.py,__repr__,0.66,1.2000000000000002,0.37,sibling
tests/test_driver_core/test_budget_audit.py,tearDown,0.8,1.2000000000000002,0.34,callee
tests/test_driver_core/test_wiring.py,test_no_escape_sequence_is_processed_anywhere,0.74,1.2000000000000002,0.38,callee
driver_core/ev.py,ok_response,0.8,1.2,0.31,callee
harness/capability.py,from_model,0.76,1.2,0.32,caller
harness/ledger.py,_rotate_if_needed,0.81,1.2,0.29000000000000004,callee
harness/results.py,_terminal_result,0.78,1.2,0.33,sibling
tests/test_agent.py,test_force_conversation_question_stays_conversational,0.78,1.2,0.37,callee
tests/test_driver_core/test_tier_chain.py,test_structured_content_is_preferred_over_text,0.75,1.2,0.36,callee
tests/test_hul_mission_record.py,tearDown,0.77,1.2,0.32999999999999996,callee
tests/test_jev_vision_assessment.py,__enter__,0.71,1.2,0.38,sibling
harness/config.py,load_byok_prefixes,0.79,1.19,0.30000000000000004,sibling
harness/config.py,resolve_api_key,0.8,1.19,0.33,callee
harness/ledger_analytics.py,rate,0.81,1.19,0.32999999999999996,caller
tests/test_hourglass_jev_integrations.py,choice,0.76,1.19,0.35,caller
tests/test_jev_repo_envelope.py,_discarding_policy_factory,0.73,1.19,0.32999999999999996,caller
driver_core/schema.py,required,0.65,1.19,0.33999999999999997,sibling
harness/jev_policy.py,noul_value,0.76,1.19,0.33999999999999997,caller
harness/provision.py,jev_facts,0.8,1.19,0.33,caller
tests/test_agent.py,test_planning_outcome_refusal_dispatches_nothing,0.81,1.19,0.36,callee
tests/test_agent.py,test_server_run_chat_task_passes_max_tokens_and_reasoning_effort,0.78,1.19,0.37,callee
tests/test_attest.py,_state,0.75,1.19,0.33999999999999997,callee
tests/test_consent_confidence.py,test_accept_records_confidence,0.82,1.19,0.33999999999999997,sibling
tests/test_hul_driver_findings_resume.py,setUp,0.79,1.19,0.35,callee
tests/test_server_driver.py,test_two_starts_get_two_tokens,0.81,1.19,0.33999999999999997,callee
tests/test_hardening.py,test_scales_monotonically,0.72,1.1800000000000002,0.32,callee
tests/test_jev_context_pack.py,test_pack_truncates_long_context,0.76,1.1800000000000002,0.36000000000000004,callee
tests/test_jev_util_route.py,_unkeyed,0.79,1.1800000000000002,0.32,sibling
harness/route_pack.py,route_combo,0.75,1.18,0.32,caller
harness/agent.py,_jev_answer_envelope,0.79,1.18,0.31,caller
harness/events.py,remove_sink,0.78,1.18,0.29000000000000004,sibling
harness/ledger.py,_ledger_paths,0.82,1.18,0.29000000000000004,callee
tests/test_jev_lane_parity.py,test_consent_nonfinite_confidence_is_stripped,0.82,1.18,0.35,callee
tests/test_oc_handoff_worker.py,__init__,0.74,1.18,0.33999999999999997,sibling
tests/test_perception_client.py,test_step_targets_the_declared_route,0.77,1.18,0.36,callee
tests/test_provision_hardening.py,test_kelvin_sign_is_not_folded_into_k,0.73,1.18,0.38,callee
tests/test_site_aggregate.py,_run,0.75,1.18,0.31999999999999995,sibling
harness/mcp.py,_cancel_check,0.8,1.1700000000000002,0.30000000000000004,callee
tests/test_hg_hybrid_isolate.py,test_overlap_free_nodes_go_to_isolated_arm,0.63,1.1700000000000002,0.35000000000000003,callee
harness/waist.py,single_pass_output_tokens,0.71,1.17,0.32999999999999996,caller
tests/test_repo_cards.py,test_unreadable_workflow_dir_yields_no_ci_rows,0.79,1.17,0.35,callee
driver_core/observation.py,cost_usd,0.63,1.17,0.35,sibling
harness/jev.py,__init__,0.81,1.17,0.31,callee
harness/server.py,run_public,0.83,1.17,0.33,caller
tests/test_driver_core/test_consensus.py,test_one_answers_two_silent_is_insufficient_not_unanimous,0.78,1.17,0.36,sibling
tests/test_mcp.py,test_version_flag_prints_version_and_returns_exit_code,0.77,1.17,0.35,callee
tests/test_route_pack.py,sample_pack,0.71,1.17,0.34,caller
tests/test_service_closeout.py,_settings,0.75,1.17,0.33999999999999997,caller
harness/server.py,_api_missions_list,0.81,1.17,0.31,callee
tests/test_chat_reasoning_memory.py,post,0.83,1.1600000000000001,0.33,sibling
tests/test_jev.py,post,0.83,1.1600000000000001,0.33,sibling
tests/test_jev_completion.py,test_open_pr_with_merge_pending_is_not_merge_evidence,0.76,1.1600000000000001,0.36,callee
driver_core/consensus.py,contested_fields,0.68,1.1600000000000001,0.33,sibling
harness/worktree.py,generated_by_verification,0.77,1.1600000000000001,0.31000000000000005,caller
tests/test_events.py,test_models_envelope_has_meta_and_catalog_rows,0.79,1.1600000000000001,0.34,callee
tests/test_jev_repo_judgment.py,record_actual,0.73,1.1600000000000001,0.37,caller
tests/test_planning_surface.py,test_cli_parser_plan_subcommand,0.78,1.1600000000000001,0.34,callee
tests/test_claims.py,_entries,0.68,1.16,0.35,caller
tests/test_provision.py,test_pip_found_only_as_python_module,0.73,1.16,0.33999999999999997,sibling
tests/test_driver_core/test_auth.py,status_for,0.8,1.16,0.31,caller
tests/test_jev_lane_parity.py,hermetic_settings,0.8,1.16,0.31,callee
harness/routing_table.py,next_tier,0.72,1.1500000000000001,0.30000000000000004,caller
harness/jev_packs.py,normalize_complexity_class,0.75,1.1500000000000001,0.30000000000000004,caller
tests/test_architecture.py,_intra_package_imports,0.75,1.1500000000000001,0.30000000000000004,caller
harness/media_client.py,run_cli,0.77,1.1500000000000001,0.29000000000000004,callee
harness/jev_packs.py,completion_question_pack,0.8,1.15,0.35000000000000003,caller
harness/jev_policy.py,_live_policies,0.75,1.15,0.32999999999999996,caller
harness/mission_record.py,generate_index_md,0.76,1.15,0.29000000000000004,caller
harness/render.py,_summarize,0.76,1.15,0.28,caller
tests/test_claims.py,test_defined_in_matches_rust_definitions_including_pub,0.69,1.15,0.35000000000000003,callee
tests/test_hg_cli_resume_coverage.py,test_final_gate_flag_reaches_executor,0.75,1.15,0.34,callee
tests/test_hourglass_stage_composition.py,_budget,0.75,1.15,0.31,callee
tests/test_perception_client.py,test_schemas_prints_the_declared_schemas,0.81,1.15,0.32999999999999996,callee
tests/test_planning_surface.py,fake_apply,0.82,1.15,0.33999999999999997,callee
tests/test_server.py,setUp,0.77,1.15,0.32999999999999996,sibling
audits/self/audit.py,sd_coverage_changed,0.72,1.1400000000000001,0.29000000000000004,callee
harness/local_fit/schema.py,scaler_stats,0.76,1.1400000000000001,0.35,none
harness/provision.py,to_dict,0.79,1.1400000000000001,0.30000000000000004,caller
driver_core/ev.py,called,0.74,1.1400000000000001,0.32,sibling
harness/provision.py,pip_spec,0.75,1.1400000000000001,0.30000000000000004,caller
harness/route_pack.py,normalize_tier,0.71,1.1400000000000001,0.29000000000000004,caller
tests/test_apply.py,test_lifecycle_owner,0.55,1.1400000000000001,0.33,sibling
tests/test_repo_cards.py,test_pipes_are_escaped_so_a_cell_cannot_break_the_table,0.72,1.1400000000000001,0.34,callee
harness/media_client.py,_generate,0.84,1.1400000000000001,0.29000000000000004,callee
harness/local_fit/features.py,append_num,0.73,1.14,0.28,caller
tests/test_hg_plan_consensus.py,test_parse_unsound,0.74,1.1300000000000001,0.33,callee
tests/test_phase_b_execution.py,test_task_max_cost_is_forwarded_to_the_service,0.8,1.1300000000000001,0.34,callee
tests/test_site_server.py,_unkeyed_settings,0.8,1.1300000000000001,0.31000000000000005,callee
harness/ledger.py,_rebase_under_lock,0.81,1.13,0.26,caller
harness/repo_summary.py,_budget_refusal,0.79,1.13,0.31999999999999995,caller
harness/results.py,_defer_result,0.83,1.13,0.27,callee
tests/test_agent.py,test_resolve_lane_max_tokens_bounded_by_governor_dollar_budget,0.74,1.13,0.33,callee
tests/test_web.py,test_find_urls_finds_and_stops_at_paren,0.7,1.13,0.33999999999999997,callee
audits/self/release.py,capture,0.81,1.12,0.29000000000000004,sibling
tests/test_jev_escalation_lifecycle.py,_prompt_of,0.81,1.12,0.29000000000000004,callee
tests/test_jev_log_judgment.py,_keyed_transport,0.8,1.12,0.3,callee
tests/test_osal.py,test_display_path_is_separator_neutral,0.66,1.12,0.33,callee
tests/test_perception_client.py,test_consent_params_are_never_defaulted,0.78,1.12,0.37,callee
harness/bench.py,run_bench,0.77,1.1199999999999999,0.26,callee
harness/executor.py,summarize,0.75,1.1199999999999999,0.27,caller
harness/jev_packs.py,heuristic_file_relevance,0.75,1.1199999999999999,0.26,caller
harness/media_client.py,jobs,0.85,1.1199999999999999,0.27,callee
driver_core/executor.py,_invoke,0.78,1.11,0.24000000000000002,caller
harness/events.py,add_sink,0.79,1.11,0.28,sibling
harness/jev_packs.py,named_artifact_status,0.73,1.11,0.27,caller
harness/local_fit/extract.py,_structured_required_for_run,0.74,1.11,0.27,caller
harness/orchestrator.py,assess_completion,0.82,1.11,0.28,callee
harness/server.py,_rankings_reports,0.78,1.11,0.28,caller
driver_core/server.py,_consent_for,0.81,1.11,0.27,callee
harness/jev_policy.py,attach,0.81,1.11,0.29000000000000004,sibling
tests/test_agent.py,test_force_conversation_bypasses_classifier,0.8,1.11,0.32,callee
tests/test_ledger.py,test_caller_tagged_when_configured_untagged_by_default,0.8,1.11,0.32,callee
tests/test_morph.py,test_morph_verify_only_is_read_only,0.76,1.11,0.34,sibling
tests/test_osal.py,test_permissive_keyfile_is_flagged,0.66,1.11,0.33,none
tests/test_server.py,setUp,0.71,1.11,0.31000000000000005,sibling
harness/ui.py,_open_window,0.77,1.11,0.28,caller
driver_core/transport.py,ok,0.7,1.1099999999999999,0.32,sibling
harness/ledger.py,_valid_prefix_len,0.79,1.1099999999999999,0.26,callee
tests/test_jev_repo_judgment.py,test_axis_confidence_coerces_non_numbers_to_none,0.79,1.1099999999999999,0.35,callee
tests/test_osal.py,test_python_exe_is_this_interpreter,0.62,1.1099999999999999,0.3,callee
tests/test_repo_cards.py,test_row_appears_with_its_origin_in_the_table,0.63,1.1099999999999999,0.32,callee
harness/config.py,_warn_insecure_keyfile,0.74,1.1,0.27,callee
harness/jev_policy.py,_issue_sort_empty_combo,0.8,1.1,0.27,caller
harness/site_aggregate.py,_price_blend,0.73,1.1,0.27,caller
harness/waist.py,_verdict_cost,0.76,1.1,0.28,caller
tests/test_dogfood.py,_phases,0.7,1.1,0.26,sibling
tests/test_jev_log_envelope.py,log_pack,0.73,1.1,0.36,caller
driver_core/jev_client.py,usable,0.76,1.1,0.27,sibling
harness/osal.py,keyfile_is_insecure,0.73,1.1,0.30000000000000004,callee
harness/provision.py,manager,0.76,1.1,0.27,sibling
tests/test_agent.py,test_conversation_multi_turn_history,0.8,1.1,0.32,callee
tests/test_driver_core/test_jev_client.py,_answers,0.69,1.1,0.29000000000000004,sibling
tests/test_mcp.py,test_null_request_id_is_still_an_identified_request,0.79,1.1,0.31,sibling
tests/test_mcp_driver.py,test_driver_tools_are_declared_with_a_required_target,0.57,1.1,0.32,sibling
tests/test_orchestrator.py,test_complete_verdict_parsed,0.8,1.1,0.33,callee
tests/test_repo_items.py,_write,0.81,1.1,0.26,caller
audits/self/audit.py,sd_corpus_integrity,0.73,1.1,0.28,callee
harness/pyramid_state.py,completed_node_ids,0.69,1.0999999999999999,0.26,caller
harness/router.py,de_escalate_to_rung,0.82,1.09,0.27,caller
harness/waist.py,stage_states,0.65,1.09,0.27,caller
tests/test_repo_items.py,test_broken_syntax_falls_back_to_first_line,0.81,1.09,0.33,callee
harness/panel.py,_judge_fallback_candidates,0.79,1.09,0.28,sibling
harness/repo_items.py,symbol_state,0.72,1.09,0.24000000000000002,callee
tests/test_cli.py,fake_governor,0.71,1.09,0.27,sibling
tests/test_jev_core_hardening.py,test_digest_survives_objects_that_cannot_describe_themselves,0.79,1.09,0.34,callee
tests/test_agent.py,test_auto_escalation_armed_requires_gate_and_key,0.76,1.0899999999999999,0.33,callee
harness/dynamic_allocation.py,compute_adaptive_waist_rounds,0.68,1.08,0.25,caller
harness/jev_packs.py,escalation_decision_pack,0.8,1.08,0.26,caller
harness/jev_policy.py,keyed,0.74,1.08,0.31,caller
harness/local_fit/extract.py,_source_window_attached,0.73,1.08,0.25,callee
harness/worktree.py,discard,0.77,1.08,0.24000000000000002,callee
tests/test_jev_log_pack.py,test_unselected_header_closes_continuation,0.72,1.08,0.34,callee
driver_core/transport.py,to_dict,0.72,1.08,0.27,sibling
harness/provision.py,defer_step,0.8,1.08,0.25,callee
harness/render.py,_render_apply,0.79,1.08,0.23,caller
scripts/validate_handoff_scope.py,is_handoff_path,0.61,1.08,0.28,caller
tests/test_consent_confidence.py,test_low_confidence_accept_defers_before_dispatch,0.81,1.08,0.3,sibling
tests/test_dogfood.py,_argv,0.74,1.08,0.26,sibling
tests/test_driver_core/test_service.py,test_health_reports_that_version_over_the_wire,0.78,1.08,0.3,none
tests/test_jev_answer_lifecycle.py,fake_apply_edit,0.81,1.08,0.31,sibling
tests/test_waist_response_shapes.py,test_a_brace_inside_a_json_string_does_not_end_the_span,0.72,1.08,0.33,callee
harness/agent.py,_ask_stage_dimension,0.69,1.0799999999999998,0.25,callee
harness/local_fit/features.py,_observed_from_calibration,0.76,1.07,0.25,caller
scripts/validate_handoff_scope.py,_raises,0.72,1.07,0.28,callee
tests/test_repo_items.py,test_dunder_methods_are_skipped_but_init_is_kept,0.67,1.07,0.31,callee
harness/provision.py,to_dict,0.8,1.07,0.25,callee
harness/pyramid_state.py,dag_for_pending,0.78,1.07,0.23,sibling
tests/test_driver_core/test_wiring.py,test_an_explicit_screen_source_joins_the_one_list,0.71,1.07,0.31,callee
tests/test_jev_lane_parity.py,test_apply_engine_propagates_min_confidence_to_request,0.79,1.07,0.32,callee
tests/test_mcp.py,apply_request_43,0.81,1.07,0.3,caller
harness/spend.py,discover_free_models,0.81,1.07,0.26,callee
harness/jev_packs.py,_decision_disposition,0.74,1.0699999999999998,0.24,callee
harness/ledger.py,_rotated_paths,0.67,1.06,0.23,caller
tests/test_web.py,test_find_urls_empty,0.69,1.06,0.29,callee
harness/condenser.py,to_prompt_context,0.73,1.06,0.26,caller
harness/mcp.py,_progress_sink,0.81,1.06,0.22,sibling
harness/repo_items.py,import_centrality,0.72,1.06,0.22,caller
tests/_fake.py,m,0.78,1.06,0.3,caller
tests/test_claims.py,_e,0.69,1.06,0.28,caller
tests/test_cli.py,test_presentation_importable_from_owner_and_cli,0.73,1.06,0.31,none
tests/test_osal_boundary.py,test_documented_helpers_exist,0.59,1.06,0.26,sibling
harness/media_client.py,job,0.85,1.06,0.26,callee
harness/local_fit/features.py,_task_type_for,0.75,1.05,0.28,caller
harness/provision.py,npm_spec,0.74,1.05,0.26,caller
harness/token_budget.py,worst_case,0.67,1.05,0.29000000000000004,sibling
tests/test_jev_log_envelope.py,test_prompt_never_claims_the_draft_is_approved,0.69,1.05,0.27999999999999997,sibling
tests/test_worktree.py,_two_node_dag,0.74,1.05,0.28,callee
harness/events.py,emit,0.76,1.04,0.24000000000000002,sibling
harness/jev_packs.py,decision_question_pack,0.79,1.04,0.26,callee
harness/prompts.py,_extract_file_content,0.73,1.04,0.27,caller
harness/repo_cards.py,_toml_value,0.73,1.04,0.24000000000000002,callee
tests/test_economics_ingest.py,_endpoint_body,0.75,1.04,0.25,sibling
harness/jev_packs.py,answer_question_pack,0.77,1.04,0.30000000000000004,callee
harness/jev_policy.py,_fallback_reason_of,0.75,1.04,0.26,caller
harness/mcp.py,_sanitize_caller_part,0.75,1.04,0.23,caller
harness/render.py,_render_models,0.78,1.04,0.2,caller
harness/repo_scope.py,discover_target_files,0.79,1.04,0.22,caller
tests/test_cli.py,fake_governor,0.71,1.04,0.25,sibling
tests/test_driver_core/test_service.py,test_health_exits_zero,0.76,1.04,0.27999999999999997,callee
tests/test_driver_core/test_service.py,test_json_output_is_parseable,0.77,1.04,0.27,callee
tests/test_min_confidence_gating.py,test_threshold_is_configured_and_strict,0.78,1.04,0.29,sibling
tests/test_osal.py,test_normalize_roots_drops_nothing_and_normalizes,0.68,1.04,0.3,callee
tests/test_server.py,_engine_patches,0.74,1.04,0.22999999999999998,callee
bench/tasks/reverse/reverse.py,reverse_str,0.65,1.03,0.35,none
harness/escalation.py,escalation_evidence_fields,0.78,1.03,0.23,sibling
harness/jev_packs.py,normalize_route,0.71,1.03,0.24000000000000002,caller
harness/repo_cards.py,_lint_rows,0.75,1.03,0.24000000000000002,callee
harness/trust.py,author_trust,0.74,1.03,0.25,caller
harness/waist.py,_call_worst_case,0.7,1.03,0.24000000000000002,callee
harness/repo_cards.py,_toml_has_section,0.7,1.03,0.26,callee
tests/test_driver_core/test_wiring.py,test_an_unquoted_space_splits_and_is_not_refused,0.72,1.03,0.29000000000000004,callee
tests/test_hul_budget_reserve.py,test_no_second_governor_class,0.55,1.03,0.27,sibling
tests/test_local_fit_extract.py,test_label_order_severity,0.45,1.03,0.29,none
tests/test_provision.py,__init__,0.78,1.03,0.25,sibling
tests/test_server.py,__init__,0.77,1.03,0.27,sibling
tests/test_server.py,__init__,0.75,1.03,0.28,sibling
harness/dynamic_allocation.py,compute_adaptive_window_lines,0.73,1.02,0.21000000000000002,sibling
tests/test_agent.py,_mock_resp,0.73,1.02,0.26,none
tests/test_phase_b_dogfood_defects.py,test_the_mapping_shape_is_handled_without_throwing,0.58,1.02,0.31,sibling
audits/self/audit.py,post,0.73,1.02,0.29000000000000004,sibling
driver_core/osal.py,disable_input_backend,0.8,1.02,0.22,caller
harness/provision.py,_is_bare_name,0.74,1.02,0.23,caller
tests/test_audit_d12_coverage.py,_git,0.81,1.02,0.24,callee
harness/local_fit/extract.py,_reasoning_effort_for_run,0.68,1.01,0.22,caller
harness/server.py,events_after,0.77,1.01,0.19,caller
harness/waist.py,read_window,0.57,1.01,0.21000000000000002,caller
tests/test_hourglass_stage_composition.py,test_an_unreadable_candidate_is_excluded_not_fatal,0.78,1.01,0.29,callee
driver_core/driver.py,__init__,0.79,1.01,0.23,sibling
driver_core/server.py,serve,0.82,1.01,0.23,caller
harness/agent.py,_declared_walk_back,0.72,1.01,0.27,callee
harness/jev_policy.py,_issue_sort_combo,0.75,1.01,0.22,callee
harness/web.py,_page_title,0.77,1.01,0.2,callee
tests/_fake.py,chat_posts,0.7,1.01,0.24,sibling
tests/test_hg_extra_coverage.py,test_hourglass_settings_decompose_explicit_off,0.73,1.01,0.27999999999999997,callee
tests/test_providers.py,__init__,0.74,1.01,0.25,sibling
tests/test_server_driver.py,test_api_driver_vocabulary,0.78,1.01,0.25,callee
scripts/validate_handoff_scope.py,norm,0.75,1.0,0.22,caller
harness/jev_packs.py,claims_from_payload,0.72,1.0,0.19,caller
harness/jev_packs.py,compose_decision_verdict,0.65,1.0,0.22999999999999998,callee
harness/jev_policy.py,flush_all_fallbacks,0.74,1.0,0.2,callee
harness/repo_items.py,_module_import_roots,0.65,1.0,0.21000000000000002,caller
driver_core/extractors.py,for_target,0.73,1.0,0.23,callee
harness/chat.py,_effort_to_send,0.71,1.0,0.25,callee
harness/render.py,_render_verify,0.76,1.0,0.19,caller
harness/waist.py,_unrepresented,0.71,1.0,0.25,caller
tests/test_economics_discount.py,_charge_for,0.75,1.0,0.24,sibling
tests/test_server.py,test_run_events_stream_is_task_scoped,0.81,1.0,0.25,callee
tests/test_server.py,_direct,0.76,1.0,0.21,sibling
tests/test_server_driver.py,test_api_driver_schemas,0.79,1.0,0.24,callee
tests/test_site_cli_faces.py,_policy_with_evaluator,0.72,1.0,0.22,sibling
harness/brief.py,freshness_report,0.72,0.99,0.22,callee
harness/jev_packs.py,normalize_restart_target,0.68,0.99,0.22,caller
harness/local_fit/extract.py,_looks_like_code_window,0.73,0.99,0.2,caller
tests/test_providers.py,is_available,0.62,0.99,0.26,caller
driver_core/osal.py,run,0.64,0.99,0.22,callee
harness/jev_policy.py,_structural,0.79,0.99,0.23,caller
harness/waist.py,_refuse_composed_ceiling,0.78,0.99,0.22999999999999998,caller
tests/test_cli.py,test_handler_seams_stay_importable_from_cli,0.65,0.99,0.27,sibling
tests/test_jev_repo_envelope.py,_single_row_policy,0.69,0.99,0.22999999999999998,caller
tests/test_waist.py,test_normal_instruction_is_unchanged,0.71,0.99,0.28,callee
harness/condenser.py,extract_python_signatures,0.77,0.9800000000000001,0.21000000000000002,callee
harness/router.py,advance_escalation_rung,0.79,0.9800000000000001,0.21000000000000002,caller
harness/local_fit/train.py,compute_stats,0.71,0.98,0.19,sibling
harness/site_aggregate.py,run_trace,0.7,0.98,0.22,caller
tests/test_economics_ingest.py,_offer,0.74,0.98,0.24,sibling
tests/test_events.py,test_render_never_mutates_the_result,0.6,0.98,0.26,callee
tests/test_trust.py,_entry,0.66,0.98,0.23,sibling
harness/site_export.py,_run_lane,0.72,0.9700000000000001,0.21000000000000002,caller
harness/jev_packs.py,missing_named_artifacts,0.79,0.9700000000000001,0.21000000000000002,caller
harness/agent.py,_resolve_lane_max_tokens,0.74,0.97,0.18000000000000002,callee
harness/apply_policy.py,_note_model_health,0.81,0.97,0.18000000000000002,caller
harness/provision.py,_parse_rocm,0.78,0.97,0.19,caller
harness/condenser.py,condense_error_log,0.62,0.97,0.18000000000000002,caller
harness/jev_packs.py,route_question_pack,0.76,0.97,0.24,callee
harness/trust.py,combined_trust,0.75,0.97,0.22,caller
harness/jev.py,_cache_hit,0.75,0.9600000000000001,0.21000000000000002,caller
harness/provision.py,usable_managers,0.7,0.9600000000000001,0.21000000000000002,caller
harness/router.py,reset_escalation,0.77,0.9600000000000001,0.2,caller
tests/__init__.py,_is_loopback_host,0.71,0.96,0.22,caller
harness/jev_policy.py,_scope_noul,0.74,0.96,0.19,caller
harness/jev_policy.py,_completion_judgment,0.74,0.96,0.22999999999999998,caller
tests/test_events.py,_collect,0.74,0.96,0.24000000000000002,caller
driver_core/observation.py,declared,0.65,0.96,0.21,sibling
harness/capability.py,observed_json_reliability,0.75,0.96,0.19,caller
harness/jev_policy.py,_no_key_reason,0.75,0.96,0.22,none
harness/server.py,_flag,0.81,0.96,0.22,caller
tests/test_agent.py,test_hourglass_answer_once_explicit_max_tokens_respected,0.76,0.96,0.28,callee
tests/test_perception_client.py,test_the_adapter_reads_only_driver_namespaced_environment,0.59,0.96,0.28,none
tests/test_server.py,test_cost_report_shape,0.76,0.96,0.26,callee
tests/test_site_aggregate.py,_run,0.64,0.96,0.23,caller
harness/perception_client.py,_load_endpoint,0.78,0.9500000000000001,0.2,caller
harness/provision.py,completed_ids,0.69,0.9500000000000001,0.2,caller
tests/test_driver_core/test_jev_client.py,test_unusable_envelope_exposes_no_confidence,0.7,0.9500000000000001,0.25,callee
tests/test_rankings_cli.py,_subparser,0.73,0.9500000000000001,0.19,callee
tests/test_planning_surface.py,_canned_plan,0.66,0.95,0.19999999999999998,sibling
tests/test_server.py,_rm,0.76,0.95,0.22,callee
harness/endpoint_pricing.py,__repr__,0.54,0.95,0.24,sibling
tests/test_cli.py,fake_governor,0.69,0.95,0.22,sibling
harness/jev_policy.py,aggregate_structural,0.74,0.9400000000000001,0.19,caller
harness/trust.py,_counts,0.71,0.9400000000000001,0.2,caller
harness/jev.py,_path_matches,0.7,0.9400000000000001,0.21000000000000002,caller
harness/render.py,_render_capabilities,0.77,0.9400000000000001,0.15000000000000002,caller
tests/test_driver_core/test_wiring.py,test_single_quotes_group_too,0.75,0.9400000000000001,0.22,callee
tests/test_driver_core/test_wiring.py,test_an_empty_quoted_argument_is_preserved,0.73,0.9400000000000001,0.25,callee
harness/mcp.py,_is_expired,0.7,0.94,0.17,caller
harness/repo_cards.py,_test_rows,0.7,0.94,0.21,callee
harness/chat.py,assess_output,0.7,0.94,0.24,caller
harness/filesafety.py,backup_file,0.59,0.94,0.18000000000000002,caller
harness/prompts.py,_parse_ready,0.66,0.94,0.22,caller
tests/test_jev_lane_parity.py,test_apply_request_default_min_confidence,0.7,0.94,0.26,callee
tests/test_service_closeout.py,test_cli_verify_delegates_to_service,0.79,0.94,0.25,callee
harness/repo_cards.py,_build_rows,0.72,0.93,0.2,callee
harness/repo_items.py,_symbol_records,0.67,0.93,0.15000000000000002,callee
tests/test_server.py,_rm_hdir,0.79,0.93,0.18000000000000002,sibling
harness/endpoint_pricing.py,has_discount,0.67,0.93,0.22,sibling
tests/test_cli.py,_settings,0.66,0.93,0.23,caller
tests/test_site_cli_faces.py,_result,0.69,0.93,0.2,callee
harness/jev_policy.py,usage_source,0.74,0.9299999999999999,0.22999999999999998,caller
tests/test_cli.py,fake_governor,0.69,0.9299999999999999,0.19999999999999998,sibling
tests/test_hourglass_stage_composition.py,test_intake_brief_measures_and_lints_a_real_file,0.76,0.9299999999999999,0.24,callee
tests/test_rankings.py,_rows,0.53,0.9299999999999999,0.21,caller
tests/test_site_server.py,test_el_still_skips_null_children_in_arrays,0.76,0.9299999999999999,0.27,callee
tests/test_waist_response_shapes.py,test_a_fenced_block_with_a_json_language_tag,0.77,0.9299999999999999,0.22,sibling
harness/chat.py,extract_content_and_cost,0.7,0.92,0.2,sibling
harness/server.py,_settings_view,0.78,0.92,0.2,caller
scripts/validate_handoff_scope.py,_relative_key,0.73,0.9199999999999999,0.16,caller
driver_core/policy.py,to_dict,0.69,0.9199999999999999,0.21,sibling
tests/test_local_fit_extract.py,row,0.62,0.9199999999999999,0.19999999999999998,caller
harness/cli.py,_p,0.73,0.91,0.2,caller
harness/cli_report.py,_print_capabilities_table,0.73,0.91,0.14,caller
harness/waist.py,stage_selection_from_settings,0.66,0.91,0.18000000000000002,caller
tests/test_jev_repo_envelope.py,_opts,0.67,0.91,0.17,caller
harness/worktree.py,create,0.8,0.91,0.15000000000000002,callee
harness/repo_scope.py,_rebase_path,0.74,0.9099999999999999,0.16,caller
harness/providers.py,get,0.79,0.9099999999999999,0.19999999999999998,sibling
tests/test_architecture.py,_reexported_names,0.69,0.9099999999999999,0.17,callee
driver_core/policy.py,passed,0.58,0.9,0.23,sibling
harness/local_fit/config.py,_env_model_dir,0.75,0.9,0.17,sibling
tests/test_claims.py,_run,0.71,0.9,0.18000000000000002,callee
tests/test_dag.py,test_disconnected_parallel_batch,0.59,0.9,0.24,callee
harness/jev_packs.py,phase_status_claims_complete,0.75,0.8999999999999999,0.16,caller
harness/local_fit/extract.py,_claims_count,0.71,0.8999999999999999,0.15,sibling
harness/escalation.py,escalation_evidence,0.72,0.89,0.17,callee
harness/provision.py,_default_facts,0.77,0.89,0.15000000000000002,callee
harness/route_pack.py,_num,0.7,0.89,0.17,caller
harness/trust.py,_model_denials,0.76,0.89,0.18000000000000002,caller
driver_core/extractors.py,_capture_state,0.75,0.89,0.18000000000000002,caller
harness/repo_items.py,_one_line,0.68,0.89,0.18000000000000002,callee
driver_core/transport.py,noul,0.74,0.8899999999999999,0.19999999999999998,caller
harness/config.py,resolve_jev_key,0.72,0.8800000000000001,0.16,callee
tests/test_jev_log_pack.py,sample_log_pack,0.75,0.88,0.21,sibling
harness/ledger.py,defer_stats,0.73,0.88,0.14,caller
harness/local_fit/features.py,hash_model_id,0.7,0.88,0.15000000000000002,caller
tests/test_architecture.py,_dunder_all_names,0.7,0.88,0.15000000000000002,caller
tests/test_http.py,test_clean_success_untouched,0.72,0.88,0.19999999999999998,sibling
tests/test_perception_client.py,_ok_envelope,0.67,0.88,0.17,caller
tests/test_provision.py,good_mkdir,0.69,0.88,0.16,callee
driver_core/transport.py,usage,0.67,0.87,0.19,caller
harness/convergence.py,extract_claim_verdicts,0.77,0.87,0.19,callee
harness/render.py,_render_ledger_tail,0.75,0.87,0.13,caller
tests/_fake.py,comp,0.75,0.87,0.21,sibling
tests/test_site_server.py,_run_app,0.68,0.87,0.17,caller
harness/local_fit/dispatch.py,_warn,0.68,0.8600000000000001,0.15000000000000002,caller
harness/chat.py,_merge_retry_cost,0.74,0.86,0.14,sibling
harness/dynamic_allocation.py,compute_dynamic_confidence_threshold,0.71,0.86,0.16,caller
harness/local_fit/extract.py,_is_iterative_run,0.62,0.86,0.16,caller
tests/test_driver_core/test_audit_compat.py,_capture,0.69,0.86,0.19999999999999998,caller
harness/consent.py,check_consent_staleness,0.7,0.86,0.16,sibling
harness/jev_completion.py,_hard_gates,0.67,0.86,0.16,caller
tests/test_osal.py,test_open_url_delegates_to_webbrowser,0.72,0.8500000000000001,0.22,callee
harness/convergence.py,_polarity_note,0.72,0.8500000000000001,0.15000000000000002,sibling
tests/test_audit_dimensions.py,_make_evidence,0.68,0.8500000000000001,0.14,caller
tests/test_driver_core/test_consent.py,test_a_registered_backend_is_used,0.73,0.8500000000000001,0.21,callee
harness/jev_packs.py,build_context_pack,0.7,0.85,0.13,caller
tests/test_jev_issue_sort.py,test_mcp_tool_schema_declares_issue_sort,0.63,0.85,0.22,none
harness/_http.py,_carry_retry_cost,0.74,0.8400000000000001,0.15000000000000002,caller
.claude/skills/isolated-request/run.py,build_command,0.78,0.8400000000000001,0.14,caller
driver_core/transport.py,_first_line,0.7,0.8400000000000001,0.15,caller
harness/escalation.py,_within_task_budget,0.76,0.8400000000000001,0.15000000000000002,caller
harness/results.py,model_envelope,0.76,0.8400000000000001,0.14,caller
tests/test_hourglass_stage_composition.py,_settings,0.66,0.8400000000000001,0.15000000000000002,caller
harness/jev_packs.py,_choice_probabilities,0.62,0.84,0.16,caller
harness/session.py,run_meta,0.71,0.84,0.16,caller
tests/test_driver_core/test_consent.py,test_a_refused_grant_also_refuses_when_the_caller_gave_no_consent,0.67,0.84,0.22,callee
harness/_http.py,_transient,0.73,0.84,0.16,sibling
harness/router.py,current_escalation_rung,0.77,0.8300000000000001,0.15000000000000002,caller
harness/trust.py,_calibration_for,0.71,0.8300000000000001,0.14,caller
harness/worktree.py,available,0.71,0.8300000000000001,0.14,callee
harness/discount_probe.py,_matches,0.73,0.8300000000000001,0.14,caller
harness/jev_policy.py,_repo_judgment,0.74,0.8300000000000001,0.15000000000000002,caller
harness/media_client.py,_envelope,0.76,0.8300000000000001,0.14,caller
harness/results.py,_round_entry,0.7,0.8300000000000001,0.14,sibling
harness/server.py,_opt_bool,0.75,0.8300000000000001,0.14,caller
harness/dynamic_allocation.py,compute_dynamic_evidence_budget,0.73,0.83,0.13,caller
tests/test_driver_core/test_wiring.py,test_a_quoted_path_ending_in_a_separator_keeps_it,0.7,0.83,0.22,callee
harness/provision.py,_parse_nvidia,0.77,0.83,0.17,caller
harness/discount_gate.py,_read_verdict,0.71,0.8200000000000001,0.14,sibling
harness/local_fit/schema.py,is_unusable,0.64,0.8200000000000001,0.13,sibling
harness/repo_cards.py,_ci_rows,0.54,0.8200000000000001,0.14,none
harness/local_fit/schema.py,one_hot,0.72,0.8200000000000001,0.14,caller
tests/test_hg_extra_coverage.py,test_parser_allow_heuristic_preview_flag_defaults_off,0.7,0.8200000000000001,0.2,callee
harness/ledger.py,_segment_bounds,0.72,0.82,0.11,callee
harness/server.py,_list_missions,0.72,0.82,0.12,caller
tests/test_jev_log_judgment.py,sample_log_pack,0.63,0.82,0.21,caller
harness/condenser.py,_heuristic_signatures,0.76,0.81,0.12,caller
tests/test_http.py,_ok,0.6,0.81,0.15000000000000002,sibling
harness/provision.py,_system_manager,0.74,0.81,0.1,sibling
harness/worktree.py,_declared_relpaths,0.73,0.81,0.13,caller
tests/test_hourglass_stage_composition.py,_write,0.75,0.81,0.15000000000000002,caller
harness/capability.py,_probe_is_free,0.72,0.8,0.15000000000000002,callee
harness/history.py,load_chat_history,0.76,0.8,0.08,sibling
tests/test_min_confidence_gating.py,test_apply_request_carries_threshold,0.76,0.8,0.17,callee
tests/test_site_export.py,tearDown,0.66,0.8,0.14,sibling
driver_core/wiring.py,_declared_reader,0.74,0.8,0.13,sibling
harness/router.py,model_health,0.72,0.8,0.14,sibling
harness/local_fit/extract.py,_parseable_for_seat,0.66,0.7999999999999999,0.11,callee
harness/local_fit/extract.py,parse_json_value,0.71,0.79,0.13,caller
harness/jev.py,_looks_like_diff,0.67,0.79,0.12,caller
harness/jev.py,_estimate_tokens,0.72,0.78,0.11,sibling
harness/jev_packs.py,_decision_noul,0.72,0.78,0.13,caller
harness/jev_policy.py,_book_overrun,0.72,0.78,0.11,caller
harness/server.py,_site_demo_snapshot,0.7,0.78,0.12,caller
harness/local_fit/extract.py,_strip_json_markdown_fence,0.73,0.78,0.12,sibling
tests/test_chat.py,_resp,0.71,0.78,0.15,caller
tests/test_jev_log_envelope.py,test_mcp_tool_schema_declares_log_judgment,0.56,0.78,0.2,sibling
tests/test_oc_handoff_worker.py,is_passing,0.61,0.78,0.16999999999999998,sibling
harness/trust.py,_int,0.72,0.7799999999999999,0.09999999999999999,caller
harness/_http.py,_retry_delay,0.72,0.77,0.12,sibling
harness/site_export.py,build_bench_rows,0.72,0.77,0.15000000000000002,caller
harness/cli_report.py,_print_cost_table,0.71,0.77,0.08,caller
harness/log_items.py,mechanical_tallies,0.69,0.77,0.08,caller
harness/provision.py,_tail,0.65,0.77,0.12,caller
harness/site_export.py,build_capabilities,0.67,0.77,0.13,caller
harness/waist.py,_conflicts,0.67,0.77,0.13,caller
tests/test_agent.py,_refused_plan,0.64,0.77,0.14,caller
examples/too_hard/crypto_verify.py,verify,0.75,0.76,0.18,callee
harness/_http.py,_retry_cost_of,0.67,0.76,0.13,sibling
harness/jev_policy.py,_repo_element_text,0.73,0.76,0.1,caller
harness/ledger_analytics.py,_all_entries,0.7,0.76,0.11,callee
harness/repo_cards.py,_contributing_row,0.49,0.76,0.14,none
driver_core/consensus.py,__repr__,0.48,0.76,0.12,sibling
harness/local_fit/features.py,safe_div,0.7,0.76,0.11,caller
harness/pyramid_state.py,pending_node_details,0.68,0.76,0.1,callee
harness/jev.py,_digest,0.69,0.75,0.11,callee
harness/jev_policy.py,_scope_text,0.68,0.75,0.1,caller
harness/local_fit/extract.py,_convergence_expected,0.64,0.75,0.12,caller
driver_core/jev_client.py,__repr__,0.58,0.75,0.12,sibling
harness/chat.py,looks_truncated,0.69,0.74,0.12,caller
harness/escalation.py,confidence_to_start_rung,0.64,0.74,0.12,caller
harness/jev_completion.py,_read_bounded,0.68,0.74,0.09,sibling
harness/trust.py,_clean_successes,0.63,0.74,0.11,caller
harness/local_fit/extract.py,guess_seat_role,0.56,0.74,0.19,sibling
harness/mission_record.py,budget_path,0.7,0.74,0.15000000000000002,sibling
harness/render.py,_emit,0.64,0.74,0.13,callee
harness/ledger_analytics.py,jev_calibration_report,0.55,0.73,0.09,caller
harness/orchestrator.py,_result_probability,0.67,0.73,0.1,caller
harness/osal.py,_kill_tree,0.65,0.73,0.1,caller
tests/test_web.py,_resp,0.65,0.73,0.12,sibling
bench/tasks/balanced/balanced.py,is_balanced,0.48,0.73,0.18000000000000002,none
harness/mission_record.py,_parse_scalar,0.71,0.73,0.13,caller
tests/test_driver_core/test_consent.py,_path,0.71,0.73,0.15,callee
harness/waist.py,node_apply_kwargs,0.62,0.72,0.12,caller
tests/test_driver_core/test_vision.py,_ok_response,0.63,0.72,0.12,caller
harness/local_fit/features.py,prompt_chars_estimate,0.68,0.72,0.09,caller
harness/router.py,escalation,0.74,0.72,0.09,caller
harness/site_aggregate.py,_downweight_by_cap,0.62,0.72,0.09,caller
harness/repo_items.py,mechanical_tallies,0.69,0.7100000000000001,0.08,caller
harness/local_fit/extract.py,all_run_files,0.62,0.7100000000000001,0.07,caller
harness/jev_completion.py,_safe_repo_file,0.65,0.71,0.07,caller
harness/local_fit/extract.py,_has_claims,0.67,0.71,0.12,caller
harness/token_budget.py,_chain,0.66,0.71,0.11,caller
tests/dogfood_matrix_suite.py,strict_score,0.68,0.71,0.12,caller
harness/_http.py,post_once,0.65,0.71,0.09,sibling
harness/site_aggregate.py,_cost,0.61,0.7000000000000001,0.07,caller
harness/brief.py,render_brief,0.63,0.7000000000000001,0.08,caller
driver_core/extractors.py,_json_from_text,0.7,0.7,0.1,callee
driver_core/driver.py,__repr__,0.46,0.7,0.09999999999999999,sibling
harness/condenser.py,ledger_fields,0.69,0.7,0.09,sibling
harness/jev_packs.py,hul_scope_question_pack,0.69,0.7,0.11,caller
harness/sliding_scale.py,model_family,0.67,0.7,0.09999999999999999,caller
tests/test_repo_items.py,test_empty_file_summary_is_labeled_not_blank,0.62,0.7,0.16,callee
harness/chat.py,_reported_cost,0.67,0.6900000000000001,0.08,sibling
harness/jev_policy.py,_scope_score,0.67,0.6900000000000001,0.08,caller
harness/jev_policy.py,_issue_sort_text,0.62,0.6900000000000001,0.07,caller
harness/repo_items.py,_test_counterpart,0.61,0.6900000000000001,0.08,caller
tests/test_planning_surface.py,_temporary_git_cwd,0.63,0.69,0.09999999999999999,caller
harness/provision.py,_clean_stale_private_dirs,0.67,0.68,0.07,caller
harness/repo_items.py,_strip_frontmatter,0.65,0.68,0.06,caller
harness/server.py,_drain_body,0.72,0.68,0.07,caller
driver_core/extractors.py,__repr__,0.54,0.68,0.11,sibling
driver_core/osal.py,to_dict,0.65,0.68,0.11,sibling
harness/benchmark_ingest.py,benchmarks_by_model,0.68,0.67,0.06,caller
harness/convergence.py,_parse_consensus,0.65,0.67,0.07,callee
harness/osal.py,run_bounded,0.52,0.67,0.06,sibling
harness/repo_scope.py,rebase_gate,0.61,0.67,0.07,caller
driver_core/config.py,_env_bool,0.72,0.67,0.07,sibling
harness/cli_parser.py,_add_output_flags,0.78,0.67,0.06,caller
harness/rankings.py,_slug_matches_model,0.61,0.67,0.08,caller
harness/tokens.py,estimate_prompt_tokens,0.66,0.67,0.08,caller
.claude/skills/isolated-request/run.py,parse_result,0.69,0.6699999999999999,0.09,caller
scripts/validate_handoff_scope.py,_inside,0.69,0.6699999999999999,0.09,callee
harness/jev_packs.py,phase_status_names_core_verdict,0.59,0.66,0.08,caller
harness/jev_policy.py,_completion_state_text,0.62,0.66,0.05,caller
harness/route_pack.py,cost_class_from_prices,0.58,0.66,0.07,caller
driver_core/executor_registry.py,__contains__,0.68,0.66,0.16,none
harness/waist.py,stage_budget,0.64,0.66,0.08,caller
harness/jev_completion.py,_row_id_cell,0.69,0.65,0.08,caller
harness/repo_summary.py,load_judgment_rows,0.67,0.65,0.06,sibling
harness/router.py,note_model_result,0.63,0.65,0.06,sibling
harness/config.py,_read_key_file,0.72,0.65,0.06,caller
harness/mcp.py,_progress_message,0.65,0.65,0.07,caller
harness/agent.py,_live_jev_available,0.76,0.65,0.11,caller
tests/test_site_export.py,_populate_task_ledger,0.69,0.6499999999999999,0.09,caller
driver_core/osal.py,_discard,0.6,0.64,0.06,caller
harness/jev_packs.py,_decision_lead,0.65,0.64,0.07,caller
harness/local_fit/train.py,_clamp_export_temperature,0.63,0.64,0.06,caller
harness/orchestrator.py,build_state_summary,0.66,0.64,0.05,caller
harness/mission_driver.py,artifact_names,0.7,0.64,0.06,caller
harness/server.py,_authorized,0.64,0.64,0.09,caller
harness/sliding_scale.py,should_abstain,0.69,0.64,0.09999999999999999,caller
harness/jev_packs.py,phase_status_says_pr_open,0.61,0.63,0.06,caller
harness/local_fit/schema.py,is_usable_stop,0.61,0.63,0.05,caller
harness/results.py,_content_diff,0.65,0.63,0.06,caller
driver_core/adapters.py,_envelope,0.73,0.63,0.11,callee
harness/repo_cards.py,_toml_sections,0.73,0.63,0.07,caller
tests/test_plat_ci_matrix.py,_ls_files_eol,0.6,0.63,0.06,caller
harness/jev_packs.py,scope_in_scope_holds,0.66,0.62,0.06,caller
harness/local_fit/extract.py,_max_tokens_for_run,0.63,0.62,0.06,caller
harness/ui.py,_read_token_file,0.56,0.62,0.05,caller
harness/web.py,_clean_text,0.7,0.62,0.07,caller
tests/test_hardening.py,_symlink_or_skip,0.57,0.61,0.09,caller
harness/waist.py,_line_ranges,0.63,0.61,0.07,caller
harness/local_fit/extract.py,_parseable_specialist_claims,0.63,0.6000000000000001,0.07,sibling
driver_core/osal.py,platform_name,0.6,0.6,0.09999999999999999,sibling
harness/provision.py,_first_line,0.6,0.6,0.08,caller
harness/site_aggregate.py,_is_gated_pass,0.6,0.6,0.08,caller
harness/trust.py,_int,0.65,0.59,0.05,caller
driver_core/extractors.py,refuses_class,0.57,0.5800000000000001,0.06,caller
harness/jev_packs.py,phase_status_mentions_merge,0.54,0.5700000000000001,0.07,caller
harness/repo_items.py,_clip,0.55,0.56,0.06,caller
harness/ledger_analytics.py,_as_tokens,0.64,0.5599999999999999,0.04,caller
harness/repo_cards.py,write_card,0.59,0.5599999999999999,0.04,caller
harness/provision.py,_is_lookalike,0.73,0.5599999999999999,0.06999999999999999,caller
harness/osal.py,open_url,0.56,0.55,0.05,caller
harness/history.py,list_chat_sessions,0.65,0.54,0.04,sibling
harness/mcp.py,_valid_rpc_id,0.62,0.54,0.06,sibling
harness/jev_policy.py,_log_item_text,0.59,0.54,0.03,caller
harness/local_fit/config.py,_env_enabled,0.61,0.54,0.04,caller
harness/waist.py,_split_text,0.55,0.54,0.06,caller
driver_core/parsing.py,_last_reply,0.55,0.53,0.03,caller
driver_core/observation.py,__repr__,0.5,0.53,0.06,sibling
harness/jev.py,_valid_hunks,0.64,0.53,0.06,caller
harness/mcp.py,_valid_progress_token,0.64,0.53,0.04,sibling
harness/local_fit/dispatch.py,_env_float,0.59,0.52,0.03,sibling
harness/orchestrator.py,_extract_json_blob,0.69,0.52,0.05,caller
harness/web.py,_resolve_result_href,0.59,0.52,0.03,caller
harness/jev_packs.py,validate_candidates,0.63,0.51,0.04,caller
harness/cli.py,_split_opt_list,0.68,0.51,0.03,caller
harness/local_fit/schema.py,is_truncated,0.53,0.5,0.04,caller
harness/osal.py,keyfile_mode,0.55,0.5,0.04,caller
harness/validation.py,optional_float,0.54,0.49,0.02,sibling
harness/waist.py,_brief_path,0.62,0.49,0.04,caller
driver_core/adapters.py,_path_like,0.57,0.48,0.03,caller
harness/jev.py,_strict_digest,0.59,0.47,0.03,caller
harness/waist.py,_target_text,0.66,0.47,0.03,caller
harness/chat.py,_extract_json,0.62,0.46,0.03,caller
harness/render.py,_should_pretty,0.53,0.46,0.03,caller
harness/osal.py,detect_newline,0.49,0.44,0.02,caller
harness/local_fit/dispatch.py,_env_bool,0.58,0.44,0.02,sibling
driver_core/parsing.py,_tool_payload,0.53,0.43,0.02,caller
harness/repo_cards.py,_read,0.59,0.41,0.02,callee
harness/ui.py,_write_token_file,0.46,0.39999999999999997,0.02,sibling
harness/waist.py,_balanced_object_spans,0.51,0.38999999999999996,0.02,caller
harness/jev_policy.py,_is_power_of_two,0.54,0.36000000000000004,0.04,caller
